idx,ig_peak,attn_peak,has_motif,prob,motif_start,motif_end,ig_hit,attn_hit,ig_dist,attn_dist
0,23,41,False,0.5837478041648865,,,,,,
1,76,94,False,0.6332197785377502,,,,,,
5,45,72,False,0.7725668549537659,,,,,,
17,76,76,False,0.5593447089195251,,,,,,
28,15,78,False,0.6725053191184998,,,,,,
33,41,41,False,0.7521997094154358,,,,,,
34,42,43,True,0.9482659101486206,41.0,49.0,True,True,2.5,1.5
39,29,31,True,0.9686956405639648,29.0,37.0,True,True,3.5,1.5
49,49,51,False,0.6089698076248169,,,,,,
53,64,61,True,0.8301388025283813,58.0,66.0,True,True,2.5,0.5
66,18,47,False,0.624804675579071,,,,,,
69,35,37,True,0.8275548815727234,35.0,43.0,True,True,3.5,1.5
71,5,22,False,0.5514554381370544,,,,,,
72,46,92,False,0.6773426532745361,,,,,,
74,59,9,False,0.6216145753860474,,,,,,
82,10,58,False,0.5463297367095947,,,,,,
84,81,77,False,0.6496094465255737,,,,,,
89,30,31,True,0.8812370896339417,29.0,37.0,True,True,2.5,1.5
96,3,4,False,0.8691824674606323,,,,,,
98,17,50,False,0.8859341144561768,,,,,,
100,67,68,False,0.6477959752082825,,,,,,
103,33,34,False,0.6240535378456116,,,,,,
110,60,62,False,0.7041492462158203,,,,,,
116,12,13,False,0.5257528424263,,,,,,
118,3,55,False,0.6138201951980591,,,,,,
119,16,12,True,0.882478654384613,10.0,18.0,True,True,2.5,1.5
120,47,48,False,0.7263831496238708,,,,,,
129,21,23,False,0.8359198570251465,,,,,,
131,9,11,False,0.5618664622306824,,,,,,
136,50,56,False,0.7834874987602234,,,,,,
142,43,55,True,0.8749004006385803,41.0,49.0,True,True,1.5,10.5
144,25,23,False,0.5439667701721191,,,,,,
145,68,69,True,0.8956596851348877,67.0,75.0,True,True,2.5,1.5
148,42,44,False,0.5095773935317993,,,,,,
160,35,36,False,0.7302202582359314,,,,,,
163,33,34,False,0.6774985790252686,,,,,,
164,25,24,False,0.6349861025810242,,,,,,
165,44,42,False,0.766798734664917,,,,,,
167,50,51,False,0.8842344880104065,,,,,,
171,7,100,False,0.8673164248466492,,,,,,
175,24,25,True,0.9548832178115845,22.0,30.0,True,True,1.5,0.5
180,73,69,False,0.5152589082717896,,,,,,
182,64,64,False,0.5314809679985046,,,,,,
183,37,37,True,0.8097934126853943,35.0,43.0,True,True,1.5,1.5
184,55,56,True,0.8315235376358032,54.0,62.0,True,True,2.5,1.5
188,51,53,False,0.7671201229095459,,,,,,
190,62,63,True,0.8348459601402283,61.0,69.0,True,True,2.5,1.5
197,73,74,False,0.6654698252677917,,,,,,
200,25,76,False,0.7209354043006897,,,,,,
202,29,30,False,0.6164147257804871,,,,,,
209,22,22,False,0.8086088299751282,,,,,,
211,68,68,False,0.6489462852478027,,,,,,
215,38,9,False,0.5312491655349731,,,,,,
223,39,40,False,0.7748326659202576,,,,,,
238,67,68,True,0.9135696887969971,66.0,74.0,True,True,2.5,1.5
240,57,57,False,0.5004862546920776,,,,,,
241,75,71,False,0.6134649515151978,,,,,,
242,44,49,False,0.6333075165748596,,,,,,
247,10,15,False,0.6653138399124146,,,,,,
250,50,51,False,0.7711703777313232,,,,,,
254,22,24,True,0.8857118487358093,22.0,30.0,True,True,3.5,1.5
257,34,35,True,0.9050439596176147,33.0,41.0,True,True,2.5,1.5
258,50,51,False,0.6582552790641785,,,,,,
260,65,71,False,0.5458273887634277,,,,,,
271,19,20,True,0.7676233053207397,18.0,26.0,True,True,2.5,1.5
275,1,83,False,0.5002143383026123,,,,,,
276,16,93,False,0.5661967396736145,,,,,,
278,49,27,False,0.8049591183662415,,,,,,
279,2,27,False,0.5729637742042542,,,,,,
283,4,9,False,0.5291110277175903,,,,,,
287,7,6,False,0.5803623795509338,,,,,,
288,34,36,False,0.6354736685752869,,,,,,
290,54,2,False,0.5219370722770691,,,,,,
291,18,15,False,0.7864543795585632,,,,,,
293,16,16,False,0.7190276980400085,,,,,,
296,59,84,False,0.6703957915306091,,,,,,
300,12,8,False,0.5280959010124207,,,,,,
301,40,37,False,0.5992132425308228,,,,,,
302,36,25,False,0.5002931356430054,,,,,,
308,18,18,False,0.757350504398346,,,,,,
311,48,49,True,0.8746116161346436,47.0,55.0,True,True,2.5,1.5
323,0,2,False,0.7989397048950195,,,,,,
324,51,50,False,0.5332865715026855,,,,,,
325,4,41,False,0.5189895033836365,,,,,,
327,41,43,False,0.5490037798881531,,,,,,
331,4,95,False,0.7961747050285339,,,,,,
349,10,12,True,0.8602132797241211,10.0,18.0,True,True,3.5,1.5
350,81,77,False,0.5088990330696106,,,,,,
353,34,34,False,0.8290614485740662,,,,,,
359,59,59,False,0.6469907760620117,,,,,,
360,24,24,False,0.5202013850212097,,,,,,
365,31,72,False,0.5284640789031982,,,,,,
368,80,79,False,0.6631875038146973,,,,,,
369,23,24,False,0.6763490438461304,,,,,,
375,15,15,False,0.7063397169113159,,,,,,
379,73,69,True,0.8652748465538025,67.0,75.0,True,True,2.5,1.5
382,2,2,True,0.7227544784545898,0.0,8.0,True,True,1.5,1.5
388,31,7,False,0.530968427658081,,,,,,
389,45,52,False,0.691240131855011,,,,,,
393,6,27,False,0.6082674860954285,,,,,,
394,26,22,True,0.9558400511741638,20.0,28.0,True,True,2.5,1.5
397,12,13,False,0.9021834135055542,,,,,,
402,24,26,True,0.9022773504257202,24.0,32.0,True,True,3.5,1.5
403,12,14,True,0.9218230247497559,12.0,20.0,True,True,3.5,1.5
405,66,63,False,0.705619215965271,,,,,,
412,59,96,False,0.7210915088653564,,,,,,
416,5,3,False,0.8001022338867188,,,,,,
417,60,60,False,0.8289555907249451,,,,,,
418,76,76,False,0.5664737224578857,,,,,,
419,40,40,False,0.8264691233634949,,,,,,
420,76,81,False,0.5100811123847961,,,,,,
422,1,49,False,0.6244173049926758,,,,,,
425,15,12,False,0.7280994057655334,,,,,,
426,73,72,False,0.6171485781669617,,,,,,
428,61,61,False,0.6231224536895752,,,,,,
432,69,69,False,0.5558971166610718,,,,,,
441,84,80,False,0.6312196254730225,,,,,,
442,44,45,False,0.8741394877433777,,,,,,
443,90,86,False,0.6641472578048706,,,,,,
444,25,26,False,0.7285625338554382,,,,,,
445,41,43,True,0.9677613973617554,41.0,49.0,True,True,3.5,1.5
447,18,18,False,0.593106210231781,,,,,,
449,62,57,True,0.9663041234016418,55.0,63.0,True,True,3.5,1.5
457,14,100,False,0.8423315286636353,,,,,,
459,14,17,False,0.5551571846008301,,,,,,
461,56,55,False,0.5429263114929199,,,,,,
465,26,69,False,0.6117077469825745,,,,,,
466,31,31,False,0.8531726598739624,,,,,,
468,42,39,False,0.6090328693389893,,,,,,
472,37,73,False,0.6631861925125122,,,,,,
474,12,72,False,0.588384211063385,,,,,,
477,44,15,False,0.5579589009284973,,,,,,
480,8,10,True,0.9086927175521851,8.0,16.0,True,True,3.5,1.5
481,34,34,False,0.552688479423523,,,,,,
483,9,61,False,0.7255479097366333,,,,,,
487,31,32,False,0.5211924314498901,,,,,,
490,28,73,False,0.7541517615318298,,,,,,
491,51,53,False,0.7383722066879272,,,,,,
494,41,42,False,0.904313862323761,,,,,,
495,51,17,True,0.9437822103500366,46.0,54.0,True,False,1.5,32.5
498,29,29,False,0.7696813344955444,,,,,,
501,45,46,False,0.8562260866165161,,,,,,
503,24,100,False,0.5022748112678528,,,,,,
505,53,12,False,0.5616115927696228,,,,,,
506,4,67,False,0.5033795833587646,,,,,,
508,70,71,False,0.8349467515945435,,,,,,
510,4,20,False,0.6025757789611816,,,,,,
515,9,9,True,0.8601199388504028,7.0,15.0,True,True,1.5,1.5
520,23,23,False,0.5739921927452087,,,,,,
522,27,28,True,0.9190497994422913,26.0,34.0,True,True,2.5,1.5
525,68,71,True,0.8989307880401611,68.0,76.0,True,True,3.5,0.5
534,14,15,False,0.5206464529037476,,,,,,
535,42,39,False,0.6705775260925293,,,,,,
537,46,46,False,0.790189266204834,,,,,,
538,40,42,False,0.7698442339897156,,,,,,
540,33,28,False,0.6057260632514954,,,,,,
541,5,88,False,0.5273787975311279,,,,,,
544,27,30,False,0.5219582319259644,,,,,,
546,32,31,True,0.9424288272857666,27.0,35.0,True,True,1.5,0.5
548,34,74,False,0.7456231117248535,,,,,,
549,56,56,False,0.6147561073303223,,,,,,
553,15,5,False,0.5877487063407898,,,,,,
555,43,44,True,0.9802078604698181,42.0,50.0,True,True,2.5,1.5
561,7,7,True,0.8503190875053406,5.0,13.0,True,True,1.5,1.5
564,87,85,False,0.500597357749939,,,,,,
568,25,26,True,0.8921051025390625,1.0,9.0,False,False,20.5,21.5
571,38,78,False,0.6172311902046204,,,,,,
572,31,1,False,0.56639564037323,,,,,,
573,10,100,False,0.5544283390045166,,,,,,
576,13,57,False,0.7472355365753174,,,,,,
577,56,57,False,0.772121250629425,,,,,,
578,34,27,False,0.6335117816925049,,,,,,
579,75,77,False,0.8488448858261108,,,,,,
582,11,12,False,0.7528797388076782,,,,,,
588,34,34,False,0.5004400610923767,,,,,,
590,53,51,False,0.7652871012687683,,,,,,
595,69,71,False,0.6507318615913391,,,,,,
596,39,39,True,0.9576363563537598,37.0,45.0,True,True,1.5,1.5
598,13,82,False,0.586685061454773,,,,,,
606,27,24,True,0.9013668894767761,21.0,29.0,True,True,2.5,0.5
609,7,28,False,0.558440089225769,,,,,,
612,42,43,False,0.7446203231811523,,,,,,
614,57,40,False,0.5239160060882568,,,,,,
616,59,55,False,0.7525222897529602,,,,,,
620,15,34,False,0.6852511167526245,,,,,,
621,57,58,False,0.6538511514663696,,,,,,
625,15,76,False,0.5086292028427124,,,,,,
627,29,78,False,0.5457967519760132,,,,,,
628,35,33,False,0.5501899719238281,,,,,,
629,29,29,True,0.9366568326950073,27.0,35.0,True,True,1.5,1.5
636,34,34,False,0.671586811542511,,,,,,
637,82,84,True,0.8797290325164795,82.0,90.0,True,True,3.5,1.5
638,62,72,False,0.6009387373924255,,,,,,
643,52,13,False,0.5029243230819702,,,,,,
644,21,22,False,0.8230199813842773,,,,,,
647,42,44,True,0.8635090589523315,41.0,49.0,True,True,2.5,0.5
650,38,12,False,0.6038283705711365,,,,,,
656,50,51,False,0.8442423939704895,,,,,,
658,61,67,False,0.8590800166130066,,,,,,
659,2,32,False,0.6664515137672424,,,,,,
661,6,100,False,0.5972003936767578,,,,,,
666,15,16,True,0.9482204914093018,14.0,22.0,True,True,2.5,1.5
669,99,4,False,0.7704079151153564,,,,,,
670,13,3,False,0.6423267126083374,,,,,,
671,42,42,False,0.5897033214569092,,,,,,
679,14,96,False,0.5522144436836243,,,,,,
681,39,35,False,0.643703043460846,,,,,,
685,58,60,True,0.8523035645484924,58.0,66.0,True,True,3.5,1.5
691,27,9,False,0.5551797151565552,,,,,,
692,33,34,False,0.7810208797454834,,,,,,
694,86,86,False,0.6981944441795349,,,,,,
702,52,79,False,0.7693491578102112,,,,,,
706,44,45,False,0.741445779800415,,,,,,
707,2,3,False,0.7930417060852051,,,,,,
709,53,53,False,0.6378504037857056,,,,,,
710,39,39,False,0.9198448657989502,,,,,,
714,32,70,False,0.8090764880180359,,,,,,
716,38,33,False,0.7826782464981079,,,,,,
720,12,12,False,0.6283729076385498,,,,,,
724,31,33,False,0.6919162273406982,,,,,,
728,38,38,False,0.7709360718727112,,,,,,
729,26,83,False,0.8152143955230713,,,,,,
732,47,48,False,0.7628815770149231,,,,,,
733,54,6,False,0.5120338797569275,,,,,,
738,43,5,False,0.6426296234130859,,,,,,
739,30,29,False,0.7790956497192383,,,,,,
740,42,45,False,0.6514076590538025,,,,,,
741,44,45,False,0.8129452466964722,,,,,,
747,13,15,False,0.6622459888458252,,,,,,
750,86,56,False,0.8895156979560852,,,,,,
753,35,35,False,0.657435417175293,,,,,,
757,12,12,False,0.9105505347251892,,,,,,
758,38,39,True,0.9517701268196106,37.0,45.0,True,True,2.5,1.5
759,6,7,False,0.8912251591682434,,,,,,
764,15,67,False,0.7941450476646423,,,,,,
765,11,12,False,0.7681810855865479,,,,,,
776,52,53,False,0.5992591977119446,,,,,,
778,9,9,True,0.7991535067558289,7.0,15.0,True,True,1.5,1.5
784,13,15,False,0.5126792788505554,,,,,,
786,9,70,False,0.7295852899551392,,,,,,
787,19,21,True,0.9183363914489746,19.0,27.0,True,True,3.5,1.5
799,19,18,False,0.5927718281745911,,,,,,
808,1,2,False,0.5555678009986877,,,,,,
809,32,30,True,0.7621819972991943,28.0,36.0,True,True,0.5,1.5
810,11,11,False,0.8027886152267456,,,,,,
812,77,77,False,0.8095808625221252,,,,,,
821,82,83,False,0.7492685317993164,,,,,,
827,65,93,False,0.5120652318000793,,,,,,
828,59,59,False,0.8550829887390137,,,,,,
834,41,76,False,0.612230122089386,,,,,,
836,35,36,False,0.9280610084533691,,,,,,
842,86,86,False,0.891501247882843,,,,,,
847,19,19,False,0.5469663739204407,,,,,,
850,37,64,False,0.8934956192970276,,,,,,
851,55,57,False,0.7064293026924133,,,,,,
853,55,56,False,0.5965588092803955,,,,,,
856,30,57,False,0.5860157608985901,,,,,,
858,23,24,False,0.7884325981140137,,,,,,
864,54,53,False,0.648198127746582,,,,,,
873,70,71,False,0.7392771244049072,,,,,,
877,40,42,False,0.6643432974815369,,,,,,
883,83,83,True,0.9026967287063599,81.0,89.0,True,True,1.5,1.5
884,48,49,False,0.8090459108352661,,,,,,
885,40,72,False,0.780083954334259,,,,,,
894,36,35,False,0.6196779608726501,,,,,,
902,52,54,False,0.6188100576400757,,,,,,
907,41,39,False,0.8036596775054932,,,,,,
908,10,8,False,0.6161400675773621,,,,,,
910,38,40,False,0.7757076621055603,,,,,,
911,44,42,False,0.5315109491348267,,,,,,
915,10,8,False,0.7074436545372009,,,,,,
922,30,31,False,0.7436230778694153,,,,,,
924,25,21,False,0.5167365074157715,,,,,,
926,31,3,False,0.5100903511047363,,,,,,
927,2,0,False,0.5245083570480347,,,,,,
929,43,39,True,0.8876519203186035,37.0,45.0,True,True,2.5,1.5
931,40,35,False,0.674809455871582,,,,,,
933,18,19,False,0.8449923396110535,,,,,,
934,40,40,False,0.6741589903831482,,,,,,
940,26,28,False,0.6952823400497437,,,,,,
945,48,45,False,0.6017822623252869,,,,,,
946,59,60,False,0.668849766254425,,,,,,
949,50,10,True,0.9747923612594604,44.0,52.0,True,True,2.5,37.5
957,57,59,False,0.7050570249557495,,,,,,
959,39,68,False,0.7564824223518372,,,,,,
963,44,45,False,0.8442845940589905,,,,,,
964,30,32,False,0.7083646655082703,,,,,,
970,37,51,False,0.5132287740707397,,,,,,
971,55,58,True,0.8959882855415344,55.0,63.0,True,True,3.5,0.5
977,21,31,False,0.7312877774238586,,,,,,
978,66,76,True,0.921175479888916,65.0,73.0,True,False,2.5,7.5
989,44,42,False,0.5398855805397034,,,,,,
991,37,98,False,0.5879129767417908,,,,,,
992,14,85,False,0.5855497717857361,,,,,,
993,21,78,False,0.5847880244255066,,,,,,
994,58,59,False,0.6667163968086243,,,,,,
998,37,32,False,0.6616383194923401,,,,,,
1001,42,91,False,0.5092015862464905,,,,,,
1003,44,45,False,0.9266313314437866,,,,,,
1004,30,31,False,0.691559374332428,,,,,,
1006,42,89,False,0.5681236386299133,,,,,,
1008,16,11,False,0.5999566912651062,,,,,,
1010,29,26,False,0.566865861415863,,,,,,
1012,54,55,True,0.9423062205314636,53.0,61.0,True,True,2.5,1.5
1014,8,11,False,0.6542456150054932,,,,,,
1016,35,33,False,0.8182679414749146,,,,,,
1018,25,25,False,0.6457580327987671,,,,,,
1019,41,95,False,0.6550924181938171,,,,,,
1029,37,86,False,0.6486880779266357,,,,,,
1030,72,69,False,0.7205997705459595,,,,,,
1032,44,31,False,0.5023679733276367,,,,,,
1037,73,74,False,0.7577841281890869,,,,,,
1038,35,73,False,0.6799201965332031,,,,,,
1040,43,42,False,0.5853703618049622,,,,,,
1043,63,64,False,0.8289037346839905,,,,,,
1045,38,39,False,0.7979554533958435,,,,,,
1047,3,33,False,0.7012064456939697,,,,,,
1050,34,32,False,0.647122859954834,,,,,,
1051,61,57,True,0.8839267492294312,55.0,63.0,True,True,2.5,1.5
1052,38,65,False,0.7215219736099243,,,,,,
1056,25,27,False,0.8473659753799438,,,,,,
1057,24,35,False,0.6127378940582275,,,,,,
1064,38,55,False,0.6125709414482117,,,,,,
1066,22,50,False,0.5158772468566895,,,,,,
1072,41,38,False,0.5136950016021729,,,,,,
1075,67,13,False,0.5519488453865051,,,,,,
1077,62,96,False,0.5434244275093079,,,,,,
1079,42,42,False,0.664074718952179,,,,,,
1081,6,7,False,0.6678677201271057,,,,,,
1082,49,55,False,0.8274000883102417,,,,,,
1087,5,7,False,0.5652754902839661,,,,,,
1092,53,19,False,0.5175763964653015,,,,,,
1094,35,79,False,0.7745916843414307,,,,,,
1101,45,10,False,0.692873477935791,,,,,,
1106,49,51,False,0.6630660891532898,,,,,,
1107,37,34,False,0.7959720492362976,,,,,,
1109,7,41,False,0.573760986328125,,,,,,
1116,22,90,False,0.7514733076095581,,,,,,
1118,10,90,False,0.5940089225769043,,,,,,
1120,48,50,False,0.824847936630249,,,,,,
1122,24,25,False,0.8873374462127686,,,,,,
1123,13,14,False,0.5890420079231262,,,,,,
1129,4,3,False,0.5385393500328064,,,,,,
1131,2,2,False,0.7342543601989746,,,,,,
1132,58,60,False,0.5345526933670044,,,,,,
1134,15,65,False,0.5298951268196106,,,,,,
1135,55,87,False,0.6348302960395813,,,,,,
1139,20,95,False,0.6832036375999451,,,,,,
1142,18,68,False,0.7891727685928345,,,,,,
1143,39,35,False,0.7336928248405457,,,,,,
1144,34,35,False,0.8443898558616638,,,,,,
1146,56,57,True,0.8318033814430237,54.0,62.0,True,True,1.5,0.5
1150,16,16,False,0.6768608093261719,,,,,,
1153,61,40,False,0.5286627411842346,,,,,,
1154,45,45,False,0.7420719265937805,,,,,,
1156,19,19,True,0.9741069674491882,17.0,25.0,True,True,1.5,1.5
1157,46,46,False,0.5884159803390503,,,,,,
1170,26,47,False,0.7856866121292114,,,,,,
1173,26,58,False,0.8709532618522644,,,,,,
1174,33,28,False,0.8339169025421143,,,,,,
1184,52,53,False,0.509731650352478,,,,,,
1186,60,61,False,0.7435354590415955,,,,,,
1189,34,31,False,0.7909519672393799,,,,,,
1192,30,32,False,0.6484097838401794,,,,,,
1197,11,81,False,0.5730446577072144,,,,,,
1200,21,25,False,0.5391115546226501,,,,,,
1201,16,98,False,0.5909883379936218,,,,,,
1209,72,70,False,0.5335679054260254,,,,,,
1218,14,19,False,0.599990963935852,,,,,,
1222,43,12,False,0.7109635472297668,,,,,,
1227,62,63,False,0.8680652976036072,,,,,,
1233,31,31,False,0.6649208068847656,,,,,,
1235,52,54,False,0.7628688812255859,,,,,,
1243,12,13,False,0.7829423546791077,,,,,,
1245,2,55,False,0.7936077117919922,,,,,,
1252,97,99,False,0.6598317623138428,,,,,,
1254,25,23,False,0.5105190873146057,,,,,,
1256,29,20,False,0.5742716193199158,,,,,,
1257,41,68,False,0.5986919403076172,,,,,,
1258,21,20,False,0.5205672383308411,,,,,,
1266,48,46,True,0.8193982839584351,44.0,52.0,True,True,0.5,1.5
1267,84,81,False,0.6185636520385742,,,,,,
1268,11,90,False,0.6530767679214478,,,,,,
1275,20,76,False,0.7041507363319397,,,,,,
1282,86,84,False,0.7302953600883484,,,,,,
1287,49,91,False,0.8211688995361328,,,,,,
1288,54,55,False,0.8434728980064392,,,,,,
1290,20,90,False,0.5455234050750732,,,,,,
1295,61,5,False,0.5104829668998718,,,,,,
1299,23,6,False,0.6033442616462708,,,,,,
1307,87,86,False,0.5100535154342651,,,,,,
1310,16,42,False,0.5810026526451111,,,,,,
1314,62,59,True,0.9365507364273071,56.0,64.0,True,True,2.5,0.5
1319,51,18,False,0.5604366064071655,,,,,,
1320,6,99,False,0.516534149646759,,,,,,
1321,24,24,True,0.9346497654914856,22.0,30.0,True,True,1.5,1.5
1323,62,59,False,0.7464051842689514,,,,,,
1331,28,29,False,0.8593615293502808,,,,,,
1333,27,66,False,0.744594395160675,,,,,,
1337,81,82,False,0.6910178661346436,,,,,,
1343,14,87,False,0.508791983127594,,,,,,
1344,65,66,True,0.8895778656005859,64.0,72.0,True,True,2.5,1.5
1356,47,15,False,0.6273366808891296,,,,,,
1357,71,71,False,0.5221449732780457,,,,,,
1358,23,23,False,0.6036832332611084,,,,,,
1362,9,7,False,0.8386667370796204,,,,,,
1364,32,11,False,0.5715556740760803,,,,,,
1371,37,69,False,0.67448490858078,,,,,,
1372,11,11,False,0.819296658039093,,,,,,
1376,86,86,False,0.5300493240356445,,,,,,
1381,30,59,False,0.7708603739738464,,,,,,
1383,37,38,False,0.7156968116760254,,,,,,
1393,42,40,False,0.548178493976593,,,,,,
1403,4,4,False,0.7049739956855774,,,,,,
1404,36,38,False,0.8533754944801331,,,,,,
1405,19,7,False,0.5958686470985413,,,,,,
1407,65,49,True,0.9610468745231628,45.0,53.0,False,True,16.5,0.5
1408,23,53,False,0.550971508026123,,,,,,
1413,7,8,False,0.6788539886474609,,,,,,
1414,20,20,False,0.7820849418640137,,,,,,
1415,79,79,False,0.5693458318710327,,,,,,
1418,29,31,False,0.7351771593093872,,,,,,
1419,20,82,False,0.5844240188598633,,,,,,
1421,29,34,False,0.661128580570221,,,,,,
1422,58,87,False,0.7725469470024109,,,,,,
1427,48,49,False,0.9346442818641663,,,,,,
1430,27,29,True,0.8661512136459351,27.0,35.0,True,True,3.5,1.5
1431,5,5,False,0.5274526476860046,,,,,,
1432,28,31,False,0.6368994116783142,,,,,,
1435,52,78,False,0.6835711598396301,,,,,,
1437,48,50,False,0.7035438418388367,,,,,,
1438,28,84,False,0.6992150545120239,,,,,,
1441,30,3,False,0.5140684247016907,,,,,,
1444,61,61,True,0.920620858669281,59.0,67.0,True,True,1.5,1.5
1448,67,69,False,0.6596434116363525,,,,,,
1449,57,58,True,0.982489824295044,56.0,64.0,True,True,2.5,1.5
1451,10,79,False,0.5275643467903137,,,,,,
1452,54,91,False,0.693778395652771,,,,,,
1453,49,53,False,0.5338093042373657,,,,,,
1455,35,76,False,0.6639794111251831,,,,,,
1459,46,55,False,0.5716125965118408,,,,,,
1461,18,15,False,0.5325883030891418,,,,,,
1464,23,20,False,0.6664294004440308,,,,,,
1467,46,34,False,0.7970932126045227,,,,,,
1469,34,36,False,0.8791771531105042,,,,,,
1477,22,23,False,0.6595277786254883,,,,,,
1479,50,46,True,0.8614730834960938,44.0,52.0,True,True,2.5,1.5
1482,62,63,False,0.8840408325195312,,,,,,
1484,46,11,False,0.5135553479194641,,,,,,
1485,47,49,False,0.6409551501274109,,,,,,
1488,15,72,False,0.7955241203308105,,,,,,
1490,9,24,False,0.5958759188652039,,,,,,
1492,28,28,False,0.8104172348976135,,,,,,
1493,45,38,False,0.7304487824440002,,,,,,
1495,50,73,False,0.6407791972160339,,,,,,
1497,33,95,False,0.8539391160011292,,,,,,
1508,37,57,False,0.6747997403144836,,,,,,
1511,2,36,False,0.6563438773155212,,,,,,
1519,45,62,False,0.7504023909568787,,,,,,
1522,43,72,False,0.7055882811546326,,,,,,
1536,74,75,False,0.5196624994277954,,,,,,
1543,54,56,False,0.5850197672843933,,,,,,
1547,66,67,True,0.9642418622970581,65.0,73.0,True,True,2.5,1.5
1548,39,58,False,0.8243082165718079,,,,,,
1552,59,60,False,0.9410947561264038,,,,,,
1554,21,21,False,0.7877454161643982,,,,,,
1555,15,48,False,0.6198619604110718,,,,,,
1556,71,72,False,0.5640111565589905,,,,,,
1558,8,6,True,0.754591703414917,4.0,12.0,True,True,0.5,1.5
1565,44,45,False,0.6169555187225342,,,,,,
1567,60,56,False,0.5438169240951538,,,,,,
1571,29,0,False,0.5025616884231567,,,,,,
1574,4,5,False,0.8613350987434387,,,,,,
1576,23,24,False,0.6038858890533447,,,,,,
1577,52,54,False,0.8570332527160645,,,,,,
1578,62,8,False,0.6345826983451843,,,,,,
1579,14,15,True,0.7468648552894592,13.0,21.0,True,True,2.5,1.5
1595,49,51,False,0.7207309007644653,,,,,,
1596,40,73,False,0.6075254678726196,,,,,,
1604,22,23,False,0.944068968296051,,,,,,
1606,67,65,False,0.5453389883041382,,,,,,
1607,28,30,False,0.6983016729354858,,,,,,
1611,41,42,False,0.7614930272102356,,,,,,
1612,29,26,False,0.6002489924430847,,,,,,
1614,23,71,False,0.826744794845581,,,,,,
1615,19,20,False,0.8553935885429382,,,,,,
1617,3,64,False,0.6417466402053833,,,,,,
1624,31,31,False,0.7191151976585388,,,,,,
1626,23,22,False,0.600968599319458,,,,,,
1629,38,72,False,0.699275016784668,,,,,,
1630,40,84,False,0.5072140097618103,,,,,,
1635,61,34,False,0.551200807094574,,,,,,
1637,36,77,False,0.7012009620666504,,,,,,
1641,33,40,False,0.5533549189567566,,,,,,
1647,18,17,False,0.6312156319618225,,,,,,
1651,2,27,False,0.5546659827232361,,,,,,
1652,7,71,False,0.8389104008674622,,,,,,
1654,74,75,False,0.7279852032661438,,,,,,
1660,68,81,False,0.5859485268592834,,,,,,
1664,35,35,False,0.7018791437149048,,,,,,
1669,59,60,False,0.7921326756477356,,,,,,
1671,54,72,False,0.7136459350585938,,,,,,
1673,7,8,False,0.8083865642547607,,,,,,
1681,2,3,True,0.8900135159492493,1.0,9.0,True,True,2.5,1.5
1684,31,31,False,0.5765646696090698,,,,,,
1685,48,57,False,0.6311447024345398,,,,,,
1686,38,38,False,0.7478172183036804,,,,,,
1687,46,41,True,0.9459876418113708,39.0,47.0,True,True,3.5,1.5
1691,32,30,True,0.9632857441902161,30.0,38.0,True,True,1.5,3.5
1693,46,46,False,0.5568307638168335,,,,,,
1694,15,7,False,0.5852993130683899,,,,,,
1698,67,68,True,0.9223657250404358,66.0,74.0,True,True,2.5,1.5
1700,15,14,False,0.8457129597663879,,,,,,
1706,16,16,False,0.5512182712554932,,,,,,
1707,15,18,False,0.5178156495094299,,,,,,
1709,27,26,False,0.553363025188446,,,,,,
1715,54,54,False,0.7103132009506226,,,,,,
1717,76,33,False,0.7973821759223938,,,,,,
1718,38,40,False,0.5941214561462402,,,,,,
1719,25,90,False,0.7427312731742859,,,,,,
1720,10,35,False,0.5012040138244629,,,,,,
1721,41,15,False,0.564322829246521,,,,,,
1723,38,40,False,0.8647024035453796,,,,,,
1724,42,42,False,0.6693617701530457,,,,,,
1729,42,44,False,0.7829468250274658,,,,,,
1730,19,71,False,0.5612871646881104,,,,,,
1732,18,67,False,0.5814730525016785,,,,,,
1734,24,24,False,0.6056799292564392,,,,,,
1735,35,88,False,0.5520020127296448,,,,,,
1741,31,78,False,0.6688084006309509,,,,,,
1743,46,48,False,0.8047442436218262,,,,,,
1745,19,22,False,0.779750645160675,,,,,,
1752,56,56,False,0.7756487131118774,,,,,,
1754,64,30,False,0.5229223966598511,,,,,,
1756,87,88,False,0.9588592648506165,,,,,,
1757,66,61,True,0.9461153745651245,59.0,67.0,True,True,3.5,1.5
1759,72,82,False,0.5308527946472168,,,,,,
1762,33,34,False,0.7263702750205994,,,,,,
1764,23,24,False,0.5846415758132935,,,,,,
1768,97,93,False,0.6108272075653076,,,,,,
1769,53,55,False,0.8718069195747375,,,,,,
1772,43,43,False,0.7412256598472595,,,,,,
1774,38,39,False,0.5596656799316406,,,,,,
1778,55,56,False,0.7485752701759338,,,,,,
1780,7,9,False,0.7139891982078552,,,,,,
1783,49,49,False,0.513263463973999,,,,,,
1786,7,9,False,0.524653971195221,,,,,,
1788,26,26,False,0.5290461778640747,,,,,,
1791,24,23,False,0.7339385747909546,,,,,,
1792,30,24,False,0.5760905146598816,,,,,,
1793,76,79,False,0.6502019762992859,,,,,,
1802,85,87,False,0.5201706290245056,,,,,,
1803,1,1,False,0.6733188629150391,,,,,,
1806,69,2,True,0.972154438495636,0.0,8.0,False,True,65.5,1.5
1810,38,79,False,0.6107149124145508,,,,,,
1814,82,82,False,0.98042231798172,,,,,,
1819,41,42,False,0.5062346458435059,,,,,,
1821,3,4,True,0.8241389393806458,1.0,9.0,True,True,1.5,0.5
1824,69,78,False,0.7873446941375732,,,,,,
1829,38,14,False,0.5496052503585815,,,,,,
1832,21,63,False,0.7086430788040161,,,,,,
1836,4,100,False,0.5258694291114807,,,,,,
1838,40,40,False,0.7069677710533142,,,,,,
1839,40,42,False,0.5352789759635925,,,,,,
1843,53,54,False,0.8767148852348328,,,,,,
1844,34,17,False,0.7062180638313293,,,,,,
1845,14,16,False,0.6291784048080444,,,,,,
1847,35,33,True,0.9435583353042603,33.0,41.0,True,True,1.5,3.5
1848,68,69,False,0.6958051919937134,,,,,,
1849,64,66,False,0.8044106364250183,,,,,,
1852,19,22,False,0.6378895044326782,,,,,,
1853,26,27,False,0.8574663400650024,,,,,,
1856,53,52,False,0.6225519180297852,,,,,,
1857,73,68,True,0.9351305365562439,66.0,74.0,True,True,3.5,1.5
1860,75,72,False,0.7614974975585938,,,,,,
1863,25,27,True,0.9054184556007385,25.0,33.0,True,True,3.5,1.5
1864,29,31,False,0.7036356329917908,,,,,,
1866,38,83,False,0.6535487771034241,,,,,,
1870,16,57,False,0.6407039761543274,,,,,,
1875,81,78,False,0.649211049079895,,,,,,
1877,33,68,False,0.6967157125473022,,,,,,
1878,16,96,False,0.5436931848526001,,,,,,
1881,31,6,False,0.5177719593048096,,,,,,
1883,20,21,False,0.6419937610626221,,,,,,
1884,56,54,False,0.686991274356842,,,,,,
1886,92,91,False,0.6967724561691284,,,,,,
1889,53,54,False,0.6785145401954651,,,,,,
1890,8,52,False,0.5567314028739929,,,,,,
1892,17,12,False,0.5614609122276306,,,,,,
1897,41,88,False,0.6067534685134888,,,,,,
1903,14,16,False,0.6353036165237427,,,,,,
1918,61,61,False,0.6749565005302429,,,,,,
1919,31,27,True,0.9500551819801331,25.0,33.0,True,True,2.5,1.5
1928,7,9,False,0.6709781885147095,,,,,,
1929,54,54,False,0.7768585085868835,,,,,,
1931,91,91,False,0.885675311088562,,,,,,
1932,55,51,False,0.586259126663208,,,,,,
1943,20,65,False,0.506119966506958,,,,,,
1944,64,65,False,0.9638150930404663,,,,,,
1946,18,0,False,0.5285618901252747,,,,,,
1948,18,48,False,0.7083715200424194,,,,,,
1956,38,40,False,0.7299116849899292,,,,,,
1957,32,28,True,0.8820128440856934,26.0,34.0,True,True,2.5,1.5
1960,20,20,True,0.9653064012527466,18.0,26.0,True,True,1.5,1.5
1961,60,62,False,0.7047324180603027,,,,,,
1962,37,38,False,0.5619606375694275,,,,,,
1964,38,37,False,0.6546332836151123,,,,,,
1969,7,9,False,0.643326997756958,,,,,,
1970,18,75,False,0.7278488278388977,,,,,,
1975,47,41,False,0.8099596500396729,,,,,,
1980,34,35,False,0.8109128475189209,,,,,,
1982,22,100,False,0.5208864212036133,,,,,,
1988,90,91,False,0.5647360682487488,,,,,,
1989,9,11,True,0.8745235204696655,9.0,17.0,True,True,3.5,1.5
1991,27,23,True,0.9254229068756104,21.0,29.0,True,True,2.5,1.5
1992,55,55,False,0.7112151384353638,,,,,,
2000,1,1,False,0.7015960812568665,,,,,,
2003,26,23,False,0.7634909152984619,,,,,,
2007,4,27,False,0.6982818245887756,,,,,,
2011,48,49,True,0.9281980991363525,47.0,55.0,True,True,2.5,1.5
2015,48,50,True,0.803205668926239,46.0,54.0,True,True,1.5,0.5
2018,31,27,False,0.5507169961929321,,,,,,
2024,15,33,False,0.5906421542167664,,,,,,
2025,14,62,False,0.7647726535797119,,,,,,
2027,12,50,False,0.603167712688446,,,,,,
2034,40,41,False,0.7736640572547913,,,,,,
2037,28,28,False,0.8054876923561096,,,,,,
2042,15,84,False,0.5662828683853149,,,,,,
2045,46,76,False,0.5819904804229736,,,,,,
2047,6,7,False,0.6136536002159119,,,,,,
2055,17,19,False,0.7544594407081604,,,,,,
2056,80,76,True,0.9363778829574585,74.0,82.0,True,True,2.5,1.5
2059,11,43,False,0.6222845315933228,,,,,,
2061,50,15,False,0.9636436104774475,,,,,,
2070,40,15,True,0.9789388179779053,39.0,47.0,True,True,2.5,27.5
2074,32,29,False,0.6536412835121155,,,,,,
2075,55,57,False,0.6904207468032837,,,,,,
2076,32,32,False,0.6528904438018799,,,,,,
2077,59,55,True,0.914643406867981,53.0,61.0,True,True,2.5,1.5
2082,17,23,False,0.7193555235862732,,,,,,
2086,73,74,False,0.8678150773048401,,,,,,
2088,43,20,False,0.5278120636940002,,,,,,
2094,72,73,True,0.7172387838363647,70.0,78.0,True,True,1.5,0.5
2104,89,88,False,0.5924500823020935,,,,,,
2109,31,33,False,0.7521920800209045,,,,,,
2110,14,4,False,0.6858605146408081,,,,,,
2111,9,10,True,0.864050030708313,8.0,16.0,True,True,2.5,1.5
2112,41,42,True,0.9038586020469666,40.0,48.0,True,True,2.5,1.5
2118,48,47,False,0.6424962282180786,,,,,,
2124,24,24,True,0.911519467830658,22.0,30.0,True,True,1.5,1.5
2128,37,39,True,0.8955246806144714,37.0,45.0,True,True,3.5,1.5
2135,9,8,False,0.7839438915252686,,,,,,
2137,47,99,False,0.7463494539260864,,,,,,
2145,33,35,True,0.972821056842804,33.0,41.0,True,True,3.5,1.5
2146,67,64,False,0.679903507232666,,,,,,
2151,81,36,False,0.5228737592697144,,,,,,
2152,57,59,False,0.8758590221405029,,,,,,
2156,36,38,False,0.8715490102767944,,,,,,
2159,28,30,True,0.9343183040618896,28.0,36.0,True,True,3.5,1.5
2170,2,90,False,0.6021522879600525,,,,,,
2171,27,30,False,0.683068037033081,,,,,,
2176,51,86,False,0.686262309551239,,,,,,
2177,18,18,False,0.5009229779243469,,,,,,
2182,17,19,False,0.6252944469451904,,,,,,
2183,36,53,True,0.9858931303024292,51.0,59.0,False,True,18.5,1.5
2184,42,8,False,0.5692570805549622,,,,,,
2187,42,39,False,0.6045305728912354,,,,,,
2191,46,45,False,0.7811570167541504,,,,,,
2192,80,60,False,0.8883723020553589,,,,,,
2194,43,44,True,0.970640242099762,42.0,50.0,True,True,2.5,1.5
2196,39,52,False,0.6211279630661011,,,,,,
2197,47,51,False,0.7866885662078857,,,,,,
2207,31,32,False,0.9042264223098755,,,,,,
2209,55,53,False,0.5036107301712036,,,,,,
2215,33,96,False,0.7015659213066101,,,,,,
2219,34,77,False,0.5580785870552063,,,,,,
2221,25,29,False,0.7126752734184265,,,,,,
2222,24,23,True,0.9255648255348206,23.0,31.0,True,True,2.5,3.5
2225,48,45,False,0.8682432174682617,,,,,,
2231,10,70,False,0.5204079747200012,,,,,,
2233,24,25,False,0.5667040348052979,,,,,,
2234,11,13,False,0.7291251420974731,,,,,,
2246,28,29,False,0.8387628197669983,,,,,,
2248,37,38,True,0.9018950462341309,36.0,44.0,True,True,2.5,1.5
2249,16,62,False,0.6075338125228882,,,,,,
2257,83,84,False,0.8320403695106506,,,,,,
2259,53,55,False,0.5275809168815613,,,,,,
2265,58,59,False,0.7396590113639832,,,,,,
2269,63,64,True,0.9506232738494873,62.0,70.0,True,True,2.5,1.5
2270,52,56,False,0.8301315307617188,,,,,,
2275,67,4,False,0.6475257873535156,,,,,,
2277,31,10,False,0.5579935908317566,,,,,,
2278,35,64,False,0.7082563638687134,,,,,,
2281,6,87,False,0.788017988204956,,,,,,
2287,78,79,True,0.9305542707443237,77.0,85.0,True,True,2.5,1.5
2290,32,48,False,0.6527050137519836,,,,,,
2304,9,23,False,0.5782866477966309,,,,,,
2308,59,77,False,0.5621817111968994,,,,,,
2309,76,91,True,0.7637771368026733,89.0,97.0,False,True,16.5,1.5
2314,49,20,False,0.5681947469711304,,,,,,
2319,31,52,False,0.6014618873596191,,,,,,
2320,23,24,False,0.6834561228752136,,,,,,
2321,71,93,False,0.813636302947998,,,,,,
2326,19,18,False,0.5730807185173035,,,,,,
2331,20,54,False,0.7800473570823669,,,,,,
2335,4,72,False,0.5280373096466064,,,,,,
2342,30,30,False,0.687752902507782,,,,,,
2343,17,57,False,0.5905005931854248,,,,,,
2351,37,32,False,0.5461404919624329,,,,,,
2354,37,66,False,0.7641836404800415,,,,,,
2355,67,67,False,0.5184351205825806,,,,,,
2358,35,56,False,0.622184157371521,,,,,,
2360,38,38,False,0.8096690773963928,,,,,,
2364,32,0,False,0.5012379884719849,,,,,,
2369,13,14,False,0.7490622401237488,,,,,,
2371,61,31,False,0.5031871199607849,,,,,,
2373,53,12,False,0.5081943273544312,,,,,,
2375,85,86,False,0.5077531933784485,,,,,,
2379,37,37,False,0.85820472240448,,,,,,
2381,16,51,False,0.5056275129318237,,,,,,
2383,38,38,False,0.6871107816696167,,,,,,
2387,52,54,False,0.5884523391723633,,,,,,
2389,89,90,True,0.8279504776000977,88.0,96.0,True,True,2.5,1.5
2390,27,100,False,0.541534960269928,,,,,,
2392,81,45,True,0.8892131447792053,43.0,51.0,False,True,34.5,1.5
2393,52,52,False,0.7579783201217651,,,,,,
2396,17,18,False,0.6662724614143372,,,,,,
2402,11,11,False,0.7668696045875549,,,,,,
2404,22,23,False,0.8589402437210083,,,,,,
2409,34,34,False,0.7971298098564148,,,,,,
2412,2,38,False,0.5967070460319519,,,,,,
2414,78,15,False,0.589790940284729,,,,,,
2418,1,63,False,0.7345308065414429,,,,,,
2422,76,4,False,0.7401236295700073,,,,,,
2425,21,7,False,0.6514079570770264,,,,,,
2427,39,38,False,0.6946788430213928,,,,,,
2433,61,62,False,0.8277407884597778,,,,,,
2436,33,74,False,0.6792005896568298,,,,,,
2439,30,25,False,0.670558512210846,,,,,,
2445,25,25,False,0.8092575073242188,,,,,,
2447,38,46,False,0.8762288093566895,,,,,,
2449,17,18,True,0.8533376455307007,16.0,24.0,True,True,2.5,1.5
2452,17,17,False,0.533250629901886,,,,,,
2455,67,67,False,0.6319173574447632,,,,,,
2456,20,42,False,0.7839595079421997,,,,,,
2458,70,71,False,0.8365775346755981,,,,,,
2462,20,54,False,0.7353389263153076,,,,,,
2464,40,22,False,0.5209171175956726,,,,,,
2465,88,83,False,0.5467151403427124,,,,,,
2471,58,84,False,0.7295091152191162,,,,,,
2472,32,99,False,0.6836673021316528,,,,,,
2473,45,47,True,0.9585667252540588,45.0,53.0,True,True,3.5,1.5
2475,11,10,False,0.6333990693092346,,,,,,
2477,35,36,False,0.6371087431907654,,,,,,
2480,27,26,False,0.5372024178504944,,,,,,
2482,59,60,False,0.6030247211456299,,,,,,
2485,16,17,False,0.5790889859199524,,,,,,
2486,28,29,False,0.7669970393180847,,,,,,
2487,42,40,False,0.5224677920341492,,,,,,
2488,77,77,False,0.5275184512138367,,,,,,
2490,46,50,False,0.6357154250144958,,,,,,
2492,21,22,True,0.9193052649497986,20.0,28.0,True,True,2.5,1.5
2493,23,22,False,0.5544838309288025,,,,,,
2497,16,49,False,0.7834327220916748,,,,,,
2498,19,45,False,0.72018963098526,,,,,,
2499,42,43,False,0.6504337787628174,,,,,,
2502,58,60,False,0.6437602639198303,,,,,,
2504,38,52,False,0.6081337332725525,,,,,,
2505,56,55,False,0.6245468854904175,,,,,,
2509,41,43,False,0.6951032876968384,,,,,,
2515,89,90,False,0.6259868144989014,,,,,,
2516,58,59,False,0.7968549132347107,,,,,,
2519,23,24,False,0.9464721083641052,,,,,,
2525,1,60,False,0.5820866227149963,,,,,,
2526,33,33,False,0.7977594137191772,,,,,,
2527,29,26,False,0.6017410159111023,,,,,,
2531,39,40,False,0.5385933518409729,,,,,,
2535,45,46,False,0.9322269558906555,,,,,,
2536,64,60,False,0.7976984977722168,,,,,,
2537,75,77,False,0.6471588611602783,,,,,,
2538,59,61,False,0.6191443800926208,,,,,,
2548,23,53,False,0.6778922080993652,,,,,,
2549,90,90,False,0.7919601798057556,,,,,,
2550,92,90,False,0.5580704212188721,,,,,,
2558,60,62,False,0.5617372393608093,,,,,,
2573,80,81,False,0.7035435438156128,,,,,,
2574,9,11,False,0.722419023513794,,,,,,
2575,12,46,False,0.6329379677772522,,,,,,
2582,49,49,False,0.9328268766403198,,,,,,
2587,35,34,True,0.8823496699333191,32.0,40.0,True,True,0.5,1.5
2595,4,6,False,0.5708683729171753,,,,,,
2597,30,31,False,0.7356860041618347,,,,,,
2601,19,15,False,0.5119667053222656,,,,,,
2602,18,31,False,0.7940120100975037,,,,,,
2603,69,68,False,0.7985336780548096,,,,,,
2604,31,82,False,0.5821105241775513,,,,,,
2610,32,33,False,0.9329577088356018,,,,,,
2611,35,35,False,0.7353275418281555,,,,,,
2613,33,34,False,0.802595317363739,,,,,,
2617,27,26,False,0.8060738444328308,,,,,,
2618,52,30,False,0.5514084100723267,,,,,,
2619,45,45,False,0.7586808204650879,,,,,,
2626,19,20,False,0.5845072865486145,,,,,,
2634,2,81,False,0.5362699031829834,,,,,,
2641,72,90,False,0.5683566927909851,,,,,,
2646,90,90,True,0.7437867522239685,88.0,96.0,True,True,1.5,1.5
2647,49,51,False,0.7670286297798157,,,,,,
2650,19,64,False,0.5932610630989075,,,,,,
2652,23,53,False,0.5429933071136475,,,,,,
2655,62,63,False,0.5308879613876343,,,,,,
2656,52,53,False,0.9094357490539551,,,,,,
2667,40,99,False,0.5971012115478516,,,,,,
2676,25,30,False,0.7514215111732483,,,,,,
2684,37,44,False,0.7598273754119873,,,,,,
2685,8,8,False,0.51095050573349,,,,,,
2687,5,6,True,0.9054694771766663,4.0,12.0,True,True,2.5,1.5
2689,4,52,False,0.657868504524231,,,,,,
2692,37,99,False,0.580565333366394,,,,,,
2694,8,32,False,0.5204831957817078,,,,,,
2697,41,50,False,0.6965317726135254,,,,,,
2699,72,74,False,0.6382931470870972,,,,,,
2702,12,12,False,0.7473588585853577,,,,,,
2709,35,36,True,0.9555070996284485,34.0,42.0,True,True,2.5,1.5
2710,23,20,False,0.5095627307891846,,,,,,
2716,10,11,False,0.5234240293502808,,,,,,
2727,2,10,False,0.704702615737915,,,,,,
2732,16,17,False,0.5947628021240234,,,,,,
2735,63,63,False,0.5852583646774292,,,,,,
2736,67,94,False,0.5776917934417725,,,,,,
2742,62,58,False,0.6542936563491821,,,,,,
2743,42,43,False,0.7506820559501648,,,,,,
2749,9,48,False,0.5290606617927551,,,,,,
2750,39,40,False,0.9274114370346069,,,,,,
2754,9,41,False,0.6158722639083862,,,,,,
2755,4,19,False,0.626175045967102,,,,,,
2758,51,51,False,0.8422645330429077,,,,,,
2767,60,93,False,0.7486134171485901,,,,,,
2772,53,54,True,0.8679673671722412,52.0,60.0,True,True,2.5,1.5
2773,62,43,False,0.550812304019928,,,,,,
2774,19,20,False,0.7092750072479248,,,,,,
2781,44,54,False,0.6316056251525879,,,,,,
2788,37,38,False,0.8907470703125,,,,,,
2797,18,30,False,0.7766811847686768,,,,,,
2799,18,0,False,0.5666942000389099,,,,,,
2802,49,47,False,0.6140832304954529,,,,,,
2803,34,14,False,0.6924372315406799,,,,,,
2807,14,14,False,0.8140643835067749,,,,,,
2809,3,17,False,0.6551957726478577,,,,,,
2810,36,53,False,0.7304574847221375,,,,,,
2811,32,32,False,0.6756187081336975,,,,,,
2814,11,12,False,0.5684809684753418,,,,,,
2819,50,45,True,0.9339091181755066,43.0,51.0,True,True,3.5,1.5
2829,20,21,False,0.5764002799987793,,,,,,
2832,83,83,True,0.9094064831733704,81.0,89.0,True,True,1.5,1.5
2835,19,77,False,0.5964571237564087,,,,,,
2840,32,33,False,0.5969368815422058,,,,,,
2841,28,29,False,0.5744668841362,,,,,,
2842,16,11,False,0.7726831436157227,,,,,,
2843,68,91,False,0.6236827373504639,,,,,,
2848,7,11,False,0.7659143805503845,,,,,,
2850,18,47,False,0.7251489162445068,,,,,,
2851,82,83,False,0.6681163907051086,,,,,,
2855,8,13,False,0.5838579535484314,,,,,,
2868,9,78,False,0.5023260116577148,,,,,,
2878,32,27,False,0.50557541847229,,,,,,
2883,63,64,False,0.7620669603347778,,,,,,
2885,18,18,False,0.8301679491996765,,,,,,
2891,69,65,False,0.5281072854995728,,,,,,
2892,24,25,False,0.8142033815383911,,,,,,
2893,4,10,False,0.5834651589393616,,,,,,
2896,64,81,False,0.6114577054977417,,,,,,
2898,30,16,False,0.6547279953956604,,,,,,
2899,51,51,False,0.6012927889823914,,,,,,
2901,28,9,False,0.5625104904174805,,,,,,
2902,20,22,True,0.8463373184204102,20.0,28.0,True,True,3.5,1.5
2903,40,70,False,0.5216832756996155,,,,,,
2906,51,52,False,0.5570802688598633,,,,,,
2907,58,54,True,0.8170804381370544,52.0,60.0,True,True,2.5,1.5
2911,19,58,False,0.5785306096076965,,,,,,
2912,10,36,False,0.5390093326568604,,,,,,
2917,59,60,False,0.657612144947052,,,,,,
2928,26,28,False,0.8753209114074707,,,,,,
2936,58,56,True,0.8115758895874023,54.0,62.0,True,True,0.5,1.5
2946,4,6,True,0.7734973430633545,4.0,12.0,True,True,3.5,1.5
2947,51,58,False,0.6048323512077332,,,,,,
2954,47,17,False,0.5001782178878784,,,,,,
2958,1,66,False,0.5537772178649902,,,,,,
2959,60,25,False,0.5262618064880371,,,,,,
2967,16,45,False,0.7742278575897217,,,,,,
2969,22,23,False,0.5493166446685791,,,,,,
2976,18,19,True,0.8968900442123413,17.0,25.0,True,True,2.5,1.5
2983,42,43,False,0.745694637298584,,,,,,
2984,4,6,False,0.8261763453483582,,,,,,
2987,11,52,False,0.6065019369125366,,,,,,
3000,32,76,False,0.6062493324279785,,,,,,
3002,30,31,False,0.6370291113853455,,,,,,
3005,9,7,False,0.6308426856994629,,,,,,
3006,16,15,False,0.692033588886261,,,,,,
3008,26,24,False,0.6944687962532043,,,,,,
3009,19,33,False,0.6578143835067749,,,,,,
3013,66,66,False,0.7136324048042297,,,,,,
3015,42,43,False,0.705756425857544,,,,,,
3020,32,62,False,0.8406071662902832,,,,,,
3022,18,16,False,0.651943027973175,,,,,,
3026,66,40,False,0.5709878206253052,,,,,,
3027,45,46,False,0.9149668216705322,,,,,,
3028,25,25,False,0.6698670983314514,,,,,,
3030,33,34,True,0.941596508026123,32.0,40.0,True,True,2.5,1.5
3036,9,10,True,0.8458214998245239,8.0,16.0,True,True,2.5,1.5
3037,72,70,True,0.6964259743690491,68.0,76.0,True,True,0.5,1.5
3038,35,60,False,0.5252437591552734,,,,,,
3043,23,22,False,0.5366920828819275,,,,,,
3054,48,47,False,0.7632883191108704,,,,,,
3057,2,61,False,0.7448424696922302,,,,,,
3066,23,25,False,0.7191829681396484,,,,,,
3075,88,89,False,0.6162917017936707,,,,,,
3079,68,78,False,0.5238857269287109,,,,,,
3086,71,25,False,0.5501778721809387,,,,,,
3087,39,35,False,0.6497151851654053,,,,,,
3089,40,38,False,0.5397257208824158,,,,,,
3091,32,33,True,0.9143486022949219,72.0,80.0,False,False,43.5,42.5
3095,40,7,False,0.6084337830543518,,,,,,
3098,45,47,False,0.806467592716217,,,,,,
3100,42,23,True,0.8374568819999695,31.0,39.0,False,False,7.5,11.5
3101,25,58,False,0.7651617527008057,,,,,,
3112,68,68,False,0.6026815176010132,,,,,,
3113,9,29,False,0.7054451704025269,,,,,,
3114,21,21,True,0.9094574451446533,19.0,27.0,True,True,1.5,1.5
3118,40,36,True,0.8687332272529602,34.0,42.0,True,True,2.5,1.5
3120,26,22,True,0.9383298754692078,20.0,28.0,True,True,2.5,1.5
3121,25,1,False,0.6192061305046082,,,,,,
3123,85,86,True,0.8551362752914429,84.0,92.0,True,True,2.5,1.5
3124,58,54,False,0.6217551827430725,,,,,,
3128,31,32,False,0.6401865482330322,,,,,,
3129,34,82,False,0.5297350883483887,,,,,,
3133,26,61,False,0.7205044031143188,,,,,,
3140,52,46,False,0.5519376397132874,,,,,,
3152,9,5,False,0.5222659111022949,,,,,,
3156,7,36,False,0.6172284483909607,,,,,,
3158,59,82,False,0.685131847858429,,,,,,
3160,19,20,False,0.5918983221054077,,,,,,
3171,41,42,False,0.8191456198692322,,,,,,
3172,21,24,False,0.5299479365348816,,,,,,
3175,29,72,False,0.7132424116134644,,,,,,
3176,27,28,False,0.7424213290214539,,,,,,
3183,57,54,False,0.7243742346763611,,,,,,
3187,51,64,False,0.5392430424690247,,,,,,
3188,43,42,False,0.5060080885887146,,,,,,
3196,60,60,False,0.6278814673423767,,,,,,
3198,9,100,False,0.5223687887191772,,,,,,
3200,49,45,True,0.8816567659378052,43.0,51.0,True,True,2.5,1.5
3204,15,11,False,0.6719616651535034,,,,,,
3206,22,51,False,0.5116552710533142,,,,,,
3208,50,50,False,0.506808876991272,,,,,,
3211,47,7,False,0.5357601046562195,,,,,,
3212,13,93,False,0.7953768372535706,,,,,,
3217,76,72,True,0.9240132570266724,70.0,78.0,True,True,2.5,1.5
3222,15,88,False,0.5673477649688721,,,,,,
3226,71,72,False,0.6910223960876465,,,,,,
3231,20,18,False,0.5210002660751343,,,,,,
3236,43,39,False,0.5154404640197754,,,,,,
3237,80,78,False,0.7698508501052856,,,,,,
3238,41,37,False,0.7043466567993164,,,,,,
3239,49,51,False,0.7995872497558594,,,,,,
3242,76,77,False,0.5973686575889587,,,,,,
3246,30,34,False,0.6007977724075317,,,,,,
3247,37,25,False,0.528505802154541,,,,,,
3251,44,46,False,0.7935909032821655,,,,,,
3252,24,25,False,0.7478430271148682,,,,,,
3253,56,57,False,0.7703096866607666,,,,,,
3255,15,52,False,0.764327347278595,,,,,,
3260,58,59,False,0.8031402826309204,,,,,,
3261,21,21,False,0.7741217613220215,,,,,,
3263,27,24,False,0.5297022461891174,,,,,,
3265,63,64,False,0.5692911148071289,,,,,,
3270,4,4,False,0.5983097553253174,,,,,,
3271,25,22,False,0.7539545297622681,,,,,,
3272,90,22,False,0.5604674220085144,,,,,,
3277,18,19,False,0.5510765910148621,,,,,,
3284,58,84,False,0.5274317264556885,,,,,,
3285,13,14,False,0.5754949450492859,,,,,,
3292,2,2,False,0.6063542366027832,,,,,,
3296,28,9,False,0.5420758724212646,,,,,,
3297,14,71,False,0.5008968114852905,,,,,,
3299,29,67,False,0.7860128879547119,,,,,,
3300,14,15,False,0.6833025217056274,,,,,,
3305,50,56,False,0.7465479373931885,,,,,,
3318,94,96,False,0.657106339931488,,,,,,
3322,42,44,False,0.7922688126564026,,,,,,
3337,39,42,False,0.6123973727226257,,,,,,
3350,42,40,False,0.5845332741737366,,,,,,
3356,65,65,False,0.9313102960586548,,,,,,
3358,5,80,False,0.6931280493736267,,,,,,
3361,36,38,True,0.8817190527915955,36.0,44.0,True,True,3.5,1.5
3364,44,74,False,0.7341994643211365,,,,,,
3365,11,91,False,0.5147279500961304,,,,,,
3366,41,42,False,0.5312573909759521,,,,,,
3368,27,17,False,0.5639429688453674,,,,,,
3371,55,57,False,0.7627243399620056,,,,,,
3373,6,2,True,0.8770138621330261,0.0,8.0,True,True,2.5,1.5
3380,25,26,False,0.8849599361419678,,,,,,
3382,35,37,False,0.7879655361175537,,,,,,
3387,52,54,True,0.9494772553443909,51.0,59.0,True,True,2.5,0.5
3391,32,28,True,0.9394194483757019,26.0,34.0,True,True,2.5,1.5
3392,66,5,False,0.5253085494041443,,,,,,
3393,5,6,False,0.7467536926269531,,,,,,
3394,17,34,False,0.5641679763793945,,,,,,
3398,16,17,False,0.8234595656394958,,,,,,
3399,37,72,False,0.6441985964775085,,,,,,
3400,38,40,True,0.8720267415046692,38.0,46.0,True,True,3.5,1.5
3403,15,75,False,0.5529283285140991,,,,,,
3410,11,10,False,0.6943907141685486,,,,,,
3418,16,18,False,0.6096463203430176,,,,,,
3421,20,46,False,0.5353484153747559,,,,,,
3424,56,57,False,0.9156593680381775,,,,,,
3427,92,94,True,0.9284234642982483,92.0,100.0,True,True,3.5,1.5
3430,1,3,False,0.7630136609077454,,,,,,
3434,22,94,False,0.5310015082359314,,,,,,
3441,11,12,False,0.5701497197151184,,,,,,
3446,5,4,False,0.5188270807266235,,,,,,
3447,9,9,False,0.7074155807495117,,,,,,
3454,54,52,True,0.8309379816055298,50.0,58.0,True,True,0.5,1.5
3456,15,76,False,0.5347904562950134,,,,,,
3460,19,47,False,0.5186055302619934,,,,,,
3465,37,38,False,0.7744261622428894,,,,,,
3480,54,56,False,0.8654009103775024,,,,,,
3487,34,36,False,0.6740085482597351,,,,,,
3488,26,56,False,0.5193309783935547,,,,,,
3493,74,74,False,0.710659921169281,,,,,,
3498,62,62,False,0.681509792804718,,,,,,
3502,19,21,True,0.880429744720459,17.0,25.0,True,True,1.5,0.5
3505,60,15,False,0.5429423451423645,,,,,,
3513,66,68,True,0.8528037071228027,65.0,73.0,True,True,2.5,0.5
3514,35,18,False,0.5003913640975952,,,,,,
3517,90,91,False,0.5676660537719727,,,,,,
3519,44,82,False,0.7325148582458496,,,,,,
3521,69,70,False,0.7349438071250916,,,,,,
3526,73,71,False,0.5782383680343628,,,,,,
3527,8,9,False,0.6063483953475952,,,,,,
3529,61,64,False,0.6148919463157654,,,,,,
3530,45,47,False,0.7872288227081299,,,,,,
3538,49,52,False,0.6255892515182495,,,,,,
3540,32,81,False,0.8329799771308899,,,,,,
3543,24,20,False,0.539417564868927,,,,,,
3550,3,22,False,0.5577694177627563,,,,,,
3558,52,52,False,0.7721637487411499,,,,,,
3560,27,99,False,0.6555219292640686,,,,,,
3561,62,61,False,0.6277117133140564,,,,,,
3562,54,50,False,0.7800547480583191,,,,,,
3563,15,56,False,0.6017453074455261,,,,,,
3571,46,46,False,0.6642534136772156,,,,,,
3573,43,47,False,0.5430698394775391,,,,,,
3579,9,33,False,0.8090394735336304,,,,,,
3588,37,68,False,0.6808246374130249,,,,,,
3595,39,40,False,0.8383255004882812,,,,,,
3602,60,60,False,0.76450115442276,,,,,,
3603,18,30,False,0.7450103163719177,,,,,,
3609,23,19,False,0.5859614014625549,,,,,,
3612,41,30,True,0.9133211374282837,28.0,36.0,False,True,9.5,1.5
3618,33,34,False,0.9107162356376648,,,,,,
3619,35,86,False,0.5575778484344482,,,,,,
3622,13,40,False,0.6733455061912537,,,,,,
3624,86,82,False,0.8086791038513184,,,,,,
3626,25,26,False,0.6979613900184631,,,,,,
3634,55,18,False,0.5790273547172546,,,,,,
3638,16,9,False,0.5958335995674133,,,,,,
3642,58,60,False,0.7751611471176147,,,,,,
3645,35,42,True,0.8788273334503174,31.0,39.0,True,False,0.5,7.5
3648,4,60,False,0.5729934573173523,,,,,,
3654,30,29,False,0.6081992983818054,,,,,,
3666,9,75,False,0.6512657999992371,,,,,,
3668,67,89,False,0.6407312154769897,,,,,,
3670,20,19,False,0.7768706679344177,,,,,,
3674,21,21,False,0.9356875419616699,,,,,,
3680,28,30,False,0.8650097250938416,,,,,,
3688,77,79,False,0.7188723683357239,,,,,,
3689,40,51,False,0.6581119298934937,,,,,,
3692,70,70,False,0.551724374294281,,,,,,
3694,32,64,False,0.5621663928031921,,,,,,
3701,85,86,False,0.5818272233009338,,,,,,
3708,11,100,False,0.5400936007499695,,,,,,
3710,74,74,False,0.5367498993873596,,,,,,
3712,98,93,False,0.5909250974655151,,,,,,
3714,1,2,False,0.7094751000404358,,,,,,
3715,43,78,False,0.5889140367507935,,,,,,
3723,57,91,False,0.7324828505516052,,,,,,
3724,35,36,True,0.8944421410560608,34.0,42.0,True,True,2.5,1.5
3727,72,73,False,0.8253809809684753,,,,,,
3744,54,56,False,0.5967112183570862,,,,,,
3746,45,46,False,0.7587642073631287,,,,,,
3748,11,13,False,0.6473174095153809,,,,,,
3749,16,17,False,0.540917158126831,,,,,,
3752,9,93,False,0.5090160965919495,,,,,,
3753,27,44,False,0.8313068151473999,,,,,,
3755,34,85,False,0.5502565503120422,,,,,,
3756,1,2,False,0.8125144243240356,,,,,,
3757,52,53,False,0.710025429725647,,,,,,
3758,46,48,False,0.6874613761901855,,,,,,
3759,56,91,False,0.6236733794212341,,,,,,
3760,69,70,True,0.8589762449264526,67.0,75.0,True,True,1.5,0.5
3762,30,31,False,0.5100246071815491,,,,,,
3767,21,18,False,0.5081058740615845,,,,,,
3768,35,33,False,0.6506794691085815,,,,,,
3769,48,48,True,0.7597295641899109,46.0,54.0,True,True,1.5,1.5
3779,90,90,False,0.6825383305549622,,,,,,
3782,9,11,False,0.5018934607505798,,,,,,
3783,50,83,False,0.5695948004722595,,,,,,
3787,37,39,False,0.6761271953582764,,,,,,
3788,32,33,True,0.966791033744812,31.0,39.0,True,True,2.5,1.5
3794,25,25,False,0.5587336421012878,,,,,,
3796,99,99,False,0.5052803158760071,,,,,,
3797,46,97,False,0.8171745538711548,,,,,,
3804,43,64,False,0.6355960369110107,,,,,,
3807,61,61,False,0.6411367058753967,,,,,,
3808,4,32,False,0.5367708802223206,,,,,,
3821,76,72,False,0.6219131350517273,,,,,,
3826,14,13,False,0.7920774817466736,,,,,,
3829,68,70,True,0.7396602034568787,67.0,75.0,True,True,2.5,0.5
3830,37,38,True,0.8868316411972046,35.0,43.0,True,True,1.5,0.5
3834,36,69,False,0.5642681121826172,,,,,,
3836,17,15,False,0.6389530897140503,,,,,,
3837,32,68,False,0.6808530688285828,,,,,,
3838,33,33,True,0.867110013961792,31.0,39.0,True,True,1.5,1.5
3840,28,39,False,0.6706539392471313,,,,,,
3844,11,49,False,0.5965889096260071,,,,,,
3850,52,73,False,0.7279019355773926,,,,,,
3853,39,45,False,0.6707879900932312,,,,,,
3856,72,73,False,0.6341626644134521,,,,,,
3857,4,82,False,0.6627495288848877,,,,,,
3858,61,58,True,0.888468325138092,57.0,65.0,True,True,0.5,2.5
3862,43,44,False,0.5720542669296265,,,,,,
3863,43,45,False,0.6312582492828369,,,,,,
3869,41,42,False,0.800262451171875,,,,,,
3870,82,82,False,0.7970033288002014,,,,,,
3872,38,3,False,0.5579702854156494,,,,,,
3873,17,19,False,0.6409825682640076,,,,,,
3877,45,46,False,0.9452787637710571,,,,,,
3878,84,67,False,0.8463007211685181,,,,,,
3884,32,34,False,0.8818850517272949,,,,,,
3886,3,68,False,0.7194890975952148,,,,,,
3897,50,48,False,0.8583417534828186,,,,,,
3900,20,45,False,0.6597067713737488,,,,,,
3904,50,52,False,0.7456874251365662,,,,,,
3908,65,53,False,0.5763973593711853,,,,,,
3910,21,23,False,0.6932525038719177,,,,,,
3937,26,25,False,0.6196138262748718,,,,,,
3941,40,41,True,0.9328782558441162,39.0,47.0,True,True,2.5,1.5
3946,37,39,False,0.8034963607788086,,,,,,
3950,36,39,False,0.6191670894622803,,,,,,
3951,60,58,False,0.6619857549667358,,,,,,
3952,74,76,False,0.5159965753555298,,,,,,
3953,6,6,False,0.729058027267456,,,,,,
3954,18,18,False,0.7810091972351074,,,,,,
3960,28,30,False,0.8408278226852417,,,,,,
3962,31,33,False,0.7408374547958374,,,,,,
3964,52,51,False,0.6336567401885986,,,,,,
3970,46,49,False,0.6214211583137512,,,,,,
3972,65,13,False,0.6834823489189148,,,,,,
3975,65,88,False,0.655524492263794,,,,,,
3979,36,55,False,0.5549396276473999,,,,,,
3983,10,11,False,0.6858364343643188,,,,,,
3991,48,27,False,0.8087964057922363,,,,,,
3992,61,44,True,0.9108911752700806,42.0,50.0,False,True,15.5,1.5
3995,18,19,True,0.8737347722053528,17.0,25.0,True,True,2.5,1.5
3998,48,49,False,0.6402286887168884,,,,,,
3999,49,72,False,0.5320330262184143,,,,,,
4001,53,54,False,0.8390125036239624,,,,,,
4005,78,78,False,0.746168315410614,,,,,,
4007,29,30,False,0.9010392427444458,,,,,,
4010,18,43,False,0.7857618927955627,,,,,,
4028,0,89,False,0.5575643181800842,,,,,,
4030,49,99,False,0.5486335158348083,,,,,,
4031,53,53,True,0.7066078186035156,51.0,59.0,True,True,1.5,1.5
4032,50,25,False,0.6332470178604126,,,,,,
4034,21,99,False,0.512016236782074,,,,,,
4037,47,45,False,0.6325673460960388,,,,,,
4039,7,52,False,0.6176213622093201,,,,,,
4040,41,40,False,0.5768617987632751,,,,,,
4043,83,81,True,0.6731210350990295,79.0,87.0,True,True,0.5,1.5
4047,23,9,False,0.6375137567520142,,,,,,
4050,62,61,False,0.6078260540962219,,,,,,
4058,72,30,False,0.5246793627738953,,,,,,
4059,35,35,False,0.8399772047996521,,,,,,
4062,26,26,False,0.6392382979393005,,,,,,
4065,76,83,False,0.5821675062179565,,,,,,
4100,21,23,True,0.7993778586387634,20.0,28.0,True,True,2.5,0.5
4103,18,78,False,0.6451752781867981,,,,,,
4107,39,82,False,0.5430442094802856,,,,,,
4113,26,26,True,0.8172988295555115,24.0,32.0,True,True,1.5,1.5
4114,54,56,True,0.9426425099372864,54.0,62.0,True,True,3.5,1.5
4116,25,57,False,0.6334218382835388,,,,,,
4119,22,45,False,0.638579785823822,,,,,,
4124,16,11,False,0.5125560760498047,,,,,,
4127,34,37,False,0.8018558025360107,,,,,,
4129,78,78,False,0.6639039516448975,,,,,,
4131,53,75,True,0.9363465309143066,53.0,61.0,True,False,3.5,18.5
4140,9,82,False,0.8266753554344177,,,,,,
4145,13,15,False,0.5771323442459106,,,,,,
4156,68,76,False,0.8411710858345032,,,,,,
4164,56,55,False,0.5025005340576172,,,,,,
4165,78,74,True,0.8415045738220215,72.0,80.0,True,True,2.5,1.5
4169,35,37,False,0.735234260559082,,,,,,
4172,35,35,False,0.6995373368263245,,,,,,
4178,88,88,True,0.9060736894607544,86.0,94.0,True,True,1.5,1.5
4181,41,63,False,0.7541147470474243,,,,,,
4182,16,63,False,0.8395829796791077,,,,,,
4193,32,61,False,0.7381938695907593,,,,,,
4195,24,51,False,0.5160770416259766,,,,,,
4202,23,26,False,0.6221794486045837,,,,,,
4203,7,43,False,0.6393452286720276,,,,,,
4230,7,8,False,0.5603353381156921,,,,,,
4233,19,43,False,0.7152882814407349,,,,,,
4236,24,24,False,0.6778149604797363,,,,,,
4237,58,58,False,0.8230120539665222,,,,,,
4239,21,66,False,0.7445337772369385,,,,,,
4243,26,27,False,0.6025371551513672,,,,,,
4247,5,4,False,0.5266273021697998,,,,,,
4248,53,53,False,0.7153927683830261,,,,,,
4252,26,25,False,0.593788743019104,,,,,,
4264,49,49,False,0.5997558832168579,,,,,,
4269,55,57,True,0.935255765914917,54.0,62.0,True,True,2.5,0.5
4271,4,50,False,0.6721005439758301,,,,,,
4272,46,87,False,0.5778804421424866,,,,,,
4276,1,73,False,0.5314877033233643,,,,,,
4277,0,2,False,0.8161835670471191,,,,,,
4287,30,50,False,0.5869890451431274,,,,,,
4288,28,22,False,0.5891847014427185,,,,,,
4304,55,10,True,0.938075065612793,55.0,63.0,True,False,3.5,48.5
4317,25,27,False,0.8030083179473877,,,,,,
4322,41,71,False,0.6014871597290039,,,,,,
4328,36,37,False,0.9137477278709412,,,,,,
4329,19,31,False,0.5905932188034058,,,,,,
4331,45,48,False,0.6095964908599854,,,,,,
4335,18,19,True,0.9319360256195068,17.0,25.0,True,True,2.5,1.5
4345,14,14,False,0.801074206829071,,,,,,
4347,27,30,False,0.5022439956665039,,,,,,
4350,43,43,False,0.76841801404953,,,,,,
4362,62,62,False,0.6450151801109314,,,,,,
4366,24,50,False,0.8279985189437866,,,,,,
4367,24,92,False,0.6319026947021484,,,,,,
4369,66,66,False,0.5801880955696106,,,,,,
4371,11,13,False,0.7136886715888977,,,,,,
4372,72,72,False,0.713131308555603,,,,,,
4373,89,90,False,0.6346811652183533,,,,,,
4378,27,29,False,0.7742699384689331,,,,,,
4379,33,33,False,0.8904458284378052,,,,,,
4382,25,25,False,0.8434377908706665,,,,,,
4389,11,47,False,0.6150502562522888,,,,,,
4392,56,64,False,0.7660945653915405,,,,,,
4397,4,47,False,0.642874538898468,,,,,,
4398,50,52,False,0.7276869416236877,,,,,,
4407,93,94,True,0.6331093907356262,92.0,100.0,True,True,2.5,1.5
4408,23,19,False,0.655380368232727,,,,,,
4409,92,92,False,0.5192746520042419,,,,,,
4413,4,85,False,0.6825758218765259,,,,,,
4414,17,79,False,0.6068732738494873,,,,,,
4415,52,53,False,0.5416833162307739,,,,,,
4427,50,82,False,0.7497461438179016,,,,,,
4429,32,52,False,0.5552262663841248,,,,,,
4433,32,32,False,0.5965983867645264,,,,,,
4434,13,25,False,0.8486431241035461,,,,,,
4438,5,6,False,0.845129132270813,,,,,,
4439,31,32,False,0.8789798021316528,,,,,,
4442,3,3,False,0.6010844111442566,,,,,,
4444,37,32,False,0.5231025815010071,,,,,,
4445,15,16,False,0.8326669335365295,,,,,,
4447,46,47,False,0.7593328952789307,,,,,,
4449,25,24,False,0.614482581615448,,,,,,
4451,51,21,False,0.6464986205101013,,,,,,
4459,27,75,False,0.694136381149292,,,,,,
4461,42,43,False,0.6302709579467773,,,,,,
4463,54,52,False,0.5906945466995239,,,,,,
4466,38,40,False,0.713905394077301,,,,,,
4468,38,17,False,0.6267611980438232,,,,,,
4469,9,30,False,0.5522584319114685,,,,,,
4470,58,58,False,0.5417576432228088,,,,,,
4471,50,50,False,0.7214194536209106,,,,,,
4473,47,87,False,0.5715013146400452,,,,,,
4475,34,71,False,0.7670734524726868,,,,,,
4481,31,57,False,0.7226366400718689,,,,,,
4484,80,80,False,0.5489349961280823,,,,,,
4486,63,64,True,0.8684642314910889,62.0,70.0,True,True,2.5,1.5
4489,25,26,False,0.5015687346458435,,,,,,
4492,15,16,True,0.8277797102928162,14.0,22.0,True,True,2.5,1.5
4493,14,14,True,0.9184959530830383,12.0,20.0,True,True,1.5,1.5
4505,19,43,False,0.8017115592956543,,,,,,
4517,21,20,False,0.8291051983833313,,,,,,
4522,22,78,False,0.5709229707717896,,,,,,
4523,39,38,False,0.5438676476478577,,,,,,
4525,95,95,False,0.6784384250640869,,,,,,
4526,78,99,False,0.7340123653411865,,,,,,
4529,25,47,False,0.6806687116622925,,,,,,
4530,48,49,True,0.9669577479362488,47.0,55.0,True,True,2.5,1.5
4540,21,14,True,0.9498881697654724,19.0,27.0,True,True,1.5,8.5
4548,7,9,False,0.7006699442863464,,,,,,
4550,46,17,False,0.5855313539505005,,,,,,
4551,12,81,False,0.7160677313804626,,,,,,
4556,61,57,False,0.7214832901954651,,,,,,
4557,29,45,False,0.5363559126853943,,,,,,
4560,52,54,True,0.8304547667503357,52.0,60.0,True,True,3.5,1.5
4561,2,3,False,0.5575652122497559,,,,,,
4567,40,6,False,0.5462600588798523,,,,,,
4568,40,67,False,0.6380699276924133,,,,,,
4573,5,91,False,0.7781969904899597,,,,,,
4575,22,46,False,0.5377622246742249,,,,,,
4576,47,47,False,0.7527454495429993,,,,,,
4581,6,100,False,0.6092591881752014,,,,,,
4582,55,35,False,0.9680138826370239,,,,,,
4583,55,82,False,0.5511537194252014,,,,,,
4584,2,32,False,0.7252725958824158,,,,,,
4591,17,72,False,0.8474334478378296,,,,,,
4595,56,69,False,0.6699642539024353,,,,,,
4599,56,57,False,0.706093430519104,,,,,,
4614,68,25,False,0.6620404124259949,,,,,,
4623,38,39,False,0.6265960931777954,,,,,,
4624,33,31,False,0.5544170141220093,,,,,,
4625,61,60,False,0.5519749522209167,,,,,,
4638,15,48,False,0.5471005439758301,,,,,,
4639,65,66,False,0.826916515827179,,,,,,
4641,27,17,True,0.9783383011817932,26.0,34.0,True,False,2.5,12.5
4645,11,12,False,0.7106221318244934,,,,,,
4647,51,51,False,0.7453929781913757,,,,,,
4648,45,47,False,0.9115936756134033,,,,,,
4649,29,30,False,0.5659361481666565,,,,,,
4655,29,29,False,0.7721043229103088,,,,,,
4663,1,2,False,0.7495558857917786,,,,,,
4666,16,27,False,0.7277276515960693,,,,,,
4667,47,65,False,0.665582537651062,,,,,,
4671,46,47,True,0.8940393924713135,45.0,53.0,True,True,2.5,1.5
4672,41,41,False,0.7884516716003418,,,,,,
4673,97,99,False,0.5941548347473145,,,,,,
4675,87,83,False,0.5486622452735901,,,,,,
4682,15,99,False,0.7592406272888184,,,,,,
4690,16,10,False,0.7891783118247986,,,,,,
4692,29,64,False,0.7165012359619141,,,,,,
4696,39,68,False,0.7066729068756104,,,,,,
4700,39,41,False,0.6965486407279968,,,,,,
4704,48,72,False,0.6247614026069641,,,,,,
4705,35,37,True,0.8992401957511902,35.0,43.0,True,True,3.5,1.5
4711,48,49,False,0.7674840688705444,,,,,,
4722,25,21,False,0.5384982824325562,,,,,,
4725,44,90,False,0.5235598087310791,,,,,,
4729,10,5,False,0.6135779619216919,,,,,,
4736,35,37,True,0.8267135620117188,35.0,43.0,True,True,3.5,1.5
4738,41,75,False,0.5803521871566772,,,,,,
4745,85,86,False,0.5572693943977356,,,,,,
4753,27,27,False,0.6823219060897827,,,,,,
4754,47,52,False,0.6598546504974365,,,,,,
4761,41,77,False,0.5792393684387207,,,,,,
4769,81,77,False,0.779218316078186,,,,,,
4771,86,88,False,0.7941026091575623,,,,,,
4772,60,92,False,0.6825317144393921,,,,,,
4779,9,5,True,0.8909001350402832,3.0,11.0,True,True,2.5,1.5
4782,68,19,False,0.5045742988586426,,,,,,
4783,76,75,False,0.5056053400039673,,,,,,
4786,35,68,False,0.6510266065597534,,,,,,
4789,18,96,False,0.6096354722976685,,,,,,
4799,22,97,False,0.7549640536308289,,,,,,
4800,49,46,False,0.5283562541007996,,,,,,
4805,49,52,False,0.6145508289337158,,,,,,
4807,35,65,False,0.884773850440979,,,,,,
4808,52,68,False,0.517417848110199,,,,,,
4812,19,43,False,0.5822908878326416,,,,,,
4813,58,59,False,0.8061921000480652,,,,,,
4816,2,2,False,0.7374653816223145,,,,,,
4818,58,58,False,0.5135259032249451,,,,,,
4819,59,57,False,0.7168303728103638,,,,,,
4825,37,38,False,0.9174330830574036,,,,,,
4827,20,50,False,0.6294299364089966,,,,,,
4829,45,47,True,0.949734091758728,45.0,53.0,True,True,3.5,1.5
4838,43,48,False,0.8995134830474854,,,,,,
4841,40,70,False,0.549836277961731,,,,,,
4843,20,49,False,0.5523090362548828,,,,,,
4845,56,58,False,0.5764310956001282,,,,,,
4846,5,0,False,0.5713894367218018,,,,,,
4849,61,55,False,0.522358238697052,,,,,,
4856,42,40,False,0.6543924808502197,,,,,,
4857,14,62,False,0.7131505012512207,,,,,,
4860,49,48,False,0.6799860000610352,,,,,,
4862,39,40,False,0.8101316094398499,,,,,,
4865,40,15,False,0.5605525970458984,,,,,,
4867,29,25,False,0.504927396774292,,,,,,
4870,53,52,False,0.5188736319541931,,,,,,
4871,51,47,True,0.9704442024230957,44.0,52.0,True,True,3.5,0.5
4873,36,34,True,0.7169919610023499,32.0,40.0,True,True,0.5,1.5
4874,9,10,False,0.719014585018158,,,,,,
4878,53,15,False,0.6502912044525146,,,,,,
4885,21,52,False,0.7329835295677185,,,,,,
4886,36,38,True,0.9208197593688965,36.0,44.0,True,True,3.5,1.5
4891,18,20,False,0.5380386114120483,,,,,,
4901,55,53,False,0.849700927734375,,,,,,
4910,24,24,True,0.883722722530365,22.0,30.0,True,True,1.5,1.5
4911,55,56,False,0.8580156564712524,,,,,,
4919,46,75,False,0.6945272088050842,,,,,,
4922,45,22,False,0.5505927801132202,,,,,,
4927,29,30,False,0.6807969808578491,,,,,,
4929,6,6,False,0.7420614361763,,,,,,
4931,27,22,True,0.980119526386261,20.0,28.0,True,True,3.5,1.5
4938,66,66,False,0.8902496695518494,,,,,,
4939,69,64,False,0.8865244388580322,,,,,,
4940,28,28,False,0.6493469476699829,,,,,,
4941,43,44,True,0.8148248791694641,42.0,50.0,True,True,2.5,1.5
4944,38,39,False,0.8877460360527039,,,,,,
4945,38,31,False,0.5664301514625549,,,,,,
4946,9,10,False,0.8416882753372192,,,,,,
4947,67,68,True,0.9478217363357544,66.0,74.0,True,True,2.5,1.5
4951,48,86,False,0.8690001368522644,,,,,,
4972,80,81,False,0.7430599331855774,,,,,,
4973,46,48,False,0.6284038424491882,,,,,,
4979,27,6,False,0.6204966902732849,,,,,,
4981,59,65,False,0.7007923722267151,,,,,,
4984,50,50,False,0.7111297249794006,,,,,,
4988,1,2,False,0.7281023859977722,,,,,,
4989,46,19,False,0.5121712684631348,,,,,,
4992,16,63,False,0.6075742840766907,,,,,,
5000,62,61,False,0.7169895768165588,,,,,,
5002,59,59,False,0.5817763209342957,,,,,,
5004,12,13,False,0.6936693787574768,,,,,,
5006,87,87,False,0.5484428405761719,,,,,,
5009,24,20,False,0.5186001658439636,,,,,,
5010,7,57,False,0.5189899802207947,,,,,,
5012,39,84,False,0.5080888867378235,,,,,,
5016,28,50,False,0.6731215715408325,,,,,,
5018,46,65,False,0.6562397480010986,,,,,,
5020,19,20,False,0.5110489130020142,,,,,,
5022,40,58,False,0.5183952450752258,,,,,,
5027,24,57,False,0.7074524760246277,,,,,,
5029,24,8,False,0.5444107055664062,,,,,,
5033,5,32,False,0.607887327671051,,,,,,
5034,70,35,False,0.8596711158752441,,,,,,
5035,16,40,False,0.5261721014976501,,,,,,
5044,23,17,False,0.6744849681854248,,,,,,
5056,46,24,False,0.5487403273582458,,,,,,
5057,48,50,True,0.769325315952301,48.0,56.0,True,True,3.5,1.5
5058,46,46,False,0.8588166236877441,,,,,,
5066,23,25,True,0.9243475198745728,23.0,31.0,True,True,3.5,1.5
5067,27,27,False,0.5996230840682983,,,,,,
5072,45,57,False,0.552704930305481,,,,,,
5078,73,74,False,0.6093705892562866,,,,,,
5081,43,55,False,0.6309521794319153,,,,,,
5083,43,43,False,0.5515746474266052,,,,,,
5088,46,50,False,0.6763557195663452,,,,,,
5091,50,85,False,0.5623470544815063,,,,,,
5092,31,27,False,0.700663685798645,,,,,,
5093,30,83,False,0.5579654574394226,,,,,,
5094,1,90,False,0.616996705532074,,,,,,
5099,1,81,False,0.7522439956665039,,,,,,
5101,6,62,False,0.6791391968727112,,,,,,
5102,33,33,False,0.737064003944397,,,,,,
5107,33,36,False,0.6016546487808228,,,,,,
5111,37,39,False,0.701117217540741,,,,,,
5114,66,68,False,0.6344918608665466,,,,,,
5124,38,16,False,0.6298401951789856,,,,,,
5127,53,53,False,0.599143385887146,,,,,,
5129,18,75,False,0.7464439272880554,,,,,,
5139,48,50,False,0.7054778933525085,,,,,,
5143,37,38,False,0.7291419506072998,,,,,,
5144,45,48,False,0.6999925374984741,,,,,,
5146,40,44,False,0.5481394529342651,,,,,,
5147,42,43,False,0.8215863704681396,,,,,,
5153,26,27,True,0.9251419305801392,25.0,33.0,True,True,2.5,1.5
5154,32,88,False,0.5457136034965515,,,,,,
5155,54,78,False,0.5705260038375854,,,,,,
5157,36,38,False,0.6523887515068054,,,,,,
5159,12,11,True,0.9498056173324585,11.0,19.0,True,True,2.5,3.5
5162,31,35,False,0.547895073890686,,,,,,
5167,74,76,True,0.8398634195327759,73.0,81.0,True,True,2.5,0.5
5169,72,18,True,0.9531692266464233,72.0,80.0,True,True,3.5,57.5
5170,51,52,False,0.870536744594574,,,,,,
5173,24,22,False,0.5360937118530273,,,,,,
5174,78,78,True,0.8427653908729553,76.0,84.0,True,True,1.5,1.5
5175,42,44,True,0.9337117075920105,42.0,50.0,True,True,3.5,1.5
5189,3,9,False,0.7360830903053284,,,,,,
5191,34,29,False,0.6530625820159912,,,,,,
5196,17,4,False,0.7507901191711426,,,,,,
5197,38,53,False,0.8022257089614868,,,,,,
5198,66,20,False,0.6197559833526611,,,,,,
5205,48,38,False,0.5271098017692566,,,,,,
5207,21,78,False,0.6507214903831482,,,,,,
5210,2,51,False,0.680675208568573,,,,,,
5211,6,8,False,0.6576675772666931,,,,,,
5219,8,9,False,0.5950466990470886,,,,,,
5220,66,67,False,0.7384581565856934,,,,,,
5225,37,23,False,0.529798686504364,,,,,,
5226,63,64,True,0.8551332354545593,61.0,69.0,True,True,1.5,0.5
5231,46,47,False,0.9222749471664429,,,,,,
5234,10,50,False,0.534636378288269,,,,,,
5238,26,24,True,0.9217336177825928,22.0,30.0,True,True,0.5,1.5
5239,40,52,False,0.5876481533050537,,,,,,
5241,42,71,False,0.6276775598526001,,,,,,
5242,52,52,False,0.5872015953063965,,,,,,
5246,85,86,True,0.8691681623458862,84.0,92.0,True,True,2.5,1.5
5247,60,62,False,0.7598021626472473,,,,,,
5248,42,36,False,0.8120410442352295,,,,,,
5250,20,14,False,0.5106974244117737,,,,,,
5256,40,58,False,0.8878180980682373,,,,,,
5257,97,93,True,0.836051344871521,91.0,99.0,True,True,2.5,1.5
5258,17,17,True,0.8556245565414429,15.0,23.0,True,True,1.5,1.5
5261,33,35,False,0.5354716777801514,,,,,,
5266,3,4,False,0.6465824842453003,,,,,,
5273,69,65,False,0.875150740146637,,,,,,
5274,43,44,True,0.9720820188522339,42.0,50.0,True,True,2.5,1.5
5275,14,12,False,0.9313297271728516,,,,,,
5276,40,43,False,0.513899564743042,,,,,,
5278,1,2,False,0.5072247982025146,,,,,,
5284,31,5,False,0.5389015674591064,,,,,,
5285,16,17,False,0.88231360912323,,,,,,
5287,14,7,False,0.6357300281524658,,,,,,
5288,79,81,False,0.5724509358406067,,,,,,
5293,78,82,False,0.5597704648971558,,,,,,
5294,43,51,False,0.5689353942871094,,,,,,
5301,72,82,False,0.73291015625,,,,,,
5303,55,54,False,0.7029345035552979,,,,,,
5304,40,75,False,0.6453285813331604,,,,,,
5307,42,85,False,0.6637071967124939,,,,,,
5312,11,100,False,0.5219470858573914,,,,,,
5314,17,49,False,0.6967082023620605,,,,,,
5316,10,71,False,0.725421130657196,,,,,,
5318,49,50,False,0.5164738893508911,,,,,,
5333,20,21,False,0.8066389560699463,,,,,,
5337,65,65,False,0.5474604964256287,,,,,,
5339,74,74,False,0.6080677509307861,,,,,,
5344,94,90,True,0.8535255789756775,88.0,96.0,True,True,2.5,1.5
5346,78,41,False,0.7929672002792358,,,,,,
5350,35,63,False,0.6601157188415527,,,,,,
5351,18,15,False,0.5141692161560059,,,,,,
5352,43,6,False,0.7354008555412292,,,,,,
5353,53,53,False,0.8380066752433777,,,,,,
5354,49,51,False,0.8096746802330017,,,,,,
5356,37,39,False,0.6944702863693237,,,,,,
5357,32,36,False,0.854927122592926,,,,,,
5366,48,4,False,0.5281017422676086,,,,,,
5368,22,51,False,0.725253164768219,,,,,,
5372,51,52,False,0.7325233221054077,,,,,,
5377,41,81,False,0.6246379613876343,,,,,,
5379,10,11,False,0.7455542683601379,,,,,,
5384,69,69,False,0.7473798394203186,,,,,,
5385,89,91,False,0.6134800314903259,,,,,,
5386,45,33,False,0.5465235710144043,,,,,,
5401,38,34,False,0.6247091293334961,,,,,,
5413,47,49,False,0.8071889877319336,,,,,,
5416,63,60,False,0.6302822828292847,,,,,,
5419,7,9,False,0.6703522801399231,,,,,,
5422,62,64,False,0.5923631191253662,,,,,,
5423,28,39,False,0.6127921938896179,,,,,,
5427,64,64,False,0.515805184841156,,,,,,
5430,4,5,False,0.5510809421539307,,,,,,
5435,26,44,False,0.6956318020820618,,,,,,
5436,19,19,False,0.7342442274093628,,,,,,
5439,88,89,False,0.5511782169342041,,,,,,
5440,55,56,False,0.6702547073364258,,,,,,
5456,22,85,False,0.6287859678268433,,,,,,
5463,90,85,True,0.8141643404960632,83.0,91.0,True,True,3.5,1.5
5473,63,71,False,0.5792196393013,,,,,,
5474,29,30,False,0.6964339017868042,,,,,,
5475,69,0,False,0.6008732318878174,,,,,,
5480,21,19,False,0.5486701726913452,,,,,,
5484,13,13,True,0.9473550319671631,11.0,19.0,True,True,1.5,1.5
5485,78,78,False,0.7606196999549866,,,,,,
5486,61,60,False,0.5451824069023132,,,,,,
5488,87,88,False,0.6839907765388489,,,,,,
5489,1,69,False,0.64261394739151,,,,,,
5495,15,17,False,0.8550260663032532,,,,,,
5497,80,83,False,0.5793373584747314,,,,,,
5510,35,99,False,0.7635146379470825,,,,,,
5511,1,48,False,0.6824702620506287,,,,,,
5513,65,65,False,0.5131782293319702,,,,,,
5516,22,100,False,0.6561031341552734,,,,,,
5519,15,15,False,0.5366784334182739,,,,,,
5523,37,39,True,0.8715238571166992,37.0,45.0,True,True,3.5,1.5
5528,27,27,False,0.7400093078613281,,,,,,
5532,52,52,False,0.6371728777885437,,,,,,
5534,66,67,False,0.6518283486366272,,,,,,
5541,45,47,False,0.5966029763221741,,,,,,
5542,50,4,True,0.9411543011665344,2.0,10.0,False,True,44.5,1.5
5543,51,54,True,0.9086775183677673,51.0,59.0,True,True,3.5,0.5
5544,19,27,False,0.547902524471283,,,,,,
5545,16,5,True,0.9299793243408203,10.0,18.0,True,True,2.5,8.5
5546,64,61,False,0.6362305283546448,,,,,,
5547,25,58,False,0.660391628742218,,,,,,
5549,15,17,False,0.7906169295310974,,,,,,
5551,17,18,False,0.9199910163879395,,,,,,
5552,24,51,False,0.6982438564300537,,,,,,
5553,29,25,False,0.8134032487869263,,,,,,
5554,2,82,False,0.5351154208183289,,,,,,
5557,24,8,False,0.5044759511947632,,,,,,
5560,38,38,False,0.7764944434165955,,,,,,
5565,32,77,False,0.7410679459571838,,,,,,
5567,55,54,False,0.5164561867713928,,,,,,
5568,31,31,False,0.5311948657035828,,,,,,
5572,41,75,False,0.5081601142883301,,,,,,
5573,14,40,False,0.520960807800293,,,,,,
5576,24,26,False,0.888466477394104,,,,,,
5584,62,58,True,0.9467056393623352,56.0,64.0,True,True,2.5,1.5
5588,30,47,False,0.5923724174499512,,,,,,
5591,42,42,False,0.8709763288497925,,,,,,
5594,49,61,False,0.6961097121238708,,,,,,
5595,49,81,False,0.5734542608261108,,,,,,
5596,43,45,True,0.9665898680686951,42.0,50.0,True,True,2.5,0.5
5597,30,31,False,0.898510217666626,,,,,,
5598,7,59,False,0.5063163638114929,,,,,,
5602,9,81,False,0.822551429271698,,,,,,
5605,16,85,False,0.7538947463035583,,,,,,
5606,16,16,False,0.7837488651275635,,,,,,
5612,32,33,True,0.8627421259880066,31.0,39.0,True,True,2.5,1.5
5614,40,42,True,0.8931117057800293,40.0,48.0,True,True,3.5,1.5
5615,5,69,False,0.849885880947113,,,,,,
5616,45,85,False,0.8269023895263672,,,,,,
5617,38,87,False,0.7912158966064453,,,,,,
5619,31,52,False,0.7638901472091675,,,,,,
5622,22,49,False,0.5519385933876038,,,,,,
5642,29,31,False,0.7236769199371338,,,,,,
5653,35,30,False,0.6727191805839539,,,,,,
5662,71,72,False,0.5899330377578735,,,,,,
5666,78,26,False,0.594180166721344,,,,,,
5678,19,17,False,0.7322891354560852,,,,,,
5681,81,83,True,0.8433514833450317,81.0,89.0,True,True,3.5,1.5
5686,9,5,True,0.8841441869735718,3.0,11.0,True,True,2.5,1.5
5687,63,62,False,0.7762060761451721,,,,,,
5690,56,56,True,0.9665704965591431,54.0,62.0,True,True,1.5,1.5
5692,41,41,False,0.6978192329406738,,,,,,
5702,20,20,False,0.522286057472229,,,,,,
5704,45,46,True,0.8428828716278076,44.0,52.0,True,True,2.5,1.5
5705,6,2,False,0.6297292113304138,,,,,,
5708,1,75,False,0.7475482821464539,,,,,,
5710,50,48,False,0.5844268202781677,,,,,,
5720,28,66,False,0.7354947328567505,,,,,,
5726,19,20,False,0.6357355713844299,,,,,,
5730,48,48,False,0.6982389092445374,,,,,,
5735,49,22,False,0.5415993928909302,,,,,,
5740,24,4,False,0.7268306612968445,,,,,,
5741,33,34,False,0.6454076170921326,,,,,,
5744,20,20,False,0.6317325830459595,,,,,,
5750,45,20,False,0.5348079204559326,,,,,,
5756,39,40,False,0.6560095548629761,,,,,,
5764,27,56,False,0.7159102559089661,,,,,,
5771,10,56,False,0.5261259078979492,,,,,,
5776,44,44,False,0.8741077780723572,,,,,,
5786,42,42,False,0.5686221122741699,,,,,,
5788,46,48,True,0.8304595947265625,46.0,54.0,True,True,3.5,1.5
5797,84,85,False,0.5121270418167114,,,,,,
5798,7,88,False,0.5337166786193848,,,,,,
5800,60,59,False,0.6190654039382935,,,,,,
5801,41,41,False,0.6576111912727356,,,,,,
5808,51,18,False,0.5631487369537354,,,,,,
5811,6,73,False,0.6762568950653076,,,,,,
5812,85,64,False,0.5221999287605286,,,,,,
5813,33,29,False,0.6812391877174377,,,,,,
5816,25,78,False,0.7804809808731079,,,,,,
5817,19,20,False,0.6005876064300537,,,,,,
5819,29,93,False,0.5078275203704834,,,,,,
5820,38,63,False,0.5769700407981873,,,,,,
5822,65,89,False,0.505192756652832,,,,,,
5829,35,51,False,0.5209264159202576,,,,,,
5832,42,85,False,0.5044541954994202,,,,,,
5836,53,81,False,0.5339219570159912,,,,,,
5838,34,29,False,0.539703369140625,,,,,,
5842,49,15,False,0.5169726610183716,,,,,,
5848,9,13,False,0.538642168045044,,,,,,
5851,38,39,False,0.6900790333747864,,,,,,
5857,20,22,False,0.7582387328147888,,,,,,
5862,39,61,False,0.5023850798606873,,,,,,
5863,30,37,False,0.622201144695282,,,,,,
5868,25,25,False,0.613135576248169,,,,,,
5869,35,36,False,0.7903715372085571,,,,,,
5892,52,53,False,0.5078155398368835,,,,,,
5894,36,37,False,0.5517612099647522,,,,,,
5899,44,22,False,0.6451477408409119,,,,,,
5901,33,34,False,0.8385615944862366,,,,,,
5904,21,88,False,0.587334394454956,,,,,,
5907,50,74,False,0.7662546634674072,,,,,,
5910,14,10,False,0.7753908634185791,,,,,,
5917,4,5,False,0.6487991213798523,,,,,,
5923,26,11,False,0.5347353219985962,,,,,,
5931,94,90,True,0.975387454032898,88.0,96.0,True,True,2.5,1.5
5932,1,1,False,0.5096250772476196,,,,,,
5941,2,93,False,0.71137535572052,,,,,,
5942,79,80,False,0.7196387052536011,,,,,,
5948,36,7,False,0.5226880311965942,,,,,,
5964,9,3,False,0.5382916927337646,,,,,,
5967,58,18,False,0.5299615263938904,,,,,,
5968,58,60,False,0.8133059144020081,,,,,,
5978,34,30,False,0.5397458076477051,,,,,,
5982,20,22,True,0.8992546796798706,20.0,28.0,True,True,3.5,1.5
5983,52,47,False,0.544691264629364,,,,,,
5985,76,78,False,0.7966076731681824,,,,,,
5992,26,29,False,0.7993391752243042,,,,,,
5995,81,80,False,0.5052340626716614,,,,,,
6001,37,40,False,0.7509636282920837,,,,,,
6003,39,39,False,0.7041346430778503,,,,,,
6004,17,19,False,0.5615326166152954,,,,,,
6005,49,77,False,0.6353325247764587,,,,,,
6007,43,13,False,0.6223850846290588,,,,,,
6017,70,54,True,0.9614595770835876,50.0,58.0,False,True,16.5,0.5
6019,65,65,False,0.7266730666160583,,,,,,
6020,27,29,False,0.6449551582336426,,,,,,
6022,94,89,True,0.8432262539863586,87.0,95.0,True,True,3.5,1.5
6023,37,35,False,0.5276136994361877,,,,,,
6024,56,78,False,0.519736647605896,,,,,,
6040,61,62,False,0.5623482465744019,,,,,,
6041,44,46,True,0.9608049392700195,43.0,51.0,True,True,2.5,0.5
6044,26,73,False,0.8972728252410889,,,,,,
6046,15,11,False,0.5820843577384949,,,,,,
6052,90,91,False,0.8366935849189758,,,,,,
6059,26,28,False,0.7920685410499573,,,,,,
6064,30,30,False,0.6759329438209534,,,,,,
6067,15,93,False,0.5692705512046814,,,,,,
6073,74,74,False,0.5551679134368896,,,,,,
6074,9,39,False,0.6711130142211914,,,,,,
6084,21,16,False,0.6765403151512146,,,,,,
6085,82,82,False,0.5213925242424011,,,,,,
6088,32,58,False,0.7720841765403748,,,,,,
6094,46,46,False,0.5938957929611206,,,,,,
6100,71,88,False,0.6046026945114136,,,,,,
6101,52,54,True,0.9001085758209229,52.0,60.0,True,True,3.5,1.5
6105,22,93,False,0.6743772029876709,,,,,,
6106,38,84,False,0.6082468032836914,,,,,,
6107,17,15,False,0.6869286298751831,,,,,,
6109,14,13,False,0.7429819703102112,,,,,,
6111,48,50,False,0.8257248401641846,,,,,,
6115,15,16,False,0.5770984292030334,,,,,,
6116,14,16,False,0.6661181449890137,,,,,,
6117,57,85,False,0.5107181072235107,,,,,,
6121,27,65,False,0.5329982042312622,,,,,,
6122,34,30,True,0.9068016409873962,28.0,36.0,True,True,2.5,1.5
6126,63,57,False,0.5004339218139648,,,,,,
6127,17,17,True,0.8675733804702759,15.0,23.0,True,True,1.5,1.5
6128,8,22,False,0.535111129283905,,,,,,
6134,78,79,False,0.6900545358657837,,,,,,
6148,64,62,False,0.5543848872184753,,,,,,
6149,35,34,False,0.6337695717811584,,,,,,
6151,38,28,False,0.5489047765731812,,,,,,
6154,6,7,False,0.7384719252586365,,,,,,
6158,0,6,False,0.5514105558395386,,,,,,
6159,6,77,False,0.7556158304214478,,,,,,
6162,28,58,False,0.8072360157966614,,,,,,
6164,37,38,False,0.7072805762290955,,,,,,
6165,7,5,False,0.5598018169403076,,,,,,
6172,66,67,False,0.5846130847930908,,,,,,
6173,94,95,True,0.9064321517944336,93.0,101.0,True,True,2.5,1.5
6177,37,21,False,0.5917086005210876,,,,,,
6181,63,61,False,0.6534451842308044,,,,,,
6182,6,94,False,0.5573986172676086,,,,,,
6185,23,79,False,0.6862998604774475,,,,,,
6186,47,10,False,0.5397871136665344,,,,,,
6192,31,33,False,0.555240273475647,,,,,,
6203,52,72,False,0.5297673940658569,,,,,,
6210,46,22,False,0.5832483768463135,,,,,,
6211,51,87,False,0.5515931248664856,,,,,,
6220,78,73,False,0.6107473969459534,,,,,,
6222,60,56,False,0.6945592761039734,,,,,,
6225,30,32,False,0.8657458424568176,,,,,,
6226,39,0,False,0.7205125689506531,,,,,,
6227,41,12,False,0.5450500249862671,,,,,,
6234,3,83,False,0.5432556867599487,,,,,,
6238,43,46,False,0.7782089710235596,,,,,,
6239,23,47,False,0.8224129676818848,,,,,,
6241,39,38,True,0.8615524768829346,36.0,44.0,True,True,0.5,1.5
6244,12,13,False,0.7569947242736816,,,,,,
6246,57,57,True,0.9548929929733276,55.0,63.0,True,True,1.5,1.5
6252,71,100,False,0.5097019672393799,,,,,,
6260,35,10,False,0.578356146812439,,,,,,
6267,27,53,False,0.8131832480430603,,,,,,
6268,17,39,False,0.6513720750808716,,,,,,
6272,60,58,False,0.9431787133216858,,,,,,
6275,19,36,False,0.6066070199012756,,,,,,
6276,75,99,False,0.5861268639564514,,,,,,
6287,37,38,False,0.865388035774231,,,,,,
6288,45,67,False,0.6870551109313965,,,,,,
6291,18,19,False,0.8896920084953308,,,,,,
6296,30,31,False,0.7800459861755371,,,,,,
6300,2,3,False,0.7610969543457031,,,,,,
6307,95,95,False,0.5501008033752441,,,,,,
6313,51,51,False,0.6344248056411743,,,,,,
6316,49,19,False,0.5724930763244629,,,,,,
6327,30,28,False,0.6335961222648621,,,,,,
6344,47,42,True,0.9489185810089111,40.0,48.0,True,True,3.5,1.5
6348,84,85,False,0.8486371040344238,,,,,,
6350,43,41,False,0.5246310830116272,,,,,,
6357,20,15,False,0.5197728872299194,,,,,,
6363,23,86,False,0.6713541150093079,,,,,,
6374,19,100,False,0.7033354043960571,,,,,,
6377,45,45,False,0.7684754133224487,,,,,,
6380,12,71,False,0.7636615633964539,,,,,,
6386,40,42,True,0.8506681323051453,40.0,48.0,True,True,3.5,1.5
6388,6,8,False,0.6343927979469299,,,,,,
6390,28,29,False,0.8900443911552429,,,,,,
6397,13,14,False,0.5811128616333008,,,,,,
6405,60,60,False,0.7607972621917725,,,,,,
6408,7,9,False,0.6754885315895081,,,,,,
6409,27,29,False,0.7127907872200012,,,,,,
6422,81,49,True,0.8236803412437439,80.0,88.0,True,False,2.5,34.5
6430,80,81,False,0.8428543210029602,,,,,,
6432,62,89,True,0.9882593154907227,87.0,95.0,False,True,28.5,1.5
6434,2,34,False,0.6504504084587097,,,,,,
6435,85,86,False,0.5947906374931335,,,,,,
6442,60,61,True,0.9939073920249939,60.0,68.0,True,True,3.5,2.5
6443,40,41,False,0.5254459381103516,,,,,,
6447,15,55,False,0.7933981418609619,,,,,,
6449,40,22,False,0.566443920135498,,,,,,
6452,65,66,False,0.6856029629707336,,,,,,
6455,16,13,False,0.8939701914787292,,,,,,
6456,88,88,True,0.5107477903366089,86.0,94.0,True,True,1.5,1.5
6460,30,30,False,0.5445020794868469,,,,,,
6466,21,17,False,0.6109774708747864,,,,,,
6471,45,48,False,0.57420814037323,,,,,,
6473,59,60,True,0.8608146905899048,58.0,66.0,True,True,2.5,1.5
6474,73,74,False,0.6345459222793579,,,,,,
6478,94,95,False,0.7742383480072021,,,,,,
6485,46,44,False,0.5220330357551575,,,,,,
6487,20,100,False,0.5496476292610168,,,,,,
6492,14,8,False,0.5180142521858215,,,,,,
6494,16,15,False,0.5895287990570068,,,,,,
6497,64,63,False,0.5175796151161194,,,,,,
6502,11,35,False,0.5259530544281006,,,,,,
6503,42,73,False,0.6483020186424255,,,,,,
6505,56,53,False,0.6485176086425781,,,,,,
6507,50,22,False,0.5604930520057678,,,,,,
6508,12,17,False,0.7258384227752686,,,,,,
6510,21,21,True,0.9226239919662476,19.0,27.0,True,True,1.5,1.5
6525,12,95,False,0.5538615584373474,,,,,,
6528,47,48,True,0.9367333054542542,46.0,54.0,True,True,2.5,1.5
6529,65,66,False,0.9330668449401855,,,,,,
6530,47,70,False,0.586482584476471,,,,,,
6536,24,25,False,0.6039102673530579,,,,,,
6539,29,30,True,0.9127109050750732,28.0,36.0,True,True,2.5,1.5
6540,28,55,False,0.823404848575592,,,,,,
6545,19,20,False,0.7881128191947937,,,,,,
6546,55,21,False,0.5612260699272156,,,,,,
6548,29,64,False,0.7798650860786438,,,,,,
6549,23,24,False,0.5383279919624329,,,,,,
6551,8,10,False,0.806135356426239,,,,,,
6557,35,36,False,0.8819530010223389,,,,,,
6561,38,40,False,0.8315823078155518,,,,,,
6562,38,40,False,0.7219460010528564,,,,,,
6571,84,86,True,0.8300886154174805,84.0,92.0,True,True,3.5,1.5
6573,48,44,False,0.5683319568634033,,,,,,
6574,75,7,False,0.5846769213676453,,,,,,
6575,55,77,False,0.7023801803588867,,,,,,
6578,2,4,False,0.6313264966011047,,,,,,
6581,74,76,False,0.7725067138671875,,,,,,
6584,10,11,True,0.8845176696777344,9.0,17.0,True,True,2.5,1.5
6588,90,91,False,0.5621663331985474,,,,,,
6592,12,10,False,0.5302911996841431,,,,,,
6594,56,83,False,0.5312185883522034,,,,,,
6599,6,9,False,0.583437979221344,,,,,,
6606,19,63,False,0.608798086643219,,,,,,
6607,44,53,False,0.7457747459411621,,,,,,
6609,63,57,False,0.7349514365196228,,,,,,
6610,62,62,False,0.9353448748588562,,,,,,
6612,7,6,False,0.524856686592102,,,,,,
6616,26,26,False,0.7248514294624329,,,,,,
6620,47,74,False,0.7522748112678528,,,,,,
6625,73,74,False,0.7293201088905334,,,,,,
6628,93,18,False,0.7463345527648926,,,,,,
6631,38,38,False,0.5946229100227356,,,,,,
6632,31,30,True,0.9635940790176392,30.0,38.0,True,True,2.5,3.5
6634,24,20,False,0.6657990217208862,,,,,,
6637,28,17,False,0.5820803642272949,,,,,,
6638,28,53,False,0.5250456929206848,,,,,,
6640,3,8,False,0.6145589351654053,,,,,,
6643,6,4,False,0.5282350182533264,,,,,,
6644,36,36,True,0.7998714447021484,86.0,94.0,False,False,53.5,53.5
6650,52,53,True,0.9629613757133484,51.0,59.0,True,True,2.5,1.5
6659,30,29,False,0.5583797693252563,,,,,,
6662,32,54,False,0.7615410089492798,,,,,,
6676,8,90,False,0.6506881713867188,,,,,,
6679,9,11,False,0.6008830070495605,,,,,,
6680,70,71,False,0.8281951546669006,,,,,,
6683,39,44,False,0.7054258584976196,,,,,,
6684,22,23,True,0.9038217067718506,21.0,29.0,True,True,2.5,1.5
6688,4,21,False,0.529416561126709,,,,,,
6692,46,64,False,0.583157479763031,,,,,,
6694,25,25,False,0.5483302474021912,,,,,,
6696,69,73,False,0.5016862154006958,,,,,,
6697,27,26,False,0.8301941752433777,,,,,,
6702,16,31,False,0.7841048836708069,,,,,,
6703,30,58,False,0.708232045173645,,,,,,
6706,34,42,False,0.6282947063446045,,,,,,
6708,10,8,False,0.7018905282020569,,,,,,
6709,15,16,False,0.9256502389907837,,,,,,
6711,13,15,False,0.8663176894187927,,,,,,
6712,41,45,False,0.7904239296913147,,,,,,
6713,43,47,False,0.5294880867004395,,,,,,
6714,43,40,False,0.6407513618469238,,,,,,
6721,42,44,False,0.714454174041748,,,,,,
6727,81,82,True,0.8729861974716187,80.0,88.0,True,True,2.5,1.5
6733,32,29,False,0.6424070596694946,,,,,,
6735,30,31,False,0.5051982998847961,,,,,,
6740,34,34,False,0.6577183604240417,,,,,,
6741,60,62,False,0.5235577821731567,,,,,,
6743,50,52,False,0.6655229330062866,,,,,,
6744,24,51,False,0.5849863290786743,,,,,,
6747,96,92,True,0.7796862721443176,90.0,98.0,True,True,2.5,1.5
6765,29,29,False,0.8008862733840942,,,,,,
6772,58,55,True,0.9517243504524231,53.0,61.0,True,True,1.5,1.5
6773,36,15,False,0.557543158531189,,,,,,
6775,4,25,False,0.6057504415512085,,,,,,
6783,54,56,False,0.7010633945465088,,,,,,
6790,41,38,False,0.5664412975311279,,,,,,
6792,13,64,False,0.5694838762283325,,,,,,
6794,18,100,False,0.5433042049407959,,,,,,
6796,12,46,False,0.685936450958252,,,,,,
6798,41,40,False,0.508980393409729,,,,,,
6801,59,1,False,0.5315197110176086,,,,,,
6802,43,67,False,0.5069467425346375,,,,,,
6803,52,9,False,0.5417453646659851,,,,,,
6807,64,42,False,0.6852017641067505,,,,,,
6818,42,44,False,0.8697757720947266,,,,,,
6820,51,53,True,0.8960299491882324,49.0,57.0,True,True,1.5,0.5
6823,52,53,False,0.9437801837921143,,,,,,
6827,24,26,False,0.8354722261428833,,,,,,
6830,33,33,False,0.5134603977203369,,,,,,
6831,59,59,False,0.548583447933197,,,,,,
6834,86,86,False,0.6357579231262207,,,,,,
6835,86,23,False,0.6077089309692383,,,,,,
6836,61,63,False,0.6756119728088379,,,,,,
6838,29,10,False,0.7039093971252441,,,,,,
6843,84,84,False,0.7166851162910461,,,,,,
6844,43,43,False,0.7400500774383545,,,,,,
6851,25,26,False,0.881467342376709,,,,,,
6852,23,24,False,0.5564854741096497,,,,,,
6853,69,75,False,0.584892213344574,,,,,,
6856,33,34,True,0.9647207856178284,32.0,40.0,True,True,2.5,1.5
6858,20,20,False,0.6790639758110046,,,,,,
6859,33,33,False,0.6796473860740662,,,,,,
6860,49,50,False,0.8008343577384949,,,,,,
6862,49,49,False,0.8072820901870728,,,,,,
6865,17,18,False,0.7674916982650757,,,,,,
6868,25,26,False,0.6125828623771667,,,,,,
6871,62,65,True,0.894719123840332,62.0,70.0,True,True,3.5,0.5
6875,42,40,False,0.5446575284004211,,,,,,
6887,56,9,False,0.5214211940765381,,,,,,
6888,48,44,False,0.5750129222869873,,,,,,
6889,89,86,False,0.5150063037872314,,,,,,
6893,5,70,False,0.5728309154510498,,,,,,
6902,26,43,False,0.5874581933021545,,,,,,
6904,18,19,False,0.8152135014533997,,,,,,
6910,25,26,False,0.9021312594413757,,,,,,
6911,54,56,False,0.692304790019989,,,,,,
6915,33,43,False,0.5094889998435974,,,,,,
6917,3,23,False,0.553504228591919,,,,,,
6921,60,67,False,0.7367923855781555,,,,,,
6923,3,75,False,0.6830108761787415,,,,,,
6926,27,74,False,0.8571026921272278,,,,,,
6930,37,67,False,0.6398648619651794,,,,,,
6931,22,60,False,0.6947012543678284,,,,,,
6939,89,89,True,0.8687238693237305,87.0,95.0,True,True,1.5,1.5
6954,11,62,False,0.6851608157157898,,,,,,
6955,45,100,False,0.6435482501983643,,,,,,
6956,21,23,False,0.8352401852607727,,,,,,
6958,40,40,False,0.5517618656158447,,,,,,
6962,51,69,False,0.719549298286438,,,,,,
6970,33,34,True,0.9091694951057434,32.0,40.0,True,True,2.5,1.5
6973,28,23,False,0.6789841651916504,,,,,,
6974,44,63,False,0.6995313167572021,,,,,,
6980,48,49,False,0.5988177061080933,,,,,,
6983,33,33,False,0.8801279664039612,,,,,,
6986,16,72,False,0.640884280204773,,,,,,
6988,43,44,False,0.6659922003746033,,,,,,
6992,33,34,False,0.749463677406311,,,,,,
6993,18,15,False,0.7124464511871338,,,,,,
6996,66,62,False,0.5614272356033325,,,,,,
7000,60,61,False,0.947714626789093,,,,,,
7002,25,26,False,0.5962533950805664,,,,,,
7005,46,45,False,0.5483224391937256,,,,,,
7011,77,78,False,0.5127037167549133,,,,,,
7012,27,40,False,0.7389939427375793,,,,,,
7018,26,27,False,0.7536824941635132,,,,,,
7025,48,12,True,0.9034906625747681,10.0,18.0,False,True,34.5,1.5
7026,70,68,False,0.551003634929657,,,,,,
7029,37,47,False,0.6200391054153442,,,,,,
7036,65,64,False,0.6376498937606812,,,,,,
7052,41,90,False,0.6496177315711975,,,,,,
7054,38,85,False,0.7269216775894165,,,,,,
7055,46,48,False,0.5870817303657532,,,,,,
7068,73,69,False,0.8641299605369568,,,,,,
7072,15,17,False,0.7163233757019043,,,,,,
7073,29,24,True,0.9645397663116455,22.0,30.0,True,True,3.5,1.5
7074,44,46,True,0.8769962787628174,44.0,52.0,True,True,3.5,1.5
7085,33,34,False,0.6037048697471619,,,,,,
7086,10,36,False,0.6556293964385986,,,,,,
7090,39,12,False,0.7731701135635376,,,,,,
7092,6,6,False,0.8209571242332458,,,,,,
7094,30,32,False,0.5449269413948059,,,,,,
7095,16,19,False,0.7714904546737671,,,,,,
7096,27,40,False,0.6896876692771912,,,,,,
7097,47,46,False,0.6923605799674988,,,,,,
7102,90,91,False,0.6601485013961792,,,,,,
7105,72,15,False,0.5883484482765198,,,,,,
7106,16,88,False,0.5263082385063171,,,,,,
7110,11,43,False,0.5043554306030273,,,,,,
7116,7,42,False,0.7487136125564575,,,,,,
7121,71,65,False,0.8274315595626831,,,,,,
7122,24,19,False,0.508699357509613,,,,,,
7123,60,55,False,0.7935490012168884,,,,,,
7126,44,38,False,0.5337437987327576,,,,,,
7136,37,37,False,0.6331462860107422,,,,,,
7137,53,53,False,0.7107512950897217,,,,,,
7146,41,39,False,0.5396808385848999,,,,,,
7152,41,41,False,0.7516534924507141,,,,,,
7159,40,42,False,0.8035532236099243,,,,,,
7160,13,40,False,0.5640447735786438,,,,,,
7166,17,18,False,0.6970568299293518,,,,,,
7168,55,56,True,0.8625103831291199,54.0,62.0,True,True,2.5,1.5
7169,56,57,False,0.8604166507720947,,,,,,
7170,31,43,False,0.639942467212677,,,,,,
7171,58,60,True,0.9723590016365051,58.0,66.0,True,True,3.5,1.5
7172,58,54,True,0.8959860801696777,52.0,60.0,True,True,2.5,1.5
7174,4,77,False,0.7294769287109375,,,,,,
7187,28,81,False,0.5292523503303528,,,,,,
7188,35,36,False,0.8469052314758301,,,,,,
7189,80,82,True,0.8799410462379456,80.0,88.0,True,True,3.5,1.5
7204,41,38,False,0.950222373008728,,,,,,
7210,16,22,False,0.5021666884422302,,,,,,
7212,28,26,False,0.5156664252281189,,,,,,
7213,20,21,False,0.7121798396110535,,,,,,
7214,59,62,False,0.5276978015899658,,,,,,
7216,65,65,False,0.7549543976783752,,,,,,
7217,0,84,False,0.530377984046936,,,,,,
7226,26,79,False,0.5624270439147949,,,,,,
7227,18,5,False,0.5774297118186951,,,,,,
7240,1,12,False,0.5748989582061768,,,,,,
7241,5,22,False,0.8099449276924133,,,,,,
7242,67,62,False,0.5025644302368164,,,,,,
7248,70,69,False,0.6083261966705322,,,,,,
7255,64,87,False,0.5441690683364868,,,,,,
7257,54,20,False,0.5212817192077637,,,,,,
7258,51,75,False,0.5272460579872131,,,,,,
7260,82,82,True,0.8335671424865723,80.0,88.0,True,True,1.5,1.5
7261,23,22,False,0.9863384366035461,,,,,,
7267,10,12,False,0.6594988703727722,,,,,,
7268,1,95,False,0.8242551684379578,,,,,,
7272,12,21,False,0.597723662853241,,,,,,
7277,24,49,False,0.7483702898025513,,,,,,
7278,81,1,False,0.5327221155166626,,,,,,
7280,95,96,False,0.6049532294273376,,,,,,
7282,56,58,True,0.8867645263671875,56.0,64.0,True,True,3.5,1.5
7283,50,1,False,0.5747909545898438,,,,,,
7288,25,85,False,0.5575818419456482,,,,,,
7289,30,82,False,0.5085431933403015,,,,,,
7292,21,79,False,0.6285617351531982,,,,,,
7297,37,72,False,0.6234495043754578,,,,,,
7298,5,7,False,0.5161343216896057,,,,,,
7299,9,34,False,0.718465268611908,,,,,,
7301,23,24,True,0.9061272740364075,22.0,30.0,True,True,2.5,1.5
7305,39,40,False,0.7257378697395325,,,,,,
7309,36,37,False,0.5445839166641235,,,,,,
7311,45,47,False,0.7279229164123535,,,,,,
7315,7,6,False,0.6291135549545288,,,,,,
7317,45,45,False,0.8264424204826355,,,,,,
7320,44,5,False,0.5155121684074402,,,,,,
7323,2,44,False,0.6445026397705078,,,,,,
7325,31,31,False,0.6830434203147888,,,,,,
7331,30,31,True,0.9497559070587158,64.0,72.0,False,False,37.5,36.5
7332,19,20,False,0.8907294273376465,,,,,,
7333,30,85,False,0.7012069821357727,,,,,,
7335,83,84,False,0.7049539685249329,,,,,,
7337,25,22,True,0.8836259841918945,19.0,27.0,True,True,2.5,0.5
7338,73,66,False,0.5324984788894653,,,,,,
7341,48,43,False,0.6051024794578552,,,,,,
7342,2,2,False,0.7831459045410156,,,,,,
7347,47,6,False,0.896690309047699,,,,,,
7349,38,23,False,0.5602754354476929,,,,,,
7350,15,14,False,0.6878423690795898,,,,,,
7353,50,80,False,0.7833677530288696,,,,,,
7356,92,90,False,0.5349458456039429,,,,,,
7359,54,51,True,0.907691478729248,48.0,56.0,True,True,2.5,0.5
7360,8,54,False,0.6839509010314941,,,,,,
7367,8,10,True,0.776695966720581,8.0,16.0,True,True,3.5,1.5
7369,66,62,False,0.8055382370948792,,,,,,
7383,3,88,False,0.5161408185958862,,,,,,
7384,44,100,False,0.5299128293991089,,,,,,
7389,1,93,False,0.5254071950912476,,,,,,
7400,64,65,True,0.9433826208114624,63.0,71.0,True,True,2.5,1.5
7402,14,91,False,0.6769154667854309,,,,,,
7406,79,79,False,0.5900980234146118,,,,,,
7408,85,87,False,0.9069836139678955,,,,,,
7411,64,64,False,0.524107038974762,,,,,,
7417,38,38,False,0.7830535769462585,,,,,,
7418,69,70,False,0.7129218578338623,,,,,,
7421,5,77,False,0.8170181512832642,,,,,,
7422,16,14,False,0.6112315654754639,,,,,,
7425,59,60,False,0.8289105296134949,,,,,,
7433,42,41,False,0.8136064410209656,,,,,,
7437,15,17,False,0.7432051301002502,,,,,,
7441,22,22,False,0.8184617757797241,,,,,,
7449,53,55,False,0.6517162919044495,,,,,,
7454,92,93,False,0.7056528925895691,,,,,,
7457,10,49,False,0.5418429374694824,,,,,,
7461,46,42,False,0.7127975225448608,,,,,,
7464,7,8,False,0.6960042119026184,,,,,,
7472,7,82,False,0.5268420577049255,,,,,,
7478,33,33,False,0.8668978214263916,,,,,,
7480,69,58,False,0.5034005045890808,,,,,,
7485,58,79,False,0.664577066898346,,,,,,
7486,47,48,False,0.8355818390846252,,,,,,
7487,69,91,False,0.6971104741096497,,,,,,
7493,44,81,False,0.6601405739784241,,,,,,
7500,27,29,False,0.5814783573150635,,,,,,
7504,90,13,True,0.6876533031463623,89.0,97.0,True,False,2.5,79.5
7505,0,94,False,0.683823823928833,,,,,,
7508,79,75,False,0.7749786972999573,,,,,,
7514,96,97,False,0.7601288557052612,,,,,,
7516,52,2,False,0.6860638856887817,,,,,,
7536,71,75,False,0.6608375310897827,,,,,,
7537,84,82,False,0.5576786398887634,,,,,,
7548,30,31,False,0.5495381355285645,,,,,,
7554,59,59,False,0.6987517476081848,,,,,,
7556,51,19,False,0.5082814693450928,,,,,,
7559,53,53,False,0.5243046283721924,,,,,,
7560,34,44,False,0.5456114411354065,,,,,,
7574,79,79,False,0.5667380094528198,,,,,,
7583,33,31,False,0.7713614106178284,,,,,,
7584,31,33,True,0.8957446813583374,31.0,39.0,True,True,3.5,1.5
7585,51,55,False,0.7570672631263733,,,,,,
7589,6,4,False,0.5767694115638733,,,,,,
7594,2,2,False,0.5605982542037964,,,,,,
7605,33,92,False,0.5379448533058167,,,,,,
7608,17,19,False,0.6116933226585388,,,,,,
7612,18,20,False,0.6610009074211121,,,,,,
7613,39,40,False,0.7211318612098694,,,,,,
7617,35,69,False,0.6684326529502869,,,,,,
7623,3,5,False,0.5293598175048828,,,,,,
7626,67,64,True,0.8891382813453674,61.0,69.0,True,True,2.5,0.5
7628,87,82,False,0.5207791924476624,,,,,,
7631,13,18,False,0.5821520090103149,,,,,,
7633,1,54,False,0.6197227239608765,,,,,,
7637,95,91,True,0.8954589366912842,89.0,97.0,True,True,2.5,1.5
7640,39,40,True,0.9144337177276611,38.0,46.0,True,True,2.5,1.5
7641,8,79,False,0.5758574604988098,,,,,,
7645,3,74,False,0.8104992508888245,,,,,,
7648,19,62,False,0.6299479007720947,,,,,,
7651,64,65,False,0.8064975738525391,,,,,,
7652,48,48,False,0.6149723529815674,,,,,,
7656,33,33,False,0.683655858039856,,,,,,
7662,67,83,False,0.598829448223114,,,,,,
7667,41,42,False,0.6108010411262512,,,,,,
7669,44,44,False,0.6382084488868713,,,,,,
7671,37,37,False,0.5133650898933411,,,,,,
7674,39,40,False,0.5495925545692444,,,,,,
7675,19,16,False,0.5636952519416809,,,,,,
7677,26,80,False,0.6786150932312012,,,,,,
7680,59,60,False,0.886076807975769,,,,,,
7683,44,46,False,0.9223302006721497,,,,,,
7685,44,43,False,0.8063613176345825,,,,,,
7686,71,71,False,0.6376612782478333,,,,,,
7688,10,60,False,0.5738613605499268,,,,,,
7689,75,36,False,0.5859107375144958,,,,,,
7692,60,62,False,0.6606738567352295,,,,,,
7700,36,83,False,0.6555700898170471,,,,,,
7701,19,37,False,0.5021269917488098,,,,,,
7704,1,49,False,0.5751879811286926,,,,,,
7710,48,77,False,0.6557109951972961,,,,,,
7712,22,23,False,0.5893790125846863,,,,,,
7713,67,68,True,0.8465089201927185,66.0,74.0,True,True,2.5,1.5
7719,4,99,False,0.6005366444587708,,,,,,
7727,75,9,False,0.6554334163665771,,,,,,
7728,36,74,False,0.7774658799171448,,,,,,
7729,68,62,False,0.701387882232666,,,,,,
7731,18,40,False,0.6925160884857178,,,,,,
7733,35,91,False,0.6603844165802002,,,,,,
7734,46,46,True,0.8250311613082886,44.0,52.0,True,True,1.5,1.5
7736,40,32,False,0.7216247320175171,,,,,,
7738,82,84,True,0.8740968704223633,82.0,90.0,True,True,3.5,1.5
7744,57,81,False,0.7553215026855469,,,,,,
7748,58,96,False,0.7016133069992065,,,,,,
7754,35,27,False,0.6145487427711487,,,,,,
7758,33,34,False,0.8232595920562744,,,,,,
7764,8,8,False,0.7204712629318237,,,,,,
7770,77,82,False,0.5039228200912476,,,,,,
7773,31,52,False,0.6579811573028564,,,,,,
7776,48,48,False,0.6228457093238831,,,,,,
7778,9,14,False,0.5482082366943359,,,,,,
7780,54,32,False,0.9042648077011108,,,,,,
7786,29,18,False,0.570184588432312,,,,,,
7788,53,54,False,0.5336079001426697,,,,,,
7790,2,4,False,0.74660724401474,,,,,,
7792,33,54,False,0.5077693462371826,,,,,,
7794,53,53,False,0.5657827258110046,,,,,,
7800,30,30,False,0.7851814031600952,,,,,,
7803,63,62,False,0.5257841348648071,,,,,,
7811,62,61,False,0.5191525220870972,,,,,,
7820,14,14,True,0.8426979184150696,12.0,20.0,True,True,1.5,1.5
7821,68,67,False,0.985828161239624,,,,,,
7822,27,4,False,0.5068767666816711,,,,,,
7823,37,38,False,0.9285744428634644,,,,,,
7825,19,100,False,0.7201763987541199,,,,,,
7826,72,73,False,0.7473153471946716,,,,,,
7830,6,86,False,0.7132901549339294,,,,,,
7834,61,77,False,0.6720192432403564,,,,,,
7836,54,69,False,0.623167097568512,,,,,,
7842,38,39,False,0.6127347946166992,,,,,,
7849,5,92,False,0.5623754858970642,,,,,,
7856,41,74,False,0.6814567446708679,,,,,,
7860,52,48,False,0.7416988015174866,,,,,,
7864,22,34,False,0.7773085236549377,,,,,,
7865,33,33,False,0.554206371307373,,,,,,
7869,58,59,True,0.8958584666252136,57.0,65.0,True,True,2.5,1.5
7873,8,9,False,0.7486169934272766,,,,,,
7876,17,17,False,0.7004514336585999,,,,,,
7877,38,85,False,0.7619194388389587,,,,,,
7878,78,78,False,0.5893696546554565,,,,,,
7887,52,49,False,0.6406755447387695,,,,,,
7893,55,27,False,0.6057414412498474,,,,,,
7895,45,46,False,0.5914109945297241,,,,,,
7897,90,87,True,0.8959078192710876,84.0,92.0,True,True,2.5,0.5
7898,78,77,False,0.9235398769378662,,,,,,
7901,39,40,False,0.7738944292068481,,,,,,
7905,46,42,False,0.875282883644104,,,,,,
7916,48,47,False,0.5815286040306091,,,,,,
7921,33,62,False,0.5567535758018494,,,,,,
7923,40,41,True,0.8710337281227112,39.0,47.0,True,True,2.5,1.5
7925,40,40,False,0.6331870555877686,,,,,,
7928,3,4,False,0.6623433828353882,,,,,,
7934,17,18,False,0.8375670909881592,,,,,,
7938,16,20,False,0.6521311402320862,,,,,,
7943,4,6,True,0.7757957577705383,4.0,12.0,True,True,3.5,1.5
7944,30,25,True,0.8826963901519775,23.0,31.0,True,True,3.5,1.5
7950,14,14,True,0.8797689080238342,12.0,20.0,True,True,1.5,1.5
7952,77,2,False,0.8259230256080627,,,,,,
7953,27,27,False,0.6721414923667908,,,,,,
7954,87,83,False,0.5497037768363953,,,,,,
7959,45,45,False,0.6560949087142944,,,,,,
7961,76,72,False,0.7800199389457703,,,,,,
7966,86,87,False,0.5246986150741577,,,,,,
7967,44,1,False,0.5671108961105347,,,,,,
7968,32,30,False,0.6125578284263611,,,,,,
7973,48,52,False,0.654387354850769,,,,,,
7978,1,87,False,0.5315199494361877,,,,,,
7981,76,76,False,0.699160099029541,,,,,,
7983,48,87,False,0.7900125980377197,,,,,,
7984,29,4,False,0.5931026339530945,,,,,,
7993,76,78,False,0.6056785583496094,,,,,,
7994,54,72,False,0.716303825378418,,,,,,
7995,55,57,False,0.8566513061523438,,,,,,
8007,30,55,False,0.870190441608429,,,,,,
8008,10,90,False,0.6833680868148804,,,,,,
8015,71,73,False,0.7141427397727966,,,,,,
8017,61,63,False,0.5966253280639648,,,,,,
8020,57,58,False,0.9026925563812256,,,,,,
8030,38,39,False,0.5786473751068115,,,,,,
8034,85,81,False,0.7965483665466309,,,,,,
8036,32,31,False,0.6670993566513062,,,,,,
8043,62,81,False,0.617617666721344,,,,,,
8053,78,79,False,0.726346492767334,,,,,,
8057,37,36,False,0.6298299431800842,,,,,,
8059,28,51,False,0.634895920753479,,,,,,
8060,16,70,False,0.6298810839653015,,,,,,
8062,30,30,False,0.7214001417160034,,,,,,
8064,43,40,True,0.9056299924850464,37.0,45.0,True,True,2.5,0.5
8065,48,49,False,0.7051722407341003,,,,,,
8066,17,43,False,0.6943280696868896,,,,,,
8071,7,6,False,0.5587810277938843,,,,,,
8073,33,56,False,0.7770099639892578,,,,,,
8078,41,3,False,0.6855073571205139,,,,,,
8079,68,69,False,0.6694828271865845,,,,,,
8081,11,10,False,0.5615957379341125,,,,,,
8082,1,43,False,0.5633382797241211,,,,,,
8083,56,55,False,0.8415189981460571,,,,,,
8084,7,24,False,0.5555756688117981,,,,,,
8086,73,81,False,0.8207903504371643,,,,,,
8092,20,75,False,0.598348081111908,,,,,,
8098,5,2,False,0.6056129932403564,,,,,,
8104,30,30,False,0.7328207492828369,,,,,,
8105,5,6,True,0.924979567527771,4.0,12.0,True,True,2.5,1.5
8106,26,66,False,0.8076690435409546,,,,,,
8108,26,32,False,0.6165412068367004,,,,,,
8110,27,10,False,0.6287121176719666,,,,,,
8111,22,1,False,0.7627475261688232,,,,,,
8112,53,49,False,0.5543116927146912,,,,,,
8116,17,46,False,0.7106629014015198,,,,,,
8117,46,45,False,0.6825648546218872,,,,,,
8119,35,36,False,0.5945101380348206,,,,,,
8123,47,49,True,0.7453479170799255,45.0,53.0,True,True,1.5,0.5
8128,24,23,False,0.6587924957275391,,,,,,
8130,12,14,False,0.8454894423484802,,,,,,
8131,53,55,False,0.769237756729126,,,,,,
8134,60,57,False,0.7142555117607117,,,,,,
8139,15,44,True,0.9438989162445068,15.0,23.0,True,False,3.5,25.5
8158,76,62,True,0.9289065599441528,60.0,68.0,False,True,12.5,1.5
8159,61,63,True,0.9558523297309875,61.0,69.0,True,True,3.5,1.5
8160,23,49,False,0.7232246994972229,,,,,,
8166,58,60,True,0.8700651526451111,58.0,66.0,True,True,3.5,1.5
8169,99,99,False,0.5292964577674866,,,,,,
8177,31,32,False,0.7838830947875977,,,,,,
8183,38,40,False,0.829753041267395,,,,,,
8186,5,5,False,0.7370152473449707,,,,,,
8188,17,53,False,0.560371458530426,,,,,,
8191,9,9,False,0.5114032030105591,,,,,,
8200,37,35,False,0.557364821434021,,,,,,
8201,7,9,False,0.8298429250717163,,,,,,
8202,30,25,False,0.5459569692611694,,,,,,
8204,62,32,False,0.5870596170425415,,,,,,
8205,36,35,False,0.715000331401825,,,,,,
8206,24,22,False,0.5771568417549133,,,,,,
8210,39,38,False,0.5321090817451477,,,,,,
8211,29,29,False,0.9238895773887634,,,,,,
8212,44,46,True,0.8077055811882019,44.0,52.0,True,True,3.5,1.5
8218,67,67,False,0.6834151148796082,,,,,,
8222,34,36,True,0.9120948314666748,34.0,42.0,True,True,3.5,1.5
8231,51,87,False,0.7010007500648499,,,,,,
8236,3,39,False,0.5421698093414307,,,,,,
8237,53,84,False,0.7151606678962708,,,,,,
8238,25,24,False,0.5540342926979065,,,,,,
8240,55,55,True,0.8020943999290466,53.0,61.0,True,True,1.5,1.5
8241,92,88,True,0.808677613735199,86.0,94.0,True,True,2.5,1.5
8243,52,60,False,0.6490180492401123,,,,,,
8245,36,80,False,0.5649921298027039,,,,,,
8248,25,33,False,0.6389086246490479,,,,,,
8251,34,37,False,0.639268696308136,,,,,,
8255,14,41,False,0.5815744400024414,,,,,,
8262,43,39,False,0.7594400644302368,,,,,,
8270,65,79,False,0.739497721195221,,,,,,
8272,44,43,False,0.5920471549034119,,,,,,
8276,56,21,False,0.5948331952095032,,,,,,
8278,81,82,False,0.7211526036262512,,,,,,
8288,26,61,False,0.7994950413703918,,,,,,
8289,78,73,False,0.5987998247146606,,,,,,
8290,69,96,False,0.882742166519165,,,,,,
8293,74,68,False,0.8878162503242493,,,,,,
8294,28,64,False,0.6417688131332397,,,,,,
8295,58,53,True,0.9527992010116577,51.0,59.0,True,True,3.5,1.5
8297,28,2,False,0.6022527813911438,,,,,,
8303,64,66,False,0.571108341217041,,,,,,
8305,24,17,False,0.6757979393005371,,,,,,
8311,42,0,False,0.5053991675376892,,,,,,
8313,35,54,False,0.5445624589920044,,,,,,
8317,59,60,False,0.600126326084137,,,,,,
8318,60,58,False,0.7300689816474915,,,,,,
8328,50,52,True,0.8948009610176086,50.0,58.0,True,True,3.5,1.5
8330,45,40,False,0.8209782242774963,,,,,,
8332,22,24,True,0.9241709113121033,22.0,30.0,True,True,3.5,1.5
8333,41,95,False,0.5298758149147034,,,,,,
8346,27,31,False,0.5348381996154785,,,,,,
8349,37,32,False,0.5769146680831909,,,,,,
8350,13,8,False,0.6002628207206726,,,,,,
8355,19,69,False,0.8672785758972168,,,,,,
8360,18,18,False,0.7473719120025635,,,,,,
8363,16,14,False,0.7675297260284424,,,,,,
8374,14,100,False,0.6292459964752197,,,,,,
8377,45,46,False,0.7550655007362366,,,,,,
8378,27,58,False,0.7327402234077454,,,,,,
8381,77,3,True,0.8625483512878418,76.0,84.0,True,False,2.5,76.5
8383,28,26,False,0.6211661100387573,,,,,,
8385,53,55,False,0.5754716992378235,,,,,,
8391,12,8,False,0.6986870765686035,,,,,,
8393,4,4,True,0.8927587866783142,2.0,10.0,True,True,1.5,1.5
8409,9,5,False,0.5389360785484314,,,,,,
8411,29,87,False,0.5275802612304688,,,,,,
8413,16,44,False,0.7920278906822205,,,,,,
8418,41,39,False,0.6766679883003235,,,,,,
8421,20,21,False,0.8938508629798889,,,,,,
8425,23,24,False,0.5888446569442749,,,,,,
8430,35,37,False,0.8083657026290894,,,,,,
8433,25,24,False,0.5443966388702393,,,,,,
8436,52,31,False,0.5234273076057434,,,,,,
8442,16,18,False,0.8038010597229004,,,,,,
8444,47,39,False,0.508396565914154,,,,,,
8445,61,59,False,0.7477456331253052,,,,,,
8446,33,68,False,0.5777199268341064,,,,,,
8451,34,47,False,0.7809832096099854,,,,,,
8454,54,55,False,0.7137029767036438,,,,,,
8456,27,51,False,0.720196008682251,,,,,,
8461,30,31,True,0.8915650248527527,29.0,37.0,True,True,2.5,1.5
8465,31,56,False,0.7611026167869568,,,,,,
8468,47,44,False,0.5700334906578064,,,,,,
8469,19,20,False,0.6527722477912903,,,,,,
8470,27,27,False,0.651882529258728,,,,,,
8472,49,48,False,0.7067718505859375,,,,,,
8474,57,24,False,0.5327784419059753,,,,,,
8476,35,32,False,0.5899217128753662,,,,,,
8479,39,85,False,0.5336241722106934,,,,,,
8483,47,24,False,0.5127309560775757,,,,,,
8487,46,45,False,0.883277952671051,,,,,,
8488,42,17,False,0.5769096612930298,,,,,,
8491,22,16,False,0.5043597221374512,,,,,,
8492,1,24,False,0.6968565583229065,,,,,,
8494,19,16,False,0.7868030667304993,,,,,,
8502,41,43,False,0.5012469291687012,,,,,,
8504,85,86,False,0.7431591153144836,,,,,,
8505,32,34,True,0.9350004196166992,31.0,39.0,True,True,2.5,0.5
8508,6,37,False,0.636526882648468,,,,,,
8514,18,82,False,0.572354793548584,,,,,,
8515,81,83,False,0.5005031228065491,,,,,,
8518,48,54,False,0.7638003826141357,,,,,,
8519,11,46,False,0.5739681720733643,,,,,,
8520,31,32,False,0.9622898697853088,,,,,,
8522,50,51,False,0.6700644493103027,,,,,,
8524,48,48,False,0.6898953318595886,,,,,,
8528,36,37,False,0.8116685748100281,,,,,,
8529,51,61,False,0.7014255523681641,,,,,,
8531,9,10,False,0.5566003918647766,,,,,,
8533,42,42,False,0.6676654815673828,,,,,,
8540,24,25,False,0.667220413684845,,,,,,
8542,47,21,False,0.5574020147323608,,,,,,
8543,8,44,False,0.5876914858818054,,,,,,
8547,49,50,False,0.6829943656921387,,,,,,
8548,38,92,False,0.777835488319397,,,,,,
8551,93,93,False,0.5056976079940796,,,,,,
8556,37,38,False,0.6961383819580078,,,,,,
8557,52,52,False,0.533385157585144,,,,,,
8561,5,52,False,0.5431666374206543,,,,,,
8564,44,10,False,0.543474018573761,,,,,,
8566,75,72,True,0.9408205151557922,69.0,77.0,True,True,2.5,0.5
8571,36,36,False,0.6306167840957642,,,,,,
8572,59,2,True,0.9425736665725708,0.0,8.0,False,True,55.5,1.5
8576,7,49,False,0.7012926936149597,,,,,,
8584,85,0,False,0.5257301330566406,,,,,,
8588,59,60,False,0.7830033898353577,,,,,,
8591,15,38,False,0.6033948659896851,,,,,,
8592,47,47,False,0.6882724165916443,,,,,,
8596,40,42,False,0.8133799433708191,,,,,,
8597,31,31,False,0.5539688467979431,,,,,,
8598,88,84,False,0.5095241069793701,,,,,,
8603,30,32,True,0.9322528839111328,30.0,38.0,True,True,3.5,1.5
8605,9,11,False,0.6523033380508423,,,,,,
8606,40,40,True,0.9661644697189331,38.0,46.0,True,True,1.5,1.5
8611,27,29,False,0.7523285746574402,,,,,,
8613,36,34,False,0.5035495758056641,,,,,,
8615,57,75,False,0.7145968675613403,,,,,,
8624,62,63,False,0.5692223310470581,,,,,,
8625,54,52,False,0.6751129627227783,,,,,,
8630,97,99,False,0.5407759547233582,,,,,,
8635,36,14,False,0.5571155548095703,,,,,,
8636,22,23,True,0.9318627715110779,21.0,29.0,True,True,2.5,1.5
8639,51,51,False,0.6540420651435852,,,,,,
8640,57,53,True,0.7494694590568542,51.0,59.0,True,True,2.5,1.5
8641,55,78,False,0.6603279113769531,,,,,,
8646,19,15,True,0.8874450325965881,13.0,21.0,True,True,2.5,1.5
8650,8,62,False,0.691663384437561,,,,,,
8652,55,55,False,0.8833415508270264,,,,,,
8655,30,91,False,0.606111466884613,,,,,,
8657,93,94,False,0.8031882643699646,,,,,,
8659,35,37,True,0.8720970153808594,35.0,43.0,True,True,3.5,1.5
8660,27,22,True,0.9494468569755554,20.0,28.0,True,True,3.5,1.5
8665,43,24,False,0.6041539907455444,,,,,,
8670,4,64,False,0.5152892470359802,,,,,,
8673,16,91,False,0.7495847940444946,,,,,,
8681,40,40,False,0.8727694749832153,,,,,,
8684,69,71,False,0.5955523252487183,,,,,,
8689,80,81,False,0.8847083449363708,,,,,,
8691,13,68,False,0.5897574424743652,,,,,,
8692,64,65,False,0.8033578991889954,,,,,,
8693,27,29,True,0.9238226413726807,27.0,35.0,True,True,3.5,1.5
8694,14,50,False,0.601666271686554,,,,,,
8697,58,86,False,0.6818702220916748,,,,,,
8702,4,31,False,0.5243467092514038,,,,,,
8705,31,32,False,0.9459437131881714,,,,,,
8711,27,19,False,0.6018869280815125,,,,,,
8716,7,37,False,0.6392925977706909,,,,,,
8717,50,50,False,0.5166576504707336,,,,,,
8721,42,92,False,0.5888137221336365,,,,,,
8737,92,94,False,0.58937007188797,,,,,,
8738,25,24,False,0.9258975982666016,,,,,,
8740,53,84,False,0.7339639663696289,,,,,,
8744,38,67,False,0.8111918568611145,,,,,,
8746,79,80,False,0.5610460042953491,,,,,,
8753,68,99,False,0.6296809315681458,,,,,,
8754,69,74,False,0.6542956233024597,,,,,,
8758,39,58,False,0.6222361326217651,,,,,,
8759,95,93,False,0.8087594509124756,,,,,,
8760,48,85,False,0.5295238494873047,,,,,,
8766,48,27,False,0.5723472833633423,,,,,,
8767,20,15,False,0.608222246170044,,,,,,
8774,36,33,False,0.869924783706665,,,,,,
8775,58,60,True,0.8542356491088867,58.0,66.0,True,True,3.5,1.5
8778,58,35,False,0.5169389843940735,,,,,,
8781,26,31,False,0.6154841184616089,,,,,,
8785,53,63,False,0.8695797324180603,,,,,,
8786,43,44,True,0.9044216871261597,42.0,50.0,True,True,2.5,1.5
8796,24,19,False,0.5359768271446228,,,,,,
8797,75,77,False,0.638745129108429,,,,,,
8798,28,28,True,0.9047710299491882,26.0,34.0,True,True,1.5,1.5
8800,50,90,False,0.5199621915817261,,,,,,
8804,11,15,False,0.6229887008666992,,,,,,
8812,60,94,False,0.5721878409385681,,,,,,
8820,2,33,False,0.6085008382797241,,,,,,
8822,4,82,False,0.5564420223236084,,,,,,
8826,26,28,False,0.5414716601371765,,,,,,
8835,45,66,False,0.7047585844993591,,,,,,
8836,26,71,False,0.7666348814964294,,,,,,
8837,5,6,True,0.8610252141952515,4.0,12.0,True,True,2.5,1.5
8838,48,49,False,0.5012264251708984,,,,,,
8839,13,48,False,0.6837143898010254,,,,,,
8842,58,59,False,0.5328205227851868,,,,,,
8846,93,93,True,0.8574556708335876,90.0,98.0,True,True,0.5,0.5
8847,18,47,False,0.8546107411384583,,,,,,
8849,69,67,False,0.8910098075866699,,,,,,
8855,58,60,False,0.6223289370536804,,,,,,
8859,39,100,False,0.5732267498970032,,,,,,
8864,36,56,False,0.8833006024360657,,,,,,
8870,64,100,False,0.6843879818916321,,,,,,
8872,41,69,False,0.7940296530723572,,,,,,
8875,8,40,False,0.6697086691856384,,,,,,
8876,48,50,False,0.5915005803108215,,,,,,
8878,19,19,False,0.5710697770118713,,,,,,
8880,57,55,False,0.6954489350318909,,,,,,
8884,48,49,False,0.8153374195098877,,,,,,
8891,60,55,True,0.9492109417915344,53.0,61.0,True,True,3.5,1.5
8896,26,20,False,0.7414657473564148,,,,,,
8906,23,56,False,0.814789891242981,,,,,,
8911,56,50,False,0.8778109550476074,,,,,,
8912,51,51,False,0.915181040763855,,,,,,
8922,54,55,False,0.8358145356178284,,,,,,
8923,33,34,True,0.9728924036026001,32.0,40.0,True,True,2.5,1.5
8924,70,70,False,0.6761871576309204,,,,,,
8926,44,98,False,0.693882405757904,,,,,,
8930,28,54,False,0.7825006246566772,,,,,,
8931,38,49,False,0.5132669806480408,,,,,,
8932,30,30,False,0.8588919043540955,,,,,,
8934,71,72,False,0.5220798850059509,,,,,,
8937,7,57,False,0.5466392040252686,,,,,,
8939,40,40,False,0.7348366379737854,,,,,,
8941,46,48,True,0.8437790274620056,46.0,54.0,True,True,3.5,1.5
8956,41,89,False,0.6316989064216614,,,,,,
8965,37,24,False,0.5048708915710449,,,,,,
8967,3,4,False,0.5907450318336487,,,,,,
8973,53,48,False,0.5122438669204712,,,,,,
8975,17,16,False,0.5072091221809387,,,,,,
8982,23,65,False,0.6082659959793091,,,,,,
8989,64,44,False,0.6815506815910339,,,,,,
8998,14,91,False,0.8390018939971924,,,,,,
9002,26,52,False,0.7201889753341675,,,,,,
9005,17,51,False,0.5905618667602539,,,,,,
9014,37,33,False,0.5948724150657654,,,,,,
9015,60,60,False,0.6035333871841431,,,,,,
9018,41,61,False,0.8266029357910156,,,,,,
9019,42,43,True,0.9128538370132446,62.0,70.0,False,False,23.5,22.5
9021,50,49,False,0.569098949432373,,,,,,
9023,37,39,True,0.8881878852844238,37.0,45.0,True,True,3.5,1.5
9028,51,47,False,0.6648605465888977,,,,,,
9030,36,34,True,0.8474803566932678,32.0,40.0,True,True,0.5,1.5
9047,53,77,False,0.686898946762085,,,,,,
9048,80,80,True,0.5428222417831421,78.0,86.0,True,True,1.5,1.5
9057,21,69,False,0.7310712337493896,,,,,,
9059,13,14,False,0.8986167311668396,,,,,,
9060,57,59,True,0.9508841633796692,57.0,65.0,True,True,3.5,1.5
9064,64,4,False,0.5731680393218994,,,,,,
9066,21,74,False,0.7185394167900085,,,,,,
9069,16,88,False,0.7885075211524963,,,,,,
9070,40,24,False,0.6206235289573669,,,,,,
9072,58,58,False,0.7058861255645752,,,,,,
9077,8,52,False,0.8783461451530457,,,,,,
9085,25,91,False,0.5044968724250793,,,,,,
9088,83,84,False,0.7428244948387146,,,,,,
9089,10,37,False,0.676755964756012,,,,,,
9091,66,37,False,0.5848910212516785,,,,,,
9092,32,33,False,0.7314407825469971,,,,,,
9093,61,59,False,0.5444073677062988,,,,,,
9102,42,43,False,0.6304389238357544,,,,,,
9103,30,50,False,0.7486879229545593,,,,,,
9107,67,71,False,0.7026362419128418,,,,,,
9109,44,44,True,0.9612363576889038,42.0,50.0,True,True,1.5,1.5
9111,57,53,False,0.852700412273407,,,,,,
9117,32,55,False,0.6251462697982788,,,,,,
9126,7,8,False,0.5246853232383728,,,,,,
9128,43,45,False,0.5452584624290466,,,,,,
9130,22,23,False,0.8135187029838562,,,,,,
9131,9,10,True,0.8553037643432617,8.0,16.0,True,True,2.5,1.5
9137,5,5,False,0.6189214587211609,,,,,,
9140,60,61,True,0.9365108609199524,59.0,67.0,True,True,2.5,1.5
9147,9,10,False,0.7257116436958313,,,,,,
9151,25,93,False,0.7633056044578552,,,,,,
9155,5,5,False,0.5532522797584534,,,,,,
9159,0,96,False,0.5610739588737488,,,,,,
9168,15,39,False,0.5914390087127686,,,,,,
9170,57,58,False,0.5718455910682678,,,,,,
9172,27,30,True,0.8763903975486755,27.0,35.0,True,True,3.5,0.5
9174,30,22,False,0.7069845199584961,,,,,,
9177,44,45,True,0.9676687121391296,43.0,51.0,True,True,2.5,1.5
9185,1,92,False,0.6497364044189453,,,,,,
9186,56,20,False,0.5164437890052795,,,,,,
9187,33,83,False,0.6794383525848389,,,,,,
9196,26,26,True,0.8377129435539246,24.0,32.0,True,True,1.5,1.5
9198,1,29,False,0.7436456680297852,,,,,,
9203,21,21,False,0.6880204081535339,,,,,,
9212,39,5,False,0.8432838320732117,,,,,,
9219,30,4,False,0.5212104916572571,,,,,,
9221,9,10,False,0.7794588804244995,,,,,,
9223,13,8,False,0.5207505226135254,,,,,,
9224,18,59,False,0.603261411190033,,,,,,
9227,5,5,False,0.6212630271911621,,,,,,
9230,27,67,False,0.7855793237686157,,,,,,
9231,35,3,False,0.8153268694877625,,,,,,
9237,1,95,False,0.6316051483154297,,,,,,
9239,2,3,True,0.8884380459785461,1.0,9.0,True,True,2.5,1.5
9254,37,77,False,0.7792695760726929,,,,,,
9258,71,67,False,0.770563006401062,,,,,,
9261,18,20,False,0.5867298245429993,,,,,,
9262,10,31,False,0.6327057480812073,,,,,,
9265,31,27,False,0.8532942533493042,,,,,,
9268,32,33,False,0.8043733239173889,,,,,,
9270,36,33,False,0.5434399247169495,,,,,,
9271,43,82,False,0.8894044160842896,,,,,,
9281,65,14,False,0.5574671030044556,,,,,,
9283,7,46,False,0.5374404191970825,,,,,,
9286,19,18,False,0.8082953691482544,,,,,,
9288,5,38,False,0.7278066873550415,,,,,,
9291,7,78,False,0.8088708519935608,,,,,,
9295,40,40,False,0.9124800562858582,,,,,,
9303,25,21,False,0.6498009562492371,,,,,,
9311,29,24,False,0.7535775303840637,,,,,,
9313,29,17,False,0.8294028043746948,,,,,,
9319,1,22,False,0.5518043637275696,,,,,,
9322,62,57,False,0.6347301006317139,,,,,,
9323,7,35,False,0.6394075155258179,,,,,,
9327,18,22,False,0.5026509165763855,,,,,,
9328,75,77,True,0.8051150441169739,75.0,83.0,True,True,3.5,1.5
9329,90,91,False,0.9387152194976807,,,,,,
9330,45,41,False,0.6088014245033264,,,,,,
9334,37,38,False,0.5340220928192139,,,,,,
9335,39,40,True,0.8424484729766846,38.0,46.0,True,True,2.5,1.5
9340,13,79,False,0.8507829904556274,,,,,,
9341,19,21,False,0.7866823077201843,,,,,,
9345,29,30,False,0.7332699298858643,,,,,,
9347,48,49,False,0.7080687880516052,,,,,,
9357,30,8,False,0.5010048747062683,,,,,,
9362,6,21,False,0.5741903781890869,,,,,,
9364,31,92,False,0.8340481519699097,,,,,,
9365,59,100,False,0.7538380026817322,,,,,,
9368,55,55,False,0.6747074723243713,,,,,,
9372,50,56,False,0.7677491903305054,,,,,,
9381,35,35,False,0.541658878326416,,,,,,
9383,46,46,True,0.9636286497116089,44.0,52.0,True,True,1.5,1.5
9386,42,43,False,0.5720306038856506,,,,,,
9387,30,29,False,0.6342060565948486,,,,,,
9389,39,41,False,0.7173835039138794,,,,,,
9391,70,69,False,0.5299420356750488,,,,,,
9392,0,0,False,0.699245274066925,,,,,,
9402,45,68,False,0.7079802751541138,,,,,,
9407,36,37,False,0.6414651870727539,,,,,,
9412,57,51,False,0.6471150517463684,,,,,,
9414,33,34,False,0.8570435047149658,,,,,,
9423,44,44,False,0.6889474987983704,,,,,,
9427,49,53,False,0.637540340423584,,,,,,
9433,56,86,False,0.5760102868080139,,,,,,
9435,69,65,True,0.9840369820594788,63.0,71.0,True,True,2.5,1.5
9436,7,7,False,0.5092325806617737,,,,,,
9438,33,34,False,0.697400689125061,,,,,,
9446,30,32,False,0.676082968711853,,,,,,
9447,33,75,False,0.724597692489624,,,,,,
9456,23,42,False,0.8305692076683044,,,,,,
9457,12,51,False,0.6986129879951477,,,,,,
9458,43,39,True,0.9042983651161194,37.0,45.0,True,True,2.5,1.5
9461,29,25,False,0.5474332571029663,,,,,,
9465,69,69,False,0.8822553157806396,,,,,,
9468,56,57,False,0.7230536341667175,,,,,,
9469,96,97,False,0.5173165798187256,,,,,,
9472,42,38,False,0.8010554909706116,,,,,,
9475,1,27,False,0.7141546010971069,,,,,,
9480,18,22,False,0.728971540927887,,,,,,
9483,60,61,False,0.5066702365875244,,,,,,
9488,90,90,False,0.6842033267021179,,,,,,
9490,29,61,False,0.5061367154121399,,,,,,
9491,20,20,False,0.6927790641784668,,,,,,
9494,6,69,False,0.6009050607681274,,,,,,
9498,73,73,False,0.6280094981193542,,,,,,
9499,11,77,False,0.5412074327468872,,,,,,
9504,72,74,False,0.577307939529419,,,,,,
9505,52,52,False,0.7457463145256042,,,,,,
9511,55,51,True,0.7118731737136841,49.0,57.0,True,True,2.5,1.5
9519,36,33,True,0.9770350456237793,31.0,39.0,True,True,1.5,1.5
9520,22,23,False,0.6944223046302795,,,,,,
9526,13,44,False,0.5249918699264526,,,,,,
9535,42,37,False,0.5837438702583313,,,,,,
9538,72,73,False,0.5862170457839966,,,,,,
9545,25,23,False,0.592726469039917,,,,,,
9555,27,23,False,0.5078549385070801,,,,,,
9558,38,3,False,0.5370596647262573,,,,,,
9573,32,11,False,0.6246535181999207,,,,,,
9577,21,21,False,0.6371810436248779,,,,,,
9579,12,11,False,0.5777177810668945,,,,,,
9582,18,100,False,0.5018746256828308,,,,,,
9587,19,63,False,0.5806172490119934,,,,,,
9589,13,18,False,0.608944833278656,,,,,,
9592,37,35,False,0.7439268827438354,,,,,,
9600,40,41,False,0.7750293016433716,,,,,,
9604,57,51,False,0.8044895529747009,,,,,,
9611,26,22,False,0.6836028099060059,,,,,,
9615,25,65,False,0.652375340461731,,,,,,
9618,51,84,False,0.6967871785163879,,,,,,
9620,4,70,False,0.6212032437324524,,,,,,
9623,33,32,False,0.5326910018920898,,,,,,
9629,46,44,False,0.5480629801750183,,,,,,
9630,54,52,True,0.9173868298530579,50.0,58.0,True,True,0.5,1.5
9632,54,49,True,0.9436441659927368,47.0,55.0,True,True,3.5,1.5
9640,70,69,False,0.7424289584159851,,,,,,
9641,30,84,False,0.7625225186347961,,,,,,
9645,20,43,False,0.6187739372253418,,,,,,
9648,25,25,False,0.5550421476364136,,,,,,
9649,10,28,False,0.7497884631156921,,,,,,
9660,54,100,False,0.6370537877082825,,,,,,
9661,51,52,True,0.931660532951355,50.0,58.0,True,True,2.5,1.5
9663,24,26,False,0.7498847246170044,,,,,,
9665,39,0,False,0.7079130411148071,,,,,,
9667,32,33,False,0.5654364824295044,,,,,,
9668,33,4,False,0.9434008598327637,,,,,,
9673,27,27,False,0.9015446305274963,,,,,,
9674,20,19,False,0.6084782481193542,,,,,,
9678,7,98,False,0.6565572023391724,,,,,,
9681,69,77,False,0.8226649165153503,,,,,,
9684,27,4,False,0.6101714968681335,,,,,,
9688,10,100,False,0.522251307964325,,,,,,
9690,53,53,False,0.5306063294410706,,,,,,
9697,27,28,False,0.5820574760437012,,,,,,
9703,11,61,False,0.768925130367279,,,,,,
9710,21,15,False,0.5228607654571533,,,,,,
9712,23,24,True,0.8420211672782898,21.0,29.0,True,True,1.5,0.5
9713,63,64,False,0.842377245426178,,,,,,
9725,22,98,False,0.6833927631378174,,,,,,
9726,52,53,False,0.6579229235649109,,,,,,
9734,35,62,False,0.9067602753639221,,,,,,
9739,56,67,False,0.6169397234916687,,,,,,
9744,58,57,False,0.5992684960365295,,,,,,
9747,15,16,False,0.7913827896118164,,,,,,
9748,20,4,False,0.5617240071296692,,,,,,
9761,52,51,False,0.5915980935096741,,,,,,
9764,14,41,False,0.6758578419685364,,,,,,
9767,53,55,False,0.8132143020629883,,,,,,
9775,45,75,False,0.5872122049331665,,,,,,
9778,10,11,False,0.7639646530151367,,,,,,
9782,89,56,False,0.8688881993293762,,,,,,
9796,22,18,False,0.7450921535491943,,,,,,
9799,22,22,False,0.7872689962387085,,,,,,
9812,28,29,False,0.854390025138855,,,,,,
9814,62,56,False,0.7566119432449341,,,,,,
9815,49,46,False,0.8322733640670776,,,,,,
9825,57,59,False,0.5879133343696594,,,,,,
9827,31,76,False,0.6133500337600708,,,,,,
9831,17,43,False,0.6192487478256226,,,,,,
9832,45,47,False,0.6010686159133911,,,,,,
9833,77,90,True,0.9878509640693665,77.0,85.0,True,True,3.5,9.5
9837,79,77,False,0.6206769943237305,,,,,,
9838,8,9,False,0.8020167946815491,,,,,,
9845,33,55,False,0.6681971549987793,,,,,,
9847,74,78,False,0.5207685232162476,,,,,,
9848,33,18,False,0.6396233439445496,,,,,,
9851,61,62,False,0.6922875642776489,,,,,,
9860,48,50,True,0.8411867022514343,47.0,55.0,True,True,2.5,0.5
9861,20,21,False,0.5055645108222961,,,,,,
9864,42,92,False,0.6081154346466064,,,,,,
9867,46,48,True,0.971401572227478,46.0,54.0,True,True,3.5,1.5
9877,4,4,False,0.68501216173172,,,,,,
9880,6,46,False,0.747815728187561,,,,,,
9887,68,67,False,0.5572088360786438,,,,,,
9889,63,64,False,0.7855483293533325,,,,,,
9891,9,7,True,0.827650249004364,5.0,13.0,True,True,0.5,1.5
9893,39,68,False,0.8376826643943787,,,,,,
9894,39,41,False,0.76217120885849,,,,,,
9895,75,77,True,0.8240845799446106,75.0,83.0,True,True,3.5,1.5
9896,19,14,False,0.5376597046852112,,,,,,
9903,23,36,False,0.871772825717926,,,,,,
9906,24,25,True,0.8810700178146362,23.0,31.0,True,True,2.5,1.5
9911,55,56,False,0.5064257979393005,,,,,,
9912,29,11,False,0.5383976697921753,,,,,,
9918,56,61,False,0.6470547318458557,,,,,,
9926,56,58,False,0.607498049736023,,,,,,
9930,29,14,False,0.5092506408691406,,,,,,
9939,57,58,True,0.6653187870979309,56.0,64.0,True,True,2.5,1.5
9940,45,45,False,0.6198733448982239,,,,,,
9943,39,41,True,0.9684605002403259,38.0,46.0,True,True,2.5,0.5
9947,5,39,False,0.7445921301841736,,,,,,
9958,76,78,False,0.8213756680488586,,,,,,
9960,27,25,False,0.6674794554710388,,,,,,
9969,70,95,False,0.5326655507087708,,,,,,
9970,64,62,False,0.5232275724411011,,,,,,
9972,60,60,False,0.6134042143821716,,,,,,
9973,62,61,False,0.6550639867782593,,,,,,
9976,57,58,False,0.7228928804397583,,,,,,
9981,37,11,False,0.61757892370224,,,,,,
9985,19,19,False,0.8921663761138916,,,,,,
9990,40,68,False,0.5880150198936462,,,,,,
9992,33,32,False,0.6109240651130676,,,,,,
9993,39,93,False,0.5700287222862244,,,,,,
9994,19,21,False,0.5357181429862976,,,,,,
9995,36,69,False,0.5198676586151123,,,,,,
9998,42,43,False,0.5728775858879089,,,,,,
9999,9,100,False,0.6441947221755981,,,,,,
10010,10,4,False,0.7577363848686218,,,,,,
10012,83,78,True,0.9770230054855347,76.0,84.0,True,True,3.5,1.5
10013,88,86,False,0.523466169834137,,,,,,
10016,16,17,True,0.9445343613624573,14.0,22.0,True,True,1.5,0.5
10017,23,46,False,0.6301369667053223,,,,,,
10020,70,65,True,0.8406652212142944,63.0,71.0,True,True,3.5,1.5
10024,16,13,False,0.7048313021659851,,,,,,
10029,66,33,False,0.5004021525382996,,,,,,
10030,56,57,False,0.8581249117851257,,,,,,
10031,56,56,False,0.5195553302764893,,,,,,
10033,70,53,False,0.6812267303466797,,,,,,
10034,55,56,False,0.5787447690963745,,,,,,
10047,57,79,False,0.6399959325790405,,,,,,
10048,82,83,False,0.5402071475982666,,,,,,
10049,47,75,False,0.687511682510376,,,,,,
10051,20,21,False,0.8337576985359192,,,,,,
10052,74,72,False,0.5497514605522156,,,,,,
10053,45,85,False,0.5026880502700806,,,,,,
10055,63,61,False,0.56693434715271,,,,,,
10060,17,43,False,0.561133623123169,,,,,,
10063,17,18,True,0.9057759046554565,16.0,24.0,True,True,2.5,1.5
10066,36,34,False,0.527192234992981,,,,,,
10070,58,56,False,0.7762748003005981,,,,,,
10072,5,71,False,0.7717954516410828,,,,,,
10074,56,77,False,0.7749722599983215,,,,,,
10075,51,49,False,0.5624908804893494,,,,,,
10076,29,11,False,0.6252398490905762,,,,,,
10078,37,38,False,0.9004817605018616,,,,,,
10081,51,85,False,0.7530244588851929,,,,,,
10085,61,57,True,0.87808758020401,55.0,63.0,True,True,2.5,1.5
10086,15,17,False,0.5489476919174194,,,,,,
10093,5,39,False,0.6579234004020691,,,,,,
10096,24,37,False,0.6127563714981079,,,,,,
10099,64,62,False,0.7969568371772766,,,,,,
10112,68,66,False,0.598696231842041,,,,,,
10115,59,57,False,0.510964572429657,,,,,,
10116,41,15,False,0.5428494215011597,,,,,,
10117,51,49,True,0.7052131295204163,47.0,55.0,True,True,0.5,1.5
10126,54,55,False,0.7066163420677185,,,,,,
10127,38,35,False,0.6475133299827576,,,,,,
10130,12,89,False,0.6553940176963806,,,,,,
10140,86,89,True,0.9698646068572998,86.0,94.0,True,True,3.5,0.5
10141,57,62,False,0.6961011290550232,,,,,,
10142,40,41,False,0.5206884145736694,,,,,,
10143,14,11,True,0.8484342098236084,8.0,16.0,True,True,2.5,0.5
10148,29,44,False,0.7130062580108643,,,,,,
10152,56,53,False,0.5878646969795227,,,,,,
10153,32,80,False,0.6251353025436401,,,,,,
10154,20,16,False,0.564548134803772,,,,,,
10159,13,9,True,0.7996699213981628,7.0,15.0,True,True,2.5,1.5
10167,23,24,False,0.8981167674064636,,,,,,
10168,41,42,False,0.6127480864524841,,,,,,
10172,54,38,False,0.71052086353302,,,,,,
10178,51,79,False,0.718450129032135,,,,,,
10179,31,31,False,0.6744471788406372,,,,,,
10181,48,44,False,0.711892306804657,,,,,,
10185,70,72,False,0.6305847764015198,,,,,,
10189,51,88,False,0.7156494855880737,,,,,,
10192,44,76,False,0.6573910117149353,,,,,,
10194,53,44,True,0.9742656946182251,53.0,61.0,True,False,3.5,12.5
10198,10,76,False,0.5436462759971619,,,,,,
10207,2,31,False,0.5749658346176147,,,,,,
10208,25,26,False,0.8332264423370361,,,,,,
10209,51,52,False,0.894476592540741,,,,,,
10211,55,6,False,0.5077329277992249,,,,,,
10212,39,67,False,0.5450911521911621,,,,,,
10217,35,37,False,0.6600266098976135,,,,,,
10221,53,49,True,0.939861536026001,47.0,55.0,True,True,2.5,1.5
10222,16,17,False,0.9227423071861267,,,,,,
10223,22,64,False,0.5220820903778076,,,,,,
10224,44,86,False,0.8181946873664856,,,,,,
10225,28,52,False,0.5881151556968689,,,,,,
10227,30,30,False,0.5342521667480469,,,,,,
10232,10,81,False,0.5198792815208435,,,,,,
10233,8,10,False,0.7052159905433655,,,,,,
10234,74,73,False,0.6660594344139099,,,,,,
10236,40,30,False,0.5114002823829651,,,,,,
10241,61,60,False,0.8492180109024048,,,,,,
10242,38,39,True,0.8649306893348694,37.0,45.0,True,True,2.5,1.5
10245,70,72,True,0.8150805234909058,70.0,78.0,True,True,3.5,1.5
10251,35,36,False,0.8831407427787781,,,,,,
10258,54,54,False,0.5793887376785278,,,,,,
10260,24,78,False,0.6280582547187805,,,,,,
10263,21,22,True,0.8705472350120544,20.0,28.0,True,True,2.5,1.5
10265,73,74,True,0.7711140513420105,71.0,79.0,True,True,1.5,0.5
10270,63,53,False,0.5080872774124146,,,,,,
10272,27,23,False,0.6635805368423462,,,,,,
10285,39,41,True,0.8875856995582581,38.0,46.0,True,True,2.5,0.5
10293,37,38,False,0.5739505290985107,,,,,,
10297,59,59,False,0.536482036113739,,,,,,
10299,21,21,True,0.778864860534668,69.0,77.0,False,False,51.5,51.5
10302,19,16,False,0.7058113217353821,,,,,,
10305,73,74,False,0.7882927060127258,,,,,,
10312,14,14,False,0.9029562473297119,,,,,,
10313,37,39,True,0.930882453918457,37.0,45.0,True,True,3.5,1.5
10317,45,46,False,0.5331788063049316,,,,,,
10324,53,83,False,0.564673125743866,,,,,,
10329,26,49,False,0.6944873332977295,,,,,,
10330,65,66,True,0.7008954286575317,63.0,71.0,True,True,1.5,0.5
10334,78,78,True,0.8642829060554504,76.0,84.0,True,True,1.5,1.5
10338,83,22,True,0.8796752691268921,83.0,91.0,True,False,3.5,64.5
10341,37,13,False,0.5266881585121155,,,,,,
10344,11,35,False,0.7079818844795227,,,,,,
10347,10,55,False,0.689306914806366,,,,,,
10350,52,53,False,0.6096644997596741,,,,,,
10352,16,18,False,0.7174288630485535,,,,,,
10358,67,68,True,0.8377974629402161,66.0,74.0,True,True,2.5,1.5
10360,19,48,False,0.6811679005622864,,,,,,
10361,25,25,False,0.5216967463493347,,,,,,
10362,37,37,False,0.6618951559066772,,,,,,
10365,56,7,False,0.6866648197174072,,,,,,
10367,61,62,False,0.941262423992157,,,,,,
10368,30,32,False,0.7521795034408569,,,,,,
10371,26,100,False,0.5122455954551697,,,,,,
10376,91,89,False,0.563792884349823,,,,,,
10379,39,81,False,0.578670084476471,,,,,,
10380,40,41,False,0.8870421648025513,,,,,,
10383,64,73,False,0.6628800630569458,,,,,,
10384,54,55,False,0.5729828476905823,,,,,,
10388,48,44,False,0.6273388266563416,,,,,,
10392,37,30,False,0.6477968692779541,,,,,,
10397,34,2,False,0.6757577657699585,,,,,,
10399,81,76,False,0.6283925771713257,,,,,,
10401,74,74,False,0.808260440826416,,,,,,
10403,24,36,False,0.6124821305274963,,,,,,
10405,23,25,False,0.522005558013916,,,,,,
10408,29,30,True,0.9688021540641785,28.0,36.0,True,True,2.5,1.5
10409,18,20,False,0.8316869735717773,,,,,,
10410,52,54,True,0.792009174823761,52.0,60.0,True,True,3.5,1.5
10412,60,57,True,0.9737811088562012,59.0,67.0,True,True,2.5,5.5
10414,19,16,True,0.9015038013458252,14.0,22.0,True,True,1.5,1.5
10420,23,53,True,0.8985068202018738,22.0,30.0,True,False,2.5,27.5
10428,11,8,False,0.7021605372428894,,,,,,
10431,38,34,False,0.7670661211013794,,,,,,
10432,50,51,False,0.8395929932594299,,,,,,
10435,84,85,False,0.5236576199531555,,,,,,
10437,66,21,False,0.5482546091079712,,,,,,
10440,38,54,True,0.9636483192443848,37.0,45.0,True,False,2.5,13.5
10444,76,76,False,0.73975670337677,,,,,,
10446,40,87,False,0.7571624517440796,,,,,,
10450,2,41,False,0.6060700416564941,,,,,,
10454,76,88,False,0.5362738370895386,,,,,,
10455,17,15,False,0.5346142649650574,,,,,,
10456,14,26,False,0.8370231986045837,,,,,,
10459,73,74,False,0.6933375597000122,,,,,,
10464,53,82,False,0.684999942779541,,,,,,
10466,47,96,False,0.5803936123847961,,,,,,
10467,25,55,False,0.727496862411499,,,,,,
10468,30,31,True,0.8057649731636047,28.0,36.0,True,True,1.5,0.5
10473,28,72,False,0.5768678188323975,,,,,,
10475,49,82,False,0.6563985347747803,,,,,,
10477,51,53,False,0.6570192575454712,,,,,,
10479,7,50,False,0.7999746203422546,,,,,,
10483,31,32,False,0.7144526839256287,,,,,,
10484,6,69,False,0.7147920727729797,,,,,,
10502,89,89,False,0.6771215796470642,,,,,,
10507,59,59,False,0.8279420733451843,,,,,,
10510,8,66,False,0.5503718256950378,,,,,,
10512,44,46,False,0.6378539800643921,,,,,,
10513,60,60,False,0.6519927978515625,,,,,,
10519,21,87,False,0.5373734831809998,,,,,,
10522,29,69,False,0.6029158234596252,,,,,,
10523,42,43,False,0.6145948171615601,,,,,,
10524,56,57,False,0.6414605975151062,,,,,,
10526,57,56,False,0.5577526092529297,,,,,,
10528,38,39,False,0.5153976678848267,,,,,,
10530,70,70,False,0.8173198699951172,,,,,,
10531,14,34,False,0.7391715049743652,,,,,,
10539,56,59,False,0.5392158031463623,,,,,,
10541,82,83,False,0.6239655017852783,,,,,,
10549,50,78,False,0.6519761681556702,,,,,,
10556,33,29,False,0.5026828050613403,,,,,,
10559,45,41,False,0.5005958676338196,,,,,,
10562,1,99,False,0.5250900387763977,,,,,,
10565,57,58,False,0.8585070371627808,,,,,,
10566,70,68,False,0.760931670665741,,,,,,
10567,3,2,False,0.5791482329368591,,,,,,
10576,44,43,False,0.5302060842514038,,,,,,
10581,37,24,False,0.569776177406311,,,,,,
10584,61,73,False,0.5225813984870911,,,,,,
10585,69,70,False,0.7125439643859863,,,,,,
10587,30,25,False,0.5199023485183716,,,,,,
10591,40,70,False,0.5760869979858398,,,,,,
10592,32,38,False,0.6200287342071533,,,,,,
10593,42,45,True,0.8610274195671082,42.0,50.0,True,True,3.5,0.5
10594,22,63,False,0.7699385285377502,,,,,,
10598,32,27,False,0.81919926404953,,,,,,
10599,99,99,False,0.539262592792511,,,,,,
10603,66,85,False,0.6449740529060364,,,,,,
10604,56,39,False,0.6224424839019775,,,,,,
10606,33,33,False,0.753305971622467,,,,,,
10609,57,53,False,0.6060222387313843,,,,,,
10611,29,54,False,0.851999044418335,,,,,,
10617,13,35,False,0.6667129993438721,,,,,,
10621,36,52,False,0.6602280735969543,,,,,,
10622,41,42,False,0.5587658882141113,,,,,,
10625,27,28,False,0.5292830467224121,,,,,,
10627,3,4,False,0.6830006241798401,,,,,,
10629,79,77,False,0.5824751853942871,,,,,,
10632,26,27,False,0.8961893916130066,,,,,,
10636,23,23,False,0.5163236260414124,,,,,,
10645,37,56,False,0.7267003059387207,,,,,,
10646,34,36,True,0.783981204032898,34.0,42.0,True,True,3.5,1.5
10652,46,46,True,0.8570296764373779,44.0,52.0,True,True,1.5,1.5
10653,70,69,False,0.5540679693222046,,,,,,
10656,43,41,False,0.5149818658828735,,,,,,
10657,47,74,False,0.7338590621948242,,,,,,
10658,10,11,False,0.7213183045387268,,,,,,
10659,35,98,False,0.6444581151008606,,,,,,
10668,53,21,False,0.517467737197876,,,,,,
10669,50,52,True,0.9539628028869629,50.0,58.0,True,True,3.5,1.5
10671,83,79,True,0.8689218759536743,77.0,85.0,True,True,2.5,1.5
10674,55,63,False,0.637148380279541,,,,,,
10676,16,46,False,0.6312716007232666,,,,,,
10680,51,73,False,0.7984470129013062,,,,,,
10683,13,87,False,0.6926709413528442,,,,,,
10687,9,7,False,0.6192653775215149,,,,,,
10695,59,2,False,0.6271028518676758,,,,,,
10697,8,10,False,0.5785423517227173,,,,,,
10701,52,61,False,0.7036164402961731,,,,,,
10703,23,23,False,0.6552301645278931,,,,,,
10704,22,21,False,0.6041466593742371,,,,,,
10707,46,44,False,0.6085890531539917,,,,,,
10712,33,28,False,0.5533642768859863,,,,,,
10721,45,72,False,0.5889374017715454,,,,,,
10724,32,33,False,0.6471732258796692,,,,,,
10728,18,7,False,0.5201382637023926,,,,,,
10730,21,70,False,0.7847920656204224,,,,,,
10735,45,63,False,0.6536728143692017,,,,,,
10736,40,37,True,0.9558963775634766,35.0,43.0,True,True,1.5,1.5
10747,12,66,False,0.6678956747055054,,,,,,
10752,50,50,False,0.9525696039199829,,,,,,
10754,43,70,False,0.704185962677002,,,,,,
10758,79,83,False,0.6635614037513733,,,,,,
10769,9,11,False,0.8548471927642822,,,,,,
10771,67,63,True,0.9761141538619995,61.0,69.0,True,True,2.5,1.5
10772,23,25,False,0.674099862575531,,,,,,
10775,72,96,False,0.8188530802726746,,,,,,
10778,41,41,True,0.9289405345916748,39.0,47.0,True,True,1.5,1.5
10785,5,14,False,0.636338472366333,,,,,,
10787,43,89,False,0.9314759373664856,,,,,,
10793,26,88,False,0.5130206942558289,,,,,,
10798,6,40,False,0.6671083569526672,,,,,,
10805,51,51,False,0.5779765844345093,,,,,,
10810,23,63,False,0.7745422124862671,,,,,,
10811,21,45,False,0.6430866718292236,,,,,,
10814,6,0,False,0.6683927774429321,,,,,,
10815,66,61,True,0.923828125,59.0,67.0,True,True,3.5,1.5
10821,23,89,False,0.6318770051002502,,,,,,
10830,19,19,False,0.6767616271972656,,,,,,
10831,74,75,False,0.6051938533782959,,,,,,
10833,3,3,False,0.7606250643730164,,,,,,
10843,60,61,False,0.8244346976280212,,,,,,
10856,84,84,False,0.7544549703598022,,,,,,
10858,24,74,False,0.7424511313438416,,,,,,
10863,25,56,False,0.508868396282196,,,,,,
10864,46,48,False,0.7590100765228271,,,,,,
10869,71,66,True,0.9385459423065186,64.0,72.0,True,True,3.5,1.5
10871,36,37,False,0.8092144131660461,,,,,,
10873,43,44,False,0.5932042598724365,,,,,,
10878,37,38,False,0.7358102798461914,,,,,,
10879,54,55,False,0.6595895290374756,,,,,,
10880,8,3,False,0.5644336342811584,,,,,,
10887,45,41,False,0.5586121082305908,,,,,,
10900,5,27,False,0.7990308403968811,,,,,,
10902,27,40,False,0.5078341364860535,,,,,,
10904,7,5,True,0.6171318888664246,3.0,11.0,True,True,0.5,1.5
10907,4,6,True,0.9326898455619812,2.0,10.0,True,True,1.5,0.5
10910,18,10,False,0.5737527012825012,,,,,,
10911,52,54,False,0.5884665846824646,,,,,,
10913,39,31,False,0.5200328230857849,,,,,,
10920,51,62,False,0.6927387714385986,,,,,,
10924,45,43,False,0.5219341516494751,,,,,,
10930,67,70,False,0.5589183568954468,,,,,,
10937,34,26,False,0.5215994715690613,,,,,,
10938,49,49,False,0.6396048069000244,,,,,,
10941,4,46,False,0.5534594655036926,,,,,,
10954,21,22,False,0.531434953212738,,,,,,
10957,34,34,False,0.6253365278244019,,,,,,
10958,15,16,False,0.9239847660064697,,,,,,
10959,33,19,False,0.5638142824172974,,,,,,
10960,42,10,True,0.9305955767631531,36.0,44.0,True,False,2.5,29.5
10962,23,25,True,0.8884668350219727,23.0,31.0,True,True,3.5,1.5
10964,20,7,False,0.6385718584060669,,,,,,
10970,47,36,False,0.727649986743927,,,,,,
10971,19,14,False,0.645632266998291,,,,,,
10972,26,28,False,0.703433632850647,,,,,,
10974,32,65,False,0.766318678855896,,,,,,
10976,66,65,False,0.5573714971542358,,,,,,
10977,41,61,False,0.5916762948036194,,,,,,
10979,42,36,False,0.5150970816612244,,,,,,
10983,44,45,False,0.9175911545753479,,,,,,
10984,13,8,False,0.7020877599716187,,,,,,
10985,89,87,False,0.585406482219696,,,,,,
10986,28,30,False,0.8118884563446045,,,,,,
10988,9,85,False,0.7500876784324646,,,,,,
10989,5,5,False,0.8302629590034485,,,,,,
10991,54,54,True,0.9273518919944763,53.0,61.0,True,True,2.5,2.5
10992,55,54,False,0.7773030400276184,,,,,,
10994,27,27,False,0.8372301459312439,,,,,,
10998,59,59,False,0.7656600475311279,,,,,,
11000,34,3,False,0.5517235994338989,,,,,,
11002,63,59,False,0.5996723771095276,,,,,,
11006,4,30,False,0.733433723449707,,,,,,
11012,66,68,False,0.7115597724914551,,,,,,
11022,23,18,False,0.7230891585350037,,,,,,
11038,40,42,False,0.9313284754753113,,,,,,
11041,25,26,False,0.8631017208099365,,,,,,
11044,41,55,False,0.5565117001533508,,,,,,
11045,33,31,False,0.520142138004303,,,,,,
11051,26,77,False,0.7783824801445007,,,,,,
11052,1,33,False,0.6152522563934326,,,,,,
11054,52,46,False,0.7643512487411499,,,,,,
11056,67,45,False,0.5292669534683228,,,,,,
11060,94,92,False,0.6171852350234985,,,,,,
11065,53,54,False,0.5606471300125122,,,,,,
11071,59,61,True,0.7364152669906616,57.0,65.0,True,True,1.5,0.5
11076,65,66,False,0.5092246532440186,,,,,,
11083,94,7,False,0.6883520483970642,,,,,,
11093,38,39,False,0.8755560517311096,,,,,,
11097,19,19,False,0.6052077412605286,,,,,,
11100,18,20,False,0.8619827032089233,,,,,,
11101,37,36,False,0.6124326586723328,,,,,,
11103,19,43,False,0.5907955765724182,,,,,,
11105,59,57,False,0.626960813999176,,,,,,
11108,43,75,True,0.9578579068183899,41.0,49.0,True,False,1.5,30.5
11110,42,78,False,0.5383005738258362,,,,,,
11111,66,73,False,0.611680269241333,,,,,,
11114,33,29,False,0.6289665102958679,,,,,,
11117,52,26,False,0.5115057229995728,,,,,,
11120,63,72,False,0.7061821818351746,,,,,,
11122,39,80,False,0.7254664897918701,,,,,,
11127,83,78,False,0.5509356260299683,,,,,,
11129,40,42,False,0.5692446827888489,,,,,,
11131,51,42,True,0.8815580010414124,40.0,48.0,False,True,7.5,1.5
11132,16,41,False,0.5679770708084106,,,,,,
11134,42,43,True,0.9695919752120972,41.0,49.0,True,True,2.5,1.5
11135,42,43,False,0.5689475536346436,,,,,,
11142,85,84,False,0.7124398350715637,,,,,,
11146,97,98,False,0.7002320289611816,,,,,,
11149,10,10,False,0.665869414806366,,,,,,
11150,6,53,False,0.5514470338821411,,,,,,
11151,36,37,False,0.7755489945411682,,,,,,
11152,12,72,False,0.5837323665618896,,,,,,
11153,11,83,False,0.5741402506828308,,,,,,
11159,42,56,False,0.6021592020988464,,,,,,
11170,9,47,False,0.5236846208572388,,,,,,
11171,44,44,False,0.7183668613433838,,,,,,
11172,41,43,True,0.8003082871437073,41.0,49.0,True,True,3.5,1.5
11174,19,78,False,0.5210080742835999,,,,,,
11181,21,17,False,0.5927766561508179,,,,,,
11184,37,34,False,0.5504083633422852,,,,,,
11193,47,43,False,0.6701823472976685,,,,,,
11197,25,25,False,0.8599686622619629,,,,,,
11202,15,16,False,0.7798466086387634,,,,,,
11203,48,48,False,0.5398304462432861,,,,,,
11208,14,15,False,0.7725131511688232,,,,,,
11209,36,70,False,0.7578750252723694,,,,,,
11214,26,48,False,0.6056022047996521,,,,,,
11216,49,12,False,0.5345802903175354,,,,,,
11220,54,49,False,0.5518090724945068,,,,,,
11221,47,47,False,0.5037569403648376,,,,,,
11222,29,83,False,0.6808863878250122,,,,,,
11239,59,60,False,0.7308480739593506,,,,,,
11240,94,91,False,0.7401049137115479,,,,,,
11245,40,41,True,0.8214177489280701,39.0,47.0,True,True,2.5,1.5
11247,37,40,False,0.6250225901603699,,,,,,
11248,4,47,False,0.5015973448753357,,,,,,
11252,36,22,False,0.5336740612983704,,,,,,
11253,84,85,False,0.6251206994056702,,,,,,
11255,21,63,False,0.6995528936386108,,,,,,
11260,44,45,True,0.9620503783226013,43.0,51.0,True,True,2.5,1.5
11263,56,87,False,0.6232792139053345,,,,,,
11265,46,46,False,0.5833284854888916,,,,,,
11271,4,4,False,0.5107362866401672,,,,,,
11272,72,71,False,0.6634800434112549,,,,,,
11273,41,68,False,0.5506970882415771,,,,,,
11278,61,62,False,0.6118782758712769,,,,,,
11286,15,17,False,0.7758983373641968,,,,,,
11291,38,39,False,0.7131968140602112,,,,,,
11292,46,44,False,0.7329305410385132,,,,,,
11293,55,56,False,0.5690504312515259,,,,,,
11300,72,68,False,0.5121082067489624,,,,,,
11309,44,45,True,0.9022632837295532,43.0,51.0,True,True,2.5,1.5
11316,36,38,False,0.7844324707984924,,,,,,
11318,47,89,False,0.9165388345718384,,,,,,
11321,39,34,False,0.550881028175354,,,,,,
11326,30,6,False,0.5120078921318054,,,,,,
11331,85,80,True,0.8385567665100098,78.0,86.0,True,True,3.5,1.5
11337,40,38,False,0.6886246800422668,,,,,,
11338,15,13,False,0.6147201657295227,,,,,,
11339,27,29,False,0.7339019179344177,,,,,,
11341,70,70,False,0.8115098476409912,,,,,,
11345,25,27,True,0.8593279123306274,25.0,33.0,True,True,3.5,1.5
11349,42,39,False,0.5144780874252319,,,,,,
11359,62,62,False,0.9608163833618164,,,,,,
11367,58,60,False,0.7331798672676086,,,,,,
11368,26,0,False,0.5638927817344666,,,,,,
11374,27,47,False,0.5720911622047424,,,,,,
11382,23,53,False,0.689252495765686,,,,,,
11389,48,47,False,0.5643805861473083,,,,,,
11391,48,59,False,0.671351969242096,,,,,,
11394,6,7,False,0.5946855545043945,,,,,,
11397,17,17,False,0.6302480697631836,,,,,,
11403,39,67,False,0.678146481513977,,,,,,
11406,24,87,False,0.7919134497642517,,,,,,
11408,8,9,False,0.5807238817214966,,,,,,
11410,3,58,False,0.5977201461791992,,,,,,
11411,58,58,False,0.5960188508033752,,,,,,
11412,54,53,True,0.9165180921554565,51.0,59.0,True,True,0.5,1.5
11414,35,35,False,0.8133386969566345,,,,,,
11418,56,55,False,0.7503734827041626,,,,,,
11422,25,49,False,0.6530237793922424,,,,,,
11424,39,54,False,0.6350566148757935,,,,,,
11425,37,52,False,0.5478533506393433,,,,,,
11427,28,100,False,0.5994197130203247,,,,,,
11428,27,95,False,0.5379869341850281,,,,,,
11430,44,46,False,0.765927791595459,,,,,,
11435,29,66,False,0.8295773267745972,,,,,,
11443,12,72,False,0.6612550616264343,,,,,,
11446,34,35,False,0.7974530458450317,,,,,,
11449,45,40,False,0.5415658354759216,,,,,,
11450,11,37,False,0.6814600229263306,,,,,,
11452,59,61,False,0.741360604763031,,,,,,
11459,46,52,False,0.7233318090438843,,,,,,
11461,11,19,False,0.7390562891960144,,,,,,
11466,28,61,False,0.5661755800247192,,,,,,
11474,9,53,False,0.8004359006881714,,,,,,
11477,27,28,False,0.8177555203437805,,,,,,
11484,24,24,False,0.7237073183059692,,,,,,
11488,61,79,False,0.7056500315666199,,,,,,
11492,24,60,False,0.7678451538085938,,,,,,
11493,54,53,False,0.7467994093894958,,,,,,
11495,24,20,False,0.5390207171440125,,,,,,
11499,36,31,False,0.6492385864257812,,,,,,
11504,37,86,False,0.6064249277114868,,,,,,
11509,45,45,False,0.8069950938224792,,,,,,
11512,16,18,False,0.5143553018569946,,,,,,
11514,19,19,False,0.705919086933136,,,,,,
11518,63,64,True,0.8996580839157104,62.0,70.0,True,True,2.5,1.5
11520,82,80,False,0.6979979276657104,,,,,,
11534,24,14,False,0.5630123615264893,,,,,,
11535,25,50,False,0.7345486879348755,,,,,,
11537,51,50,False,0.7884440422058105,,,,,,
11540,19,48,False,0.6594468951225281,,,,,,
11541,52,25,False,0.6175508499145508,,,,,,
11544,15,67,False,0.8508608937263489,,,,,,
11551,60,60,False,0.6288860440254211,,,,,,
11561,41,67,False,0.5432690978050232,,,,,,
11563,2,76,False,0.5221058130264282,,,,,,
11567,45,46,False,0.6654422879219055,,,,,,
11568,49,45,False,0.6095497608184814,,,,,,
11572,66,67,False,0.7491664290428162,,,,,,
11574,43,43,True,0.9007322788238525,41.0,49.0,True,True,1.5,1.5
11576,21,47,False,0.5026330947875977,,,,,,
11577,38,40,False,0.7938821315765381,,,,,,
11578,43,24,False,0.5263276696205139,,,,,,
11580,66,66,False,0.5321442484855652,,,,,,
11582,12,13,False,0.8899991512298584,,,,,,
11584,56,58,True,0.8973671793937683,56.0,64.0,True,True,3.5,1.5
11588,37,67,False,0.6092409491539001,,,,,,
11593,3,24,False,0.5730375051498413,,,,,,
11608,33,21,False,0.5246309638023376,,,,,,
11611,7,12,False,0.5911179780960083,,,,,,
11613,74,74,False,0.6320163607597351,,,,,,
11614,35,8,False,0.6415776014328003,,,,,,
11617,72,73,False,0.8328264951705933,,,,,,
11623,24,45,False,0.7527268528938293,,,,,,
11632,39,33,False,0.5068337321281433,,,,,,
11633,17,16,False,0.707167387008667,,,,,,
11638,49,45,False,0.5973674058914185,,,,,,
11640,34,35,False,0.8203520178794861,,,,,,
11642,19,48,False,0.8009665608406067,,,,,,
11643,52,47,True,0.9173970222473145,45.0,53.0,True,True,3.5,1.5
11644,41,42,True,0.9422268271446228,40.0,48.0,True,True,2.5,1.5
11655,58,56,False,0.5783670544624329,,,,,,
11664,8,90,False,0.6566339731216431,,,,,,
11665,46,42,False,0.5936954021453857,,,,,,
11666,63,64,False,0.703496515750885,,,,,,
11670,37,39,False,0.699004054069519,,,,,,
11671,21,22,False,0.8799020648002625,,,,,,
11673,81,83,True,0.9459996223449707,81.0,89.0,True,True,3.5,1.5
11675,24,53,False,0.6402794122695923,,,,,,
11683,64,62,True,0.8994334936141968,59.0,67.0,True,True,1.5,0.5
11684,29,87,False,0.607576847076416,,,,,,
11686,85,86,True,0.8662457466125488,83.0,91.0,True,True,1.5,0.5
11689,20,69,False,0.5066366195678711,,,,,,
11690,2,67,False,0.748442530632019,,,,,,
11694,58,56,False,0.5031232833862305,,,,,,
11698,38,39,False,0.8147338628768921,,,,,,
11703,55,92,False,0.5143465995788574,,,,,,
11704,39,41,True,0.8712068796157837,39.0,47.0,True,True,3.5,1.5
11713,22,48,False,0.6081196665763855,,,,,,
11716,81,77,False,0.7917826771736145,,,,,,
11723,67,43,False,0.8384249210357666,,,,,,
11730,42,44,True,0.917051374912262,42.0,50.0,True,True,3.5,1.5
11732,30,77,False,0.7493492364883423,,,,,,
11734,1,31,False,0.8133842945098877,,,,,,
11737,11,7,False,0.5284584164619446,,,,,,
11741,38,36,False,0.828530490398407,,,,,,
11745,9,9,False,0.5901804566383362,,,,,,
11746,71,73,True,0.7740718126296997,71.0,79.0,True,True,3.5,1.5
11750,57,61,False,0.5815720558166504,,,,,,
11751,68,69,False,0.9405490159988403,,,,,,
11753,4,41,False,0.5855635404586792,,,,,,
11757,87,89,False,0.6804558634757996,,,,,,
11760,16,0,False,0.5269957184791565,,,,,,
11762,67,67,False,0.7068618535995483,,,,,,
11765,60,56,True,0.8758410215377808,54.0,62.0,True,True,2.5,1.5
11770,45,41,False,0.7294518351554871,,,,,,
11771,68,77,False,0.7267255187034607,,,,,,
11774,16,86,False,0.6465089917182922,,,,,,
11775,67,67,True,0.7066985368728638,67.0,75.0,True,True,3.5,3.5
11776,30,0,False,0.5282530188560486,,,,,,
11777,54,50,True,0.8058396577835083,48.0,56.0,True,True,2.5,1.5
11783,27,88,False,0.6150732040405273,,,,,,
11784,85,85,False,0.8182089328765869,,,,,,
11786,16,17,False,0.8076810240745544,,,,,,
11787,57,87,False,0.6262618899345398,,,,,,
11788,48,49,False,0.7677065134048462,,,,,,
11793,37,2,False,0.5433380007743835,,,,,,
11796,40,41,False,0.8671143054962158,,,,,,
11797,12,56,False,0.5402504205703735,,,,,,
11799,46,48,False,0.5510128140449524,,,,,,
11802,33,79,False,0.6278517842292786,,,,,,
11803,58,60,False,0.7738423943519592,,,,,,
11808,36,36,False,0.7855280041694641,,,,,,
11809,43,39,True,0.9547702670097351,37.0,45.0,True,True,2.5,1.5
11811,11,12,False,0.7330203652381897,,,,,,
11812,40,85,False,0.5294721126556396,,,,,,
11814,22,93,False,0.6273852586746216,,,,,,
11815,57,58,False,0.8885267972946167,,,,,,
11816,48,50,False,0.7330580949783325,,,,,,
11826,8,53,False,0.6756033897399902,,,,,,
11831,48,2,False,0.5386176705360413,,,,,,
11832,81,80,False,0.6396337151527405,,,,,,
11834,15,38,False,0.6224405765533447,,,,,,
11837,24,25,False,0.6895555853843689,,,,,,
11840,25,43,False,0.6888900399208069,,,,,,
11845,34,85,False,0.5201048254966736,,,,,,
11852,6,85,False,0.6310527324676514,,,,,,
11861,88,80,False,0.6308872103691101,,,,,,
11865,11,15,False,0.691604495048523,,,,,,
11866,28,25,False,0.861264169216156,,,,,,
11874,64,34,False,0.5546188354492188,,,,,,
11881,18,19,False,0.9077814817428589,,,,,,
11886,49,90,False,0.7232691049575806,,,,,,
11887,3,3,True,0.8676372170448303,1.0,9.0,True,True,1.5,1.5
11902,45,45,True,0.8260438442230225,43.0,51.0,True,True,1.5,1.5
11905,14,52,False,0.5639674067497253,,,,,,
11906,69,66,True,0.9100631475448608,68.0,76.0,True,True,2.5,5.5
11921,15,17,False,0.8079250454902649,,,,,,
11923,19,67,False,0.8036171793937683,,,,,,
11925,15,17,False,0.6039817929267883,,,,,,
11926,16,18,True,0.859867513179779,16.0,24.0,True,True,3.5,1.5
11929,52,47,False,0.5861967206001282,,,,,,
11932,7,37,False,0.5149721503257751,,,,,,
11935,34,86,False,0.740354597568512,,,,,,
11936,31,87,False,0.5599802136421204,,,,,,
11943,93,94,False,0.657180905342102,,,,,,
11945,35,34,False,0.5471259951591492,,,,,,
11950,30,32,False,0.6531795263290405,,,,,,
11953,61,62,False,0.6375497579574585,,,,,,
11955,73,73,False,0.5038084387779236,,,,,,
11956,65,65,False,0.6523826122283936,,,,,,
11959,93,88,True,0.8059846758842468,86.0,94.0,True,True,3.5,1.5
11962,40,40,False,0.8179057836532593,,,,,,
11963,28,23,False,0.8463732004165649,,,,,,
11965,43,44,True,0.8945630788803101,42.0,50.0,True,True,2.5,1.5
11966,55,56,False,0.8748050332069397,,,,,,
11977,62,91,False,0.841874361038208,,,,,,
11979,27,23,False,0.5936509370803833,,,,,,
11987,61,34,False,0.659355878829956,,,,,,
11988,61,63,False,0.5854872465133667,,,,,,
11992,9,10,False,0.6440650224685669,,,,,,
11999,18,18,False,0.7874932289123535,,,,,,
12000,59,60,False,0.5913403630256653,,,,,,
12001,77,77,False,0.5308980941772461,,,,,,
12007,48,48,True,0.8985452055931091,46.0,54.0,True,True,1.5,1.5
12012,29,100,False,0.8317346572875977,,,,,,
12017,57,58,False,0.8410277962684631,,,,,,
12019,89,90,False,0.9595876932144165,,,,,,
12020,12,26,False,0.8240146636962891,,,,,,
12021,43,66,False,0.6732355356216431,,,,,,
12025,46,43,False,0.7175279855728149,,,,,,
12028,31,33,False,0.8142505884170532,,,,,,
12036,34,32,False,0.8358303904533386,,,,,,
12042,43,55,False,0.5096884965896606,,,,,,
12045,29,30,False,0.6738616228103638,,,,,,
12047,47,49,False,0.8709831833839417,,,,,,
12050,36,72,False,0.604607105255127,,,,,,
12054,77,75,False,0.6251207590103149,,,,,,
12057,14,16,False,0.6362397074699402,,,,,,
12060,55,55,False,0.7595850825309753,,,,,,
12061,7,7,False,0.8610866665840149,,,,,,
12062,56,30,False,0.5317465662956238,,,,,,
12067,16,12,True,0.8839226365089417,10.0,18.0,True,True,2.5,1.5
12070,2,73,False,0.5738159418106079,,,,,,
12074,51,51,True,0.8962761759757996,86.0,94.0,False,False,38.5,38.5
12075,48,74,False,0.5723609328269958,,,,,,
12078,15,61,False,0.6414440870285034,,,,,,
12079,47,49,False,0.7755046486854553,,,,,,
12081,50,46,True,0.8825466632843018,44.0,52.0,True,True,2.5,1.5
12086,34,33,False,0.5113759636878967,,,,,,
12096,20,13,False,0.6508834362030029,,,,,,
12098,44,42,False,0.7422394752502441,,,,,,
12106,28,30,True,0.8430804014205933,28.0,36.0,True,True,3.5,1.5
12113,8,41,False,0.6900835037231445,,,,,,
12119,44,72,False,0.67415452003479,,,,,,
12121,13,99,False,0.6213281750679016,,,,,,
12123,30,31,False,0.7573078274726868,,,,,,
12126,43,75,False,0.9128645658493042,,,,,,
12129,68,67,False,0.7360410094261169,,,,,,
12139,24,43,False,0.5827519297599792,,,,,,
12141,1,1,False,0.5515894889831543,,,,,,
12142,41,77,False,0.5773398876190186,,,,,,
12143,28,29,True,0.9115781188011169,27.0,35.0,True,True,2.5,1.5
12146,57,59,False,0.571321964263916,,,,,,
12149,37,57,False,0.6195637583732605,,,,,,
12150,24,65,False,0.7030119895935059,,,,,,
12153,13,18,False,0.6812613606452942,,,,,,
12159,44,44,False,0.7115057706832886,,,,,,
12162,34,30,True,0.8452723026275635,28.0,36.0,True,True,2.5,1.5
12164,25,76,False,0.5846989154815674,,,,,,
12166,66,66,False,0.8407836556434631,,,,,,
12167,37,36,False,0.5359418988227844,,,,,,
12168,25,43,False,0.6910808086395264,,,,,,
12173,56,52,True,0.8669877648353577,50.0,58.0,True,True,2.5,1.5
12176,61,52,False,0.5740569233894348,,,,,,
12178,48,18,False,0.6212196946144104,,,,,,
12182,34,36,False,0.6048070788383484,,,,,,
12184,29,29,False,0.6769970655441284,,,,,,
12186,37,37,False,0.5872761011123657,,,,,,
12188,36,36,False,0.591519832611084,,,,,,
12191,49,50,False,0.591065526008606,,,,,,
12193,16,16,False,0.764358639717102,,,,,,
12194,32,32,False,0.585949182510376,,,,,,
12196,10,7,False,0.5701289176940918,,,,,,
12197,11,11,False,0.5759493708610535,,,,,,
12202,85,86,False,0.8818060755729675,,,,,,
12205,19,14,False,0.5518943071365356,,,,,,
12207,15,13,False,0.5428624749183655,,,,,,
12208,5,7,False,0.7197662591934204,,,,,,
12209,25,75,False,0.5175070762634277,,,,,,
12211,44,45,True,0.8985483050346375,43.0,51.0,True,True,2.5,1.5
12212,48,49,True,0.872996985912323,47.0,55.0,True,True,2.5,1.5
12215,59,59,True,0.9349302053451538,58.0,66.0,True,True,2.5,2.5
12218,33,33,False,0.5081311464309692,,,,,,
12221,6,6,False,0.7065966725349426,,,,,,
12222,49,49,False,0.5020530223846436,,,,,,
12232,64,72,False,0.7823590040206909,,,,,,
12234,66,67,False,0.6183234453201294,,,,,,
12237,57,58,False,0.7351346015930176,,,,,,
12239,87,89,False,0.5996218919754028,,,,,,
12240,54,53,False,0.6777830719947815,,,,,,
12243,65,66,False,0.7046658396720886,,,,,,
12254,17,17,False,0.5818057656288147,,,,,,
12268,13,40,False,0.6593641042709351,,,,,,
12273,33,56,False,0.812146008014679,,,,,,
12277,37,35,False,0.6332454085350037,,,,,,
12279,48,31,False,0.5379003286361694,,,,,,
12284,23,23,False,0.7932743430137634,,,,,,
12285,6,48,False,0.5369608402252197,,,,,,
12286,66,68,False,0.5761286020278931,,,,,,
12287,60,60,False,0.5378894209861755,,,,,,
12289,55,55,False,0.8457953333854675,,,,,,
12296,6,7,False,0.8322433233261108,,,,,,
12298,15,16,False,0.5054888725280762,,,,,,
12299,4,93,False,0.7914113998413086,,,,,,
12304,35,23,False,0.5852603316307068,,,,,,
12308,48,17,False,0.5063955187797546,,,,,,
12310,59,95,False,0.6295827031135559,,,,,,
12313,42,7,True,0.8952987194061279,5.0,13.0,False,True,33.5,1.5
12318,1,2,True,0.8800154328346252,0.0,8.0,True,True,2.5,1.5
12324,38,40,True,0.8780182003974915,38.0,46.0,True,True,3.5,1.5
12325,45,19,False,0.5382283329963684,,,,,,
12331,35,39,False,0.550281822681427,,,,,,
12337,11,95,False,0.5400684475898743,,,,,,
12342,8,9,False,0.713551938533783,,,,,,
12343,3,5,False,0.859534740447998,,,,,,
12344,47,45,False,0.5433937311172485,,,,,,
12346,31,31,False,0.6019769906997681,,,,,,
12354,6,2,False,0.7124273180961609,,,,,,
12361,42,44,False,0.853818953037262,,,,,,
12373,20,20,False,0.6091481447219849,,,,,,
12374,64,65,False,0.6544563174247742,,,,,,
12376,41,41,False,0.945679247379303,,,,,,
12377,32,77,False,0.5036274194717407,,,,,,
12383,39,45,False,0.7419352531433105,,,,,,
12384,13,29,False,0.6992278695106506,,,,,,
12386,53,55,False,0.7969092726707458,,,,,,
12390,1,86,False,0.786071240901947,,,,,,
12398,32,32,False,0.5346142053604126,,,,,,
12405,48,49,False,0.9763669371604919,,,,,,
12407,55,49,False,0.5937066078186035,,,,,,
12411,23,25,False,0.8602595925331116,,,,,,
12417,82,83,False,0.7807629108428955,,,,,,
12418,84,86,False,0.5591898560523987,,,,,,
12422,43,60,False,0.7324299216270447,,,,,,
12424,23,21,True,0.8899447917938232,19.0,27.0,True,True,0.5,1.5
12427,6,47,False,0.5106796622276306,,,,,,
12437,47,20,False,0.5027900338172913,,,,,,
12438,91,92,False,0.6928048133850098,,,,,,
12439,19,21,False,0.6220126152038574,,,,,,
12443,42,85,False,0.5998671054840088,,,,,,
12451,40,40,False,0.5187650322914124,,,,,,
12455,67,66,False,0.5718144178390503,,,,,,
12464,23,9,False,0.9458566904067993,,,,,,
12466,18,13,False,0.573280394077301,,,,,,
12468,91,90,False,0.6575503349304199,,,,,,
12471,56,54,False,0.5346740484237671,,,,,,
12472,30,33,False,0.5249568819999695,,,,,,
12475,4,37,False,0.5329477787017822,,,,,,
12476,64,65,False,0.5442042350769043,,,,,,
12479,73,81,False,0.591553807258606,,,,,,
12483,53,53,False,0.8435983657836914,,,,,,
12484,26,27,False,0.6281144618988037,,,,,,
12489,36,62,False,0.5851716995239258,,,,,,
12492,37,33,False,0.8106952905654907,,,,,,
12496,81,77,True,0.8738082647323608,75.0,83.0,True,True,2.5,1.5
12511,40,78,False,0.7312418818473816,,,,,,
12515,71,72,False,0.6234018802642822,,,,,,
12516,47,49,True,0.9322202205657959,47.0,55.0,True,True,3.5,1.5
12517,47,48,True,0.9397086501121521,45.0,53.0,True,True,1.5,0.5
12520,43,45,False,0.7057956457138062,,,,,,
12521,23,0,False,0.6041964292526245,,,,,,
12522,20,100,False,0.679884135723114,,,,,,
12527,7,7,False,0.5240618586540222,,,,,,
12529,6,7,True,0.9008749723434448,5.0,13.0,True,True,2.5,1.5
12530,42,41,False,0.6098417043685913,,,,,,
12534,44,44,False,0.5531423687934875,,,,,,
12536,43,45,False,0.7893899083137512,,,,,,
12548,0,2,False,0.518215537071228,,,,,,
12555,83,85,False,0.6041518449783325,,,,,,
12557,34,36,False,0.681291937828064,,,,,,
12560,44,43,False,0.6321278214454651,,,,,,
12570,87,83,False,0.733669102191925,,,,,,
12571,31,10,False,0.572479784488678,,,,,,
12576,75,70,True,0.8533790111541748,68.0,76.0,True,True,3.5,1.5
12580,39,38,False,0.7187709212303162,,,,,,
12587,19,19,False,0.5265634655952454,,,,,,
12588,67,16,False,0.5135729908943176,,,,,,
12589,79,82,False,0.6381807923316956,,,,,,
12613,71,69,False,0.5127813816070557,,,,,,
12614,2,3,False,0.6553211212158203,,,,,,
12615,20,21,False,0.7381264567375183,,,,,,
12619,31,31,False,0.6078054308891296,,,,,,
12626,61,41,False,0.5015358924865723,,,,,,
12627,88,88,False,0.8116734623908997,,,,,,
12631,34,43,False,0.5222070813179016,,,,,,
12632,41,41,False,0.8295581936836243,,,,,,
12636,48,49,True,0.8399983048439026,47.0,55.0,True,True,2.5,1.5
12641,31,49,False,0.7159134149551392,,,,,,
12642,49,94,False,0.8953858613967896,,,,,,
12644,36,37,False,0.6523310542106628,,,,,,
12645,87,3,False,0.596122145652771,,,,,,
12646,12,11,False,0.5310133695602417,,,,,,
12648,6,7,True,0.9124618768692017,5.0,13.0,True,True,2.5,1.5
12649,33,34,True,0.943973183631897,32.0,40.0,True,True,2.5,1.5
12650,56,57,False,0.6369344592094421,,,,,,
12651,5,45,False,0.5883812308311462,,,,,,
12656,77,77,False,0.5186750292778015,,,,,,
12659,5,6,True,0.8667352795600891,4.0,12.0,True,True,2.5,1.5
12662,6,0,False,0.5767661929130554,,,,,,
12663,19,19,False,0.6769420504570007,,,,,,
12672,22,22,False,0.5554473996162415,,,,,,
12679,84,80,False,0.5499760508537292,,,,,,
12680,23,20,False,0.5653050541877747,,,,,,
12681,59,61,False,0.7805043458938599,,,,,,
12682,27,29,True,0.9511772394180298,27.0,35.0,True,True,3.5,1.5
12683,1,100,False,0.541594922542572,,,,,,
12687,44,44,False,0.5804126858711243,,,,,,
12690,97,97,False,0.5369990468025208,,,,,,
12695,12,81,False,0.7796961069107056,,,,,,
12699,11,12,False,0.5042433738708496,,,,,,
12700,64,66,False,0.6387689709663391,,,,,,
12702,9,9,True,0.8762670755386353,7.0,15.0,True,True,1.5,1.5
12705,29,29,False,0.8204929232597351,,,,,,
12708,10,48,False,0.6391410231590271,,,,,,
12710,1,49,False,0.5774399042129517,,,,,,
12711,39,72,False,0.6596476435661316,,,,,,
12712,45,45,True,0.9878872632980347,44.0,52.0,True,True,2.5,2.5
12714,4,100,False,0.5854090452194214,,,,,,
12715,82,81,False,0.5413910746574402,,,,,,
12720,25,21,False,0.588893711566925,,,,,,
12721,45,72,False,0.6980893015861511,,,,,,
12725,13,77,False,0.7800627946853638,,,,,,
12729,27,69,False,0.6387535929679871,,,,,,
12736,82,84,True,0.9922014474868774,81.0,89.0,True,True,2.5,0.5
12739,31,31,False,0.9133511781692505,,,,,,
12743,35,30,False,0.744956910610199,,,,,,
12747,35,74,False,0.840876042842865,,,,,,
12748,75,77,False,0.8053069114685059,,,,,,
12757,77,77,False,0.6229040026664734,,,,,,
12760,46,23,False,0.8026729226112366,,,,,,
12769,45,77,False,0.5640063881874084,,,,,,
12770,25,23,False,0.650934100151062,,,,,,
12772,4,4,True,0.8191057443618774,2.0,10.0,True,True,1.5,1.5
12773,40,40,True,0.8613490462303162,38.0,46.0,True,True,1.5,1.5
12778,65,69,False,0.532952606678009,,,,,,
12781,9,9,False,0.6153597831726074,,,,,,
12782,8,90,False,0.6017667055130005,,,,,,
12783,41,37,True,0.9763556122779846,35.0,43.0,True,True,2.5,1.5
12786,33,19,False,0.708803653717041,,,,,,
12787,13,13,False,0.7905209064483643,,,,,,
12791,47,43,False,0.6951855421066284,,,,,,
12807,8,10,False,0.8684682846069336,,,,,,
12808,48,45,True,0.8042258620262146,43.0,51.0,True,True,1.5,1.5
12813,58,91,False,0.5934447050094604,,,,,,
12814,14,46,False,0.589396595954895,,,,,,
12815,20,46,False,0.6446211338043213,,,,,,
12818,53,86,False,0.8289969563484192,,,,,,
12822,28,75,False,0.7688738107681274,,,,,,
12823,46,48,False,0.7069399952888489,,,,,,
12827,31,33,False,0.7762463092803955,,,,,,
12836,44,45,False,0.7463514804840088,,,,,,
12839,49,62,False,0.7556266188621521,,,,,,
12840,20,100,False,0.5253049731254578,,,,,,
12845,15,56,False,0.7431963682174683,,,,,,
12858,12,13,False,0.8533399105072021,,,,,,
12867,46,47,False,0.7796486616134644,,,,,,
12869,44,45,False,0.8879359364509583,,,,,,
12874,62,63,False,0.7358865737915039,,,,,,
12875,15,16,False,0.827487587928772,,,,,,
12877,77,79,False,0.5187985897064209,,,,,,
12878,64,63,False,0.5647839903831482,,,,,,
12885,42,43,False,0.8646111488342285,,,,,,
12887,10,38,False,0.7200881838798523,,,,,,
12890,38,38,False,0.5657939910888672,,,,,,
12891,59,60,False,0.933296799659729,,,,,,
12892,64,38,False,0.5774997472763062,,,,,,
12894,98,93,False,0.5044065117835999,,,,,,
12895,75,70,False,0.5150958299636841,,,,,,
12896,56,96,False,0.6320512294769287,,,,,,
12897,23,77,False,0.6383651494979858,,,,,,
12899,62,100,False,0.6365025043487549,,,,,,
12903,18,19,False,0.6479542851448059,,,,,,
12907,48,22,False,0.5100520849227905,,,,,,
12908,16,16,False,0.5690082907676697,,,,,,
12909,69,35,False,0.5601338744163513,,,,,,
12911,41,41,False,0.5356568694114685,,,,,,
12914,7,8,False,0.8992364406585693,,,,,,
12919,33,33,False,0.9588959813117981,,,,,,
12920,9,10,True,0.9233565926551819,35.0,43.0,False,False,29.5,28.5
12924,62,64,False,0.6076503992080688,,,,,,
12925,27,29,True,0.9359095692634583,26.0,34.0,True,True,2.5,0.5
12929,95,1,True,0.8105692863464355,89.0,97.0,True,False,2.5,91.5
12932,56,54,False,0.8827546238899231,,,,,,
12933,12,82,False,0.5754172205924988,,,,,,
12935,9,10,False,0.7094739079475403,,,,,,
12941,58,71,False,0.5852007269859314,,,,,,
12944,5,4,False,0.6270033121109009,,,,,,
12945,41,35,False,0.534265398979187,,,,,,
12946,25,21,False,0.5864752531051636,,,,,,
12952,43,62,False,0.5828022360801697,,,,,,
12953,26,26,False,0.7948115468025208,,,,,,
12954,29,30,False,0.6906321048736572,,,,,,
12957,55,62,False,0.5871602296829224,,,,,,
12960,24,25,False,0.7874399423599243,,,,,,
12962,8,8,False,0.6240886449813843,,,,,,
12965,95,11,False,0.7794771790504456,,,,,,
12966,34,53,False,0.6817917227745056,,,,,,
12971,59,58,False,0.5964189171791077,,,,,,
12973,15,76,False,0.6058789491653442,,,,,,
12975,27,28,True,0.9480610489845276,26.0,34.0,True,True,2.5,1.5
12979,7,36,False,0.6413026452064514,,,,,,
12982,14,15,False,0.7708907723426819,,,,,,
12984,6,2,False,0.5139579176902771,,,,,,
12994,33,0,False,0.5735793113708496,,,,,,
12999,48,48,False,0.5633963942527771,,,,,,
13001,55,56,False,0.5541889071464539,,,,,,
13007,80,76,True,0.814686119556427,74.0,82.0,True,True,2.5,1.5
13010,0,73,False,0.5494655966758728,,,,,,
13014,31,27,False,0.5211578011512756,,,,,,
13024,25,53,False,0.7363663911819458,,,,,,
13025,75,74,True,0.9166662096977234,73.0,81.0,True,True,1.5,2.5
13028,34,34,False,0.6814748644828796,,,,,,
13030,42,70,False,0.5270963311195374,,,,,,
13031,44,45,False,0.7435574531555176,,,,,,
13038,73,73,False,0.8999117016792297,,,,,,
13039,35,34,True,0.9754485487937927,32.0,40.0,True,True,0.5,1.5
13042,36,0,False,0.579899787902832,,,,,,
13044,41,73,False,0.7812277674674988,,,,,,
13053,73,74,False,0.755894660949707,,,,,,
13056,65,65,False,0.503013551235199,,,,,,
13058,53,53,False,0.7735100984573364,,,,,,
13063,23,56,False,0.7738866806030273,,,,,,
13075,59,55,False,0.7585504055023193,,,,,,
13076,59,56,False,0.6165220141410828,,,,,,
13078,63,63,False,0.5951265096664429,,,,,,
13081,23,23,False,0.5830153822898865,,,,,,
13085,39,39,False,0.6413480639457703,,,,,,
13087,17,31,False,0.6190612316131592,,,,,,
13088,61,61,False,0.7298676371574402,,,,,,
13089,14,98,False,0.6652606129646301,,,,,,
13094,22,24,False,0.5766568779945374,,,,,,
13095,70,51,False,0.5506531596183777,,,,,,
13099,52,55,False,0.5476970672607422,,,,,,
13102,18,48,False,0.5389642119407654,,,,,,
13103,33,34,True,0.8519513607025146,31.0,39.0,True,True,1.5,0.5
13104,58,87,False,0.6488842368125916,,,,,,
13112,7,3,True,0.870643675327301,1.0,9.0,True,True,2.5,1.5
13113,74,73,False,0.5286422371864319,,,,,,
13115,17,18,False,0.9169739484786987,,,,,,
13121,67,68,True,0.9044091105461121,65.0,73.0,True,True,1.5,0.5
13129,12,100,False,0.5514283180236816,,,,,,
13131,55,54,False,0.548355758190155,,,,,,
13132,14,14,False,0.6029611825942993,,,,,,
13141,23,38,False,0.7709922790527344,,,,,,
13147,68,67,False,0.6133484840393066,,,,,,
13148,29,29,False,0.7336938381195068,,,,,,
13150,4,100,False,0.5883481502532959,,,,,,
13155,27,19,False,0.6249499320983887,,,,,,
13161,71,71,False,0.6239229440689087,,,,,,
13163,15,18,False,0.5615993142127991,,,,,,
13164,43,28,False,0.5405364632606506,,,,,,
13168,5,19,False,0.5379745960235596,,,,,,
13169,28,53,False,0.6706803441047668,,,,,,
13174,39,79,False,0.7538501620292664,,,,,,
13176,60,65,False,0.6716880798339844,,,,,,
13177,58,58,True,0.8447368144989014,56.0,64.0,True,True,1.5,1.5
13184,67,69,False,0.6029056310653687,,,,,,
13186,80,81,True,0.8485814929008484,79.0,87.0,True,True,2.5,1.5
13187,29,28,False,0.5695632696151733,,,,,,
13191,5,35,False,0.689775288105011,,,,,,
13197,3,4,False,0.6955609321594238,,,,,,
13199,12,7,False,0.6487593054771423,,,,,,
13207,26,24,False,0.549613356590271,,,,,,
13209,24,40,False,0.5266607999801636,,,,,,
13219,36,25,False,0.5646923184394836,,,,,,
13221,49,20,False,0.5591862201690674,,,,,,
13224,48,18,False,0.5987433195114136,,,,,,
13228,65,67,False,0.596764087677002,,,,,,
13229,67,64,False,0.517439603805542,,,,,,
13230,32,26,False,0.5125101804733276,,,,,,
13231,45,91,False,0.6255483031272888,,,,,,
13232,36,38,False,0.6074028611183167,,,,,,
13234,44,45,False,0.5777347683906555,,,,,,
13235,46,70,False,0.747269332408905,,,,,,
13236,11,10,False,0.5707998275756836,,,,,,
13239,5,10,False,0.6437191367149353,,,,,,
13246,57,58,True,0.9305789470672607,56.0,64.0,True,True,2.5,1.5
13254,16,42,False,0.6521998643875122,,,,,,
13261,33,49,False,0.6124060153961182,,,,,,
13265,37,18,False,0.5923993587493896,,,,,,
13267,39,20,False,0.584947407245636,,,,,,
13268,82,83,False,0.7082270383834839,,,,,,
13272,22,87,False,0.5065051317214966,,,,,,
13277,6,89,False,0.5761481523513794,,,,,,
13279,66,61,False,0.5073414444923401,,,,,,
13291,29,33,False,0.6884221434593201,,,,,,
13298,34,34,False,0.861839771270752,,,,,,
13300,78,81,False,0.5166643857955933,,,,,,
13304,6,8,False,0.517812192440033,,,,,,
13305,61,63,True,0.9289103746414185,61.0,69.0,True,True,3.5,1.5
13307,31,50,False,0.5032698512077332,,,,,,
13309,11,35,False,0.5497384667396545,,,,,,
13313,18,25,False,0.8423293232917786,,,,,,
13314,67,90,False,0.694267988204956,,,,,,
13315,23,19,False,0.5882177352905273,,,,,,
13316,23,64,False,0.7922618389129639,,,,,,
13324,42,41,True,0.795255184173584,37.0,45.0,True,True,1.5,0.5
13325,19,70,False,0.5336489081382751,,,,,,
13328,39,40,False,0.5697551965713501,,,,,,
13334,33,78,False,0.7617931365966797,,,,,,
13337,80,81,False,0.9327237606048584,,,,,,
13348,7,90,False,0.5723280906677246,,,,,,
13351,73,68,False,0.6956320405006409,,,,,,
13352,41,49,False,0.7281975746154785,,,,,,
13356,63,61,False,0.5186327695846558,,,,,,
13365,32,32,False,0.7736473083496094,,,,,,
13366,57,58,False,0.5739401578903198,,,,,,
13369,9,100,False,0.5127630233764648,,,,,,
13370,30,15,False,0.5118221044540405,,,,,,
13371,33,100,False,0.5773141384124756,,,,,,
13372,24,61,False,0.5576295256614685,,,,,,
13373,10,48,False,0.5202246308326721,,,,,,
13377,20,23,False,0.7501744031906128,,,,,,
13378,27,77,False,0.6122564077377319,,,,,,
13383,48,46,True,0.9500729441642761,44.0,52.0,True,True,0.5,1.5
13387,29,28,False,0.701454758644104,,,,,,
13392,14,15,False,0.6563174724578857,,,,,,
13393,68,86,True,0.8586513996124268,68.0,76.0,True,True,3.5,14.5
13394,30,32,False,0.8334359526634216,,,,,,
13399,61,0,False,0.6486124992370605,,,,,,
13404,41,77,False,0.6122344136238098,,,,,,
13420,29,52,False,0.6540639400482178,,,,,,
13421,31,27,False,0.5965979099273682,,,,,,
13424,45,16,False,0.782264232635498,,,,,,
13429,70,92,False,0.6145941615104675,,,,,,
13432,15,12,False,0.6206251382827759,,,,,,
13436,4,75,False,0.5986690521240234,,,,,,
13448,63,58,True,0.9280732274055481,56.0,64.0,True,True,3.5,1.5
13449,85,86,False,0.6439457535743713,,,,,,
13453,45,54,False,0.5867539048194885,,,,,,
13463,25,25,False,0.6047843098640442,,,,,,
13464,57,54,False,0.6165578961372375,,,,,,
13466,44,88,False,0.6009299755096436,,,,,,
13467,10,69,False,0.5856568217277527,,,,,,
13469,35,83,False,0.6507548689842224,,,,,,
13470,36,63,False,0.5894616842269897,,,,,,
13473,24,23,False,0.6241355538368225,,,,,,
13477,65,68,False,0.5991498231887817,,,,,,
13479,26,28,False,0.7805942893028259,,,,,,
13480,32,33,False,0.7292249202728271,,,,,,
13481,7,29,False,0.7162281274795532,,,,,,
13484,4,1,False,0.6644747257232666,,,,,,
13486,52,55,False,0.5749411582946777,,,,,,
13494,30,13,False,0.7980660796165466,,,,,,
13497,57,9,False,0.6566210389137268,,,,,,
13498,33,35,False,0.8081731200218201,,,,,,
13508,64,65,True,0.8542038202285767,63.0,71.0,True,True,2.5,1.5
13518,31,33,False,0.7517554759979248,,,,,,
13519,6,46,False,0.6486189961433411,,,,,,
13520,65,100,False,0.6168625950813293,,,,,,
13523,5,6,False,0.5924187302589417,,,,,,
13524,45,71,False,0.8349112272262573,,,,,,
13538,39,42,False,0.581404447555542,,,,,,
13540,31,52,False,0.6137673258781433,,,,,,
13541,31,31,False,0.6916980147361755,,,,,,
13546,86,81,False,0.7916362881660461,,,,,,
13548,8,10,False,0.6020269393920898,,,,,,
13550,21,20,False,0.6558740139007568,,,,,,
13552,21,20,False,0.5260202288627625,,,,,,
13555,31,33,False,0.5491717457771301,,,,,,
13562,39,40,False,0.761161744594574,,,,,,
13563,25,25,True,0.8834389448165894,23.0,31.0,True,True,1.5,1.5
13565,97,96,False,0.5528124570846558,,,,,,
13568,39,81,False,0.5272209048271179,,,,,,
13569,58,54,True,0.8572898507118225,52.0,60.0,True,True,2.5,1.5
13572,15,15,False,0.5685567259788513,,,,,,
13576,17,18,False,0.6395270228385925,,,,,,
13578,36,13,False,0.5846142768859863,,,,,,
13592,48,87,False,0.7171503305435181,,,,,,
13594,40,36,True,0.904448926448822,34.0,42.0,True,True,2.5,1.5
13598,84,85,True,0.9148163795471191,83.0,91.0,True,True,2.5,1.5
13599,52,48,True,0.9263424277305603,46.0,54.0,True,True,2.5,1.5
13611,18,44,False,0.716630220413208,,,,,,
13613,43,41,True,0.813435435295105,39.0,47.0,True,True,0.5,1.5
13614,48,44,False,0.5071581602096558,,,,,,
13617,60,61,False,0.6174250841140747,,,,,,
13618,41,42,False,0.7030779719352722,,,,,,
13620,4,82,False,0.5061076879501343,,,,,,
13621,94,90,False,0.598275899887085,,,,,,
13638,63,63,False,0.8253770470619202,,,,,,
13640,11,65,False,0.6122356653213501,,,,,,
13648,61,31,False,0.6230583190917969,,,,,,
13655,24,26,True,0.9235603213310242,24.0,32.0,True,True,3.5,1.5
13657,39,40,True,0.9088369011878967,38.0,46.0,True,True,2.5,1.5
13658,59,73,False,0.5399242639541626,,,,,,
13660,37,49,False,0.5313668847084045,,,,,,
13661,14,16,False,0.614345371723175,,,,,,
13663,13,37,False,0.5514799356460571,,,,,,
13664,49,48,False,0.8395736217498779,,,,,,
13672,6,6,False,0.7392417788505554,,,,,,
13674,57,52,False,0.6354337930679321,,,,,,
13676,57,58,False,0.7420178055763245,,,,,,
13680,8,10,True,0.8983191847801208,8.0,16.0,True,True,3.5,1.5
13681,59,60,False,0.6392350792884827,,,,,,
13686,52,52,False,0.6748961806297302,,,,,,
13693,7,8,False,0.61761873960495,,,,,,
13695,62,60,False,0.5849012732505798,,,,,,
13696,15,44,False,0.6095107197761536,,,,,,
13698,53,40,False,0.6563910245895386,,,,,,
13703,56,57,False,0.757087767124176,,,,,,
13707,51,48,True,0.9549659490585327,45.0,53.0,True,True,2.5,0.5
13709,18,17,False,0.6432680487632751,,,,,,
13713,72,73,False,0.7277759313583374,,,,,,
13714,46,73,False,0.6385945081710815,,,,,,
13720,74,74,False,0.7323487401008606,,,,,,
13723,35,35,False,0.7959139943122864,,,,,,
13724,75,75,False,0.7108891606330872,,,,,,
13725,48,49,False,0.6845477819442749,,,,,,
13726,14,84,False,0.5977679491043091,,,,,,
13731,55,8,False,0.9188539981842041,,,,,,
13733,55,53,False,0.5520311594009399,,,,,,
13735,40,42,False,0.5371264815330505,,,,,,
13739,44,82,False,0.6256166100502014,,,,,,
13742,33,47,False,0.6354517936706543,,,,,,
13744,77,77,False,0.5401653051376343,,,,,,
13745,30,34,False,0.5698448419570923,,,,,,
13747,23,20,False,0.6812441945075989,,,,,,
13748,17,15,False,0.7431313395500183,,,,,,
13754,2,4,False,0.7670491933822632,,,,,,
13757,20,1,False,0.6064102053642273,,,,,,
13758,21,18,False,0.5015143156051636,,,,,,
13759,32,33,True,0.9040163159370422,30.0,38.0,True,True,1.5,0.5
13760,68,69,False,0.8071780800819397,,,,,,
13765,56,57,False,0.7127524614334106,,,,,,
13769,65,66,False,0.7426422834396362,,,,,,
13774,64,70,False,0.6761544942855835,,,,,,
13776,43,44,True,0.9646605253219604,42.0,50.0,True,True,2.5,1.5
13784,63,62,False,0.6828394532203674,,,,,,
13788,19,44,False,0.6215484738349915,,,,,,
13790,14,2,False,0.7635002136230469,,,,,,
13792,58,80,False,0.5337919592857361,,,,,,
13799,67,72,False,0.6984224319458008,,,,,,
13800,5,5,False,0.5161547064781189,,,,,,
13803,41,98,False,0.5393509864807129,,,,,,
13804,60,61,True,0.9222062230110168,59.0,67.0,True,True,2.5,1.5
13805,3,3,False,0.7643075585365295,,,,,,
13807,82,84,False,0.50351881980896,,,,,,
13811,60,56,False,0.5618903040885925,,,,,,
13812,96,98,False,0.5685212016105652,,,,,,
13815,43,80,False,0.8651733994483948,,,,,,
13826,41,28,False,0.6277616620063782,,,,,,
13837,19,70,False,0.6424024701118469,,,,,,
13838,39,37,False,0.5510628819465637,,,,,,
13841,11,37,False,0.6187607645988464,,,,,,
13842,47,47,False,0.7719905376434326,,,,,,
13843,55,55,True,0.952185332775116,53.0,61.0,True,True,1.5,1.5
13845,8,4,False,0.5640003085136414,,,,,,
13847,3,81,False,0.5587245225906372,,,,,,
13855,7,91,False,0.9098964333534241,,,,,,
13861,21,25,False,0.6434916257858276,,,,,,
13863,45,41,True,0.9605928659439087,38.0,46.0,True,True,3.5,0.5
13866,30,31,True,0.8655933737754822,29.0,37.0,True,True,2.5,1.5
13868,65,65,False,0.5254418849945068,,,,,,
13871,98,94,False,0.5531723499298096,,,,,,
13872,61,60,False,0.5101296901702881,,,,,,
13875,49,24,False,0.5752156376838684,,,,,,
13879,19,70,False,0.5785331130027771,,,,,,
13882,35,54,False,0.5197944641113281,,,,,,
13883,51,13,False,0.6397200226783752,,,,,,
13884,50,46,True,0.8920218348503113,44.0,52.0,True,True,2.5,1.5
13885,39,38,False,0.6297653317451477,,,,,,
13910,14,46,False,0.6509996652603149,,,,,,
13913,64,67,False,0.8083184361457825,,,,,,
13917,36,34,False,0.7303457856178284,,,,,,
13921,54,56,False,0.5231758952140808,,,,,,
13924,22,24,False,0.6720490455627441,,,,,,
13925,7,62,False,0.5869916081428528,,,,,,
13928,41,12,False,0.5217037796974182,,,,,,
13932,56,54,False,0.6140093207359314,,,,,,
13934,78,78,False,0.830579936504364,,,,,,
13935,72,67,False,0.7791073322296143,,,,,,
13937,25,66,False,0.543362021446228,,,,,,
13939,42,46,False,0.7134527564048767,,,,,,
13952,42,86,False,0.8348432183265686,,,,,,
13953,47,47,False,0.7033542990684509,,,,,,
13961,60,61,False,0.7918697595596313,,,,,,
13962,26,24,False,0.6904700994491577,,,,,,
13964,34,34,True,0.842419445514679,32.0,40.0,True,True,1.5,1.5
13969,8,2,False,0.5196926593780518,,,,,,
13973,42,67,False,0.6825700998306274,,,,,,
13976,26,78,False,0.6533670425415039,,,,,,
13977,67,39,False,0.5380560755729675,,,,,,
13978,32,33,False,0.9149885773658752,,,,,,
13980,66,65,False,0.915881872177124,,,,,,
13988,21,87,False,0.8754783868789673,,,,,,
13996,27,28,False,0.8750224113464355,,,,,,
14001,36,37,False,0.506019115447998,,,,,,
14003,7,24,False,0.7395021319389343,,,,,,
14005,5,96,False,0.5517987608909607,,,,,,
14006,29,27,False,0.7198832631111145,,,,,,
14010,23,22,False,0.7680771350860596,,,,,,
14012,71,72,False,0.7185661792755127,,,,,,
14015,74,76,False,0.8679960370063782,,,,,,
14017,65,67,False,0.5495189428329468,,,,,,
14022,36,53,False,0.6158635020256042,,,,,,
14024,8,8,False,0.8133595585823059,,,,,,
14026,16,37,False,0.5176791548728943,,,,,,
14036,6,42,False,0.5729883313179016,,,,,,
14040,92,13,False,0.5307002663612366,,,,,,
14041,28,11,False,0.5316717624664307,,,,,,
14043,59,54,False,0.7492207288742065,,,,,,
14044,4,5,False,0.7029103636741638,,,,,,
14048,61,62,True,0.9514328241348267,60.0,68.0,True,True,2.5,1.5
14049,43,45,False,0.5073633193969727,,,,,,
14050,30,32,True,0.8689730763435364,30.0,38.0,True,True,3.5,1.5
14052,87,87,True,0.7920470237731934,85.0,93.0,True,True,1.5,1.5
14055,25,26,False,0.8500068783760071,,,,,,
14057,49,76,False,0.6830536723136902,,,,,,
14060,76,73,False,0.7737529277801514,,,,,,
14062,59,69,False,0.5792688727378845,,,,,,
14065,34,34,False,0.6675459742546082,,,,,,
14073,18,16,True,0.8421865105628967,14.0,22.0,True,True,0.5,1.5
14075,48,44,False,0.5505188703536987,,,,,,
14076,75,75,False,0.6149979829788208,,,,,,
14079,29,13,False,0.5199561715126038,,,,,,
14088,33,87,False,0.5089014768600464,,,,,,
14093,63,65,False,0.6566729545593262,,,,,,
14095,61,62,False,0.6298502087593079,,,,,,
14109,7,2,False,0.6350844502449036,,,,,,
14127,6,73,False,0.6366893649101257,,,,,,
14135,14,11,False,0.8279059529304504,,,,,,
14138,15,14,False,0.5134385824203491,,,,,,
14140,14,13,False,0.5516833662986755,,,,,,
14141,87,83,True,0.7652752995491028,81.0,89.0,True,True,2.5,1.5
14145,61,89,False,0.6374809145927429,,,,,,
14147,64,63,False,0.5447420477867126,,,,,,
14148,86,81,True,0.7180492281913757,79.0,87.0,True,True,3.5,1.5
14158,48,25,False,0.577890157699585,,,,,,
14159,43,44,False,0.5058193802833557,,,,,,
14167,15,15,False,0.7330295443534851,,,,,,
14171,93,94,False,0.5946558713912964,,,,,,
14182,28,29,False,0.9170683026313782,,,,,,
14183,41,31,False,0.5212578177452087,,,,,,
14185,40,44,False,0.7230143547058105,,,,,,
14186,70,72,False,0.5837663412094116,,,,,,
14191,55,52,True,0.8372679948806763,50.0,58.0,True,True,1.5,1.5
14192,55,56,True,0.8570155501365662,54.0,62.0,True,True,2.5,1.5
14196,27,28,False,0.5121142864227295,,,,,,
14199,64,65,False,0.8012737035751343,,,,,,
14203,72,71,False,0.5748268365859985,,,,,,
14208,60,20,False,0.6409875750541687,,,,,,
14209,60,59,False,0.5940298438072205,,,,,,
14214,4,6,False,0.6633936166763306,,,,,,
14215,24,48,False,0.7159723043441772,,,,,,
14217,61,60,False,0.7004983425140381,,,,,,
14220,15,41,False,0.6871992945671082,,,,,,
14224,53,76,False,0.7548699378967285,,,,,,
14225,46,23,False,0.514817476272583,,,,,,
14232,67,66,False,0.6096354126930237,,,,,,
14233,32,34,False,0.8390821218490601,,,,,,
14237,65,69,False,0.7015603184700012,,,,,,
14240,1,99,False,0.5102642774581909,,,,,,
14243,58,60,False,0.7111507058143616,,,,,,
14248,63,59,True,0.9261481165885925,57.0,65.0,True,True,2.5,1.5
14250,22,24,False,0.6255144476890564,,,,,,
14266,17,41,False,0.721096396446228,,,,,,
14268,61,23,False,0.5521306395530701,,,,,,
14272,67,64,False,0.6006050109863281,,,,,,
14273,39,88,False,0.5216568112373352,,,,,,
14277,77,73,False,0.5989837646484375,,,,,,
14279,37,35,False,0.5671107172966003,,,,,,
14284,43,66,False,0.6995325088500977,,,,,,
14287,8,9,False,0.5203291773796082,,,,,,
14291,35,29,False,0.8848568797111511,,,,,,
14292,34,76,False,0.5399847626686096,,,,,,
14294,42,40,False,0.5678123831748962,,,,,,
14295,12,7,False,0.6178141832351685,,,,,,
14300,21,96,False,0.6538422703742981,,,,,,
14301,41,40,False,0.8891627192497253,,,,,,
14305,38,21,False,0.5002894401550293,,,,,,
14311,83,86,True,0.9170740246772766,83.0,91.0,True,True,3.5,0.5
14313,73,87,False,0.5147745013237,,,,,,
14314,62,63,False,0.7786605358123779,,,,,,
14315,35,35,False,0.5818631649017334,,,,,,
14316,15,65,False,0.7642459273338318,,,,,,
14321,59,60,False,0.6773139834403992,,,,,,
14325,13,14,True,0.8169552087783813,12.0,20.0,True,True,2.5,1.5
14326,28,26,False,0.6247182488441467,,,,,,
14327,34,84,False,0.762643039226532,,,,,,
14333,52,86,False,0.7040465474128723,,,,,,
14339,24,0,False,0.5350258350372314,,,,,,
14340,58,59,False,0.526642382144928,,,,,,
14343,69,69,False,0.645729124546051,,,,,,
14345,28,27,False,0.6914461851119995,,,,,,
14351,77,78,False,0.5000960230827332,,,,,,
14354,85,84,False,0.6068450212478638,,,,,,
14356,29,25,True,0.9352673292160034,23.0,31.0,True,True,2.5,1.5
14357,37,35,False,0.5187095999717712,,,,,,
14358,74,76,False,0.8674157857894897,,,,,,
14360,64,65,False,0.5679070353507996,,,,,,
14362,73,73,False,0.9235461950302124,,,,,,
14370,30,30,False,0.5104659795761108,,,,,,
14373,10,35,False,0.7834226489067078,,,,,,
14380,28,33,False,0.8257914781570435,,,,,,
14392,51,85,False,0.7193557024002075,,,,,,
14401,31,33,False,0.7818742990493774,,,,,,
14404,26,45,False,0.5792918801307678,,,,,,
14405,29,30,False,0.8796245455741882,,,,,,
14407,41,79,False,0.8177692890167236,,,,,,
14408,46,57,False,0.8344164490699768,,,,,,
14411,23,24,False,0.5228933691978455,,,,,,
14414,55,16,False,0.5864241719245911,,,,,,
14417,64,67,False,0.5556450486183167,,,,,,
14419,24,24,True,0.8820949196815491,22.0,30.0,True,True,1.5,1.5
14420,38,39,False,0.7799586653709412,,,,,,
14424,16,17,False,0.5032850503921509,,,,,,
14425,54,52,True,0.7871516942977905,50.0,58.0,True,True,0.5,1.5
14428,44,45,False,0.6641202569007874,,,,,,
14429,19,21,False,0.8866851329803467,,,,,,
14431,36,18,False,0.5544134974479675,,,,,,
14436,36,39,False,0.5334192514419556,,,,,,
14437,23,23,False,0.7053054571151733,,,,,,
14444,66,64,False,0.5085155367851257,,,,,,
14449,15,10,False,0.6494688391685486,,,,,,
14455,8,8,False,0.7247546911239624,,,,,,
14456,60,60,False,0.5675346851348877,,,,,,
14457,8,11,False,0.5229805111885071,,,,,,
14459,49,49,True,0.9547971487045288,47.0,55.0,True,True,1.5,1.5
14465,57,58,False,0.5104157328605652,,,,,,
14468,17,44,False,0.5249778032302856,,,,,,
14472,4,23,False,0.7729613184928894,,,,,,
14480,77,76,False,0.5437385439872742,,,,,,
14487,28,29,False,0.6827396750450134,,,,,,
14489,23,25,False,0.5507648587226868,,,,,,
14492,19,21,False,0.5471999645233154,,,,,,
14493,46,93,False,0.5510434508323669,,,,,,
14494,18,19,True,0.8610092997550964,16.0,24.0,True,True,1.5,0.5
14504,18,18,False,0.6626569628715515,,,,,,
14517,35,35,True,0.9601023197174072,33.0,41.0,True,True,1.5,1.5
14518,27,40,False,0.5780813097953796,,,,,,
14521,7,53,False,0.808628499507904,,,,,,
14527,24,63,False,0.7566096186637878,,,,,,
14535,62,64,False,0.6137583255767822,,,,,,
14544,44,20,False,0.5464829802513123,,,,,,
14548,1,74,False,0.6741111278533936,,,,,,
14552,27,67,False,0.5816311836242676,,,,,,
14557,6,33,False,0.545779287815094,,,,,,
14559,30,55,False,0.6798282861709595,,,,,,
14560,23,85,False,0.8974987268447876,,,,,,
14561,45,41,True,0.8921866416931152,39.0,47.0,True,True,2.5,1.5
14562,32,59,False,0.6394215226173401,,,,,,
14564,42,42,False,0.671294629573822,,,,,,
14567,41,41,False,0.8408470749855042,,,,,,
14568,56,61,False,0.5589675307273865,,,,,,
14571,5,16,False,0.5407969951629639,,,,,,
14580,8,65,False,0.5793703198432922,,,,,,
14581,21,75,False,0.6785943508148193,,,,,,
14583,40,42,False,0.6038988828659058,,,,,,
14584,15,26,False,0.5886310935020447,,,,,,
14586,20,22,False,0.7770405411720276,,,,,,
14590,64,67,False,0.6669597029685974,,,,,,
14593,42,43,False,0.682365894317627,,,,,,
14595,22,50,False,0.5569012761116028,,,,,,
14607,39,93,False,0.5233035087585449,,,,,,
14608,35,37,True,0.8711497783660889,35.0,43.0,True,True,3.5,1.5
14609,44,45,True,0.8931760191917419,43.0,51.0,True,True,2.5,1.5
14616,5,1,False,0.636815071105957,,,,,,
14618,49,46,False,0.5197260975837708,,,,,,
14624,67,67,False,0.552173376083374,,,,,,
14628,13,15,False,0.8127679228782654,,,,,,
14630,10,4,False,0.5449393391609192,,,,,,
14631,40,38,False,0.6905447840690613,,,,,,
14635,18,100,False,0.5315496921539307,,,,,,
14637,58,58,False,0.6488820314407349,,,,,,
14639,44,45,False,0.6438201665878296,,,,,,
14640,19,36,False,0.8942049145698547,,,,,,
14643,28,30,False,0.5816663503646851,,,,,,
14647,19,14,False,0.6466463208198547,,,,,,
14650,32,34,False,0.8908517360687256,,,,,,
14658,17,36,False,0.6204901933670044,,,,,,
14668,27,27,False,0.5030802488327026,,,,,,
14669,14,42,False,0.7534593939781189,,,,,,
14670,7,46,False,0.8655726313591003,,,,,,
14672,70,43,False,0.8781831860542297,,,,,,
14675,22,2,True,0.8805604577064514,0.0,8.0,False,True,18.5,1.5
14680,19,16,False,0.6503487825393677,,,,,,
14682,29,11,False,0.6002963781356812,,,,,,
14688,24,6,False,0.5356702208518982,,,,,,
14690,55,53,False,0.7723881602287292,,,,,,
14692,36,65,False,0.6679854989051819,,,,,,
14693,47,32,False,0.500625729560852,,,,,,
14695,22,17,True,0.9242147207260132,15.0,23.0,True,True,3.5,1.5
14698,40,61,False,0.576562225818634,,,,,,
14700,19,14,False,0.616367757320404,,,,,,
14703,65,67,False,0.7279688715934753,,,,,,
14705,56,53,False,0.6942030191421509,,,,,,
14707,13,14,False,0.6559755802154541,,,,,,
14710,24,24,True,0.7421126365661621,22.0,30.0,True,True,1.5,1.5
14711,57,58,True,0.9536057114601135,56.0,64.0,True,True,2.5,1.5
14718,73,70,False,0.5340123176574707,,,,,,
14723,32,33,True,0.9729821085929871,31.0,39.0,True,True,2.5,1.5
14725,39,81,False,0.7767137289047241,,,,,,
14727,21,19,False,0.5154205560684204,,,,,,
14730,26,28,False,0.516656219959259,,,,,,
14736,27,28,False,0.9010204076766968,,,,,,
14738,83,86,True,0.8026940822601318,83.0,91.0,True,True,3.5,0.5
14740,71,71,False,0.5812575221061707,,,,,,
14741,20,96,False,0.7186599373817444,,,,,,
14742,68,94,False,0.5072612762451172,,,,,,
14747,1,3,True,0.9316989183425903,1.0,9.0,True,True,3.5,1.5
14751,54,31,False,0.5730753540992737,,,,,,
14766,31,58,False,0.5795618295669556,,,,,,
14768,24,49,False,0.7754443883895874,,,,,,
14770,12,2,False,0.6203683018684387,,,,,,
14772,43,45,False,0.6983214020729065,,,,,,
14777,48,37,False,0.6112487316131592,,,,,,
14780,42,38,False,0.7423573136329651,,,,,,
14800,36,63,False,0.8567826151847839,,,,,,
14802,17,61,False,0.5647404193878174,,,,,,
14803,9,11,False,0.5801810622215271,,,,,,
14806,40,88,False,0.6507436037063599,,,,,,
14811,68,69,False,0.9469172954559326,,,,,,
14814,30,31,False,0.8637161254882812,,,,,,
14815,12,37,False,0.6487767696380615,,,,,,
14816,75,75,False,0.8153634667396545,,,,,,
14819,10,10,False,0.5180720090866089,,,,,,
14820,29,100,False,0.6313562989234924,,,,,,
14822,82,78,True,0.8505057692527771,76.0,84.0,True,True,2.5,1.5
14823,12,37,False,0.6165077686309814,,,,,,
14829,20,21,False,0.5694612860679626,,,,,,
14835,27,21,False,0.6456634402275085,,,,,,
14839,22,50,False,0.816879153251648,,,,,,
14850,13,10,False,0.5407271981239319,,,,,,
14853,62,62,True,0.9377898573875427,27.0,35.0,False,False,31.5,31.5
14854,75,75,False,0.5378223061561584,,,,,,
14857,90,91,False,0.7801562547683716,,,,,,
14858,21,16,False,0.6020122170448303,,,,,,
14863,11,12,False,0.7877214550971985,,,,,,
14865,9,10,False,0.5452664494514465,,,,,,
14867,52,52,False,0.8778102993965149,,,,,,
14868,65,67,False,0.6234805583953857,,,,,,
14870,74,38,False,0.9082217812538147,,,,,,
14872,59,59,True,0.9357531666755676,57.0,65.0,True,True,1.5,1.5
14878,38,64,False,0.6855128407478333,,,,,,
14881,7,9,False,0.9142606258392334,,,,,,
14884,47,48,False,0.520402729511261,,,,,,
14888,81,81,False,0.590957522392273,,,,,,
14889,17,12,False,0.5519019365310669,,,,,,
14892,15,16,True,0.9551324248313904,14.0,22.0,True,True,2.5,1.5
14901,53,56,True,0.935055673122406,53.0,61.0,True,True,3.5,0.5
14905,44,64,False,0.5118513703346252,,,,,,
14908,39,79,False,0.6797204613685608,,,,,,
14916,17,18,False,0.8746010065078735,,,,,,
14920,26,20,False,0.6029293537139893,,,,,,
14923,54,52,True,0.8201099038124084,50.0,58.0,True,True,0.5,1.5
14924,23,24,False,0.7264339923858643,,,,,,
14933,69,71,False,0.5959754586219788,,,,,,
14938,49,80,False,0.5415586233139038,,,,,,
14940,10,11,False,0.8705465793609619,,,,,,
14946,16,69,False,0.5860918760299683,,,,,,
14947,28,29,False,0.5994207262992859,,,,,,
14949,18,15,False,0.5995476245880127,,,,,,
14953,21,14,False,0.5398651361465454,,,,,,
14957,6,0,False,0.5769177675247192,,,,,,
14958,5,21,False,0.5407246351242065,,,,,,
14973,68,65,False,0.6200016736984253,,,,,,
14978,53,52,False,0.75583416223526,,,,,,
14979,21,65,False,0.624333918094635,,,,,,
14986,25,21,True,0.8754837512969971,19.0,27.0,True,True,2.5,1.5
14988,78,79,True,0.7807419300079346,77.0,85.0,True,True,2.5,1.5
14991,29,30,False,0.8921672701835632,,,,,,
14992,6,8,False,0.6532179713249207,,,,,,
14996,18,20,True,0.7929354310035706,18.0,26.0,True,True,3.5,1.5
14999,43,62,False,0.6432848572731018,,,,,,
15005,5,26,False,0.6924117207527161,,,,,,
15010,47,71,False,0.7893524765968323,,,,,,
15013,28,29,True,0.9048349261283875,27.0,35.0,True,True,2.5,1.5
15015,6,6,False,0.5943645238876343,,,,,,
15017,34,35,False,0.7697651386260986,,,,,,
15019,6,40,False,0.5120097398757935,,,,,,
15023,16,88,False,0.6287803053855896,,,,,,
15027,32,6,False,0.5565332770347595,,,,,,
15031,4,18,False,0.5390199422836304,,,,,,
15039,4,63,False,0.5121361613273621,,,,,,
15041,16,19,False,0.5918740034103394,,,,,,
15042,41,42,False,0.9216737151145935,,,,,,
15047,31,31,False,0.7430427074432373,,,,,,
15049,61,64,True,0.8926855325698853,61.0,69.0,True,True,3.5,0.5
15050,20,30,False,0.6029695868492126,,,,,,
15053,23,20,False,0.6575987935066223,,,,,,
15059,15,18,False,0.5056689977645874,,,,,,
15062,84,86,True,0.85835200548172,84.0,92.0,True,True,3.5,1.5
15065,15,16,False,0.6144024133682251,,,,,,
15068,61,63,False,0.5490753650665283,,,,,,
15074,52,16,False,0.6331055760383606,,,,,,
15076,55,91,False,0.5222116112709045,,,,,,
15079,58,13,False,0.9733397364616394,,,,,,
15083,10,8,False,0.921848475933075,,,,,,
15085,61,100,False,0.6392549872398376,,,,,,
15087,62,63,False,0.6025681495666504,,,,,,
15092,5,30,False,0.6148267388343811,,,,,,
15100,32,34,False,0.785463273525238,,,,,,
15102,32,75,False,0.6978806853294373,,,,,,
15104,34,70,False,0.5516924262046814,,,,,,
15109,28,29,True,0.9742198586463928,27.0,35.0,True,True,2.5,1.5
15116,55,56,False,0.8751062154769897,,,,,,
15129,20,36,False,0.7174599766731262,,,,,,
15132,41,42,True,0.9039595127105713,40.0,48.0,True,True,2.5,1.5
15134,29,6,False,0.5009016394615173,,,,,,
15136,84,84,False,0.5426954627037048,,,,,,
15137,45,46,False,0.589423656463623,,,,,,
15139,53,54,False,0.7522785663604736,,,,,,
15141,14,15,False,0.5163241028785706,,,,,,
15144,81,83,True,0.811472475528717,81.0,89.0,True,True,3.5,1.5
15145,72,73,False,0.7065209746360779,,,,,,
15147,19,20,True,0.8335838913917542,17.0,25.0,True,True,1.5,0.5
15150,50,51,False,0.7146987915039062,,,,,,
15151,69,70,False,0.6266739368438721,,,,,,
15152,67,62,False,0.6899346709251404,,,,,,
15153,51,75,False,0.7555580139160156,,,,,,
15157,35,15,False,0.5896809101104736,,,,,,
15159,41,46,False,0.6111973524093628,,,,,,
15166,34,33,False,0.6946961879730225,,,,,,
15173,49,47,False,0.5741217136383057,,,,,,
15176,19,90,False,0.7034701108932495,,,,,,
15183,52,50,False,0.593696653842926,,,,,,
15189,88,89,True,0.7818628549575806,87.0,95.0,True,True,2.5,1.5
15190,46,46,True,0.9687579870223999,45.0,53.0,True,True,2.5,2.5
15191,31,32,True,0.8875130414962769,30.0,38.0,True,True,2.5,1.5
15195,43,43,True,0.881896436214447,41.0,49.0,True,True,1.5,1.5
15196,13,75,False,0.5519306063652039,,,,,,
15197,47,13,False,0.5910333395004272,,,,,,
15200,4,23,False,0.7499201893806458,,,,,,
15202,8,100,False,0.6076138019561768,,,,,,
15204,21,24,False,0.6180105209350586,,,,,,
15207,24,68,False,0.8595787882804871,,,,,,
15208,53,7,False,0.501733124256134,,,,,,
15210,14,17,False,0.559354841709137,,,,,,
15211,18,45,False,0.6876698732376099,,,,,,
15213,91,55,False,0.7431563138961792,,,,,,
15214,25,53,False,0.7072586417198181,,,,,,
15220,5,87,False,0.8189794421195984,,,,,,
15222,52,25,False,0.5605097413063049,,,,,,
15230,41,42,False,0.5903676152229309,,,,,,
15232,40,36,False,0.5345523953437805,,,,,,
15235,38,39,True,0.8814957737922668,36.0,44.0,True,True,1.5,0.5
15236,36,5,False,0.6282386183738708,,,,,,
15239,96,97,False,0.6414699554443359,,,,,,
15242,31,31,False,0.7782233357429504,,,,,,
15243,2,96,False,0.5598552823066711,,,,,,
15255,52,54,False,0.6213043332099915,,,,,,
15256,46,47,False,0.8616149425506592,,,,,,
15258,58,59,False,0.825975239276886,,,,,,
15267,38,36,False,0.6637388467788696,,,,,,
15275,39,22,False,0.5999364852905273,,,,,,
15279,31,75,False,0.6477535367012024,,,,,,
15283,57,58,False,0.7211348414421082,,,,,,
15289,44,45,False,0.8451953530311584,,,,,,
15291,34,36,False,0.8358489871025085,,,,,,
15297,60,59,False,0.5988374352455139,,,,,,
15301,59,59,False,0.7140142917633057,,,,,,
15304,20,52,False,0.5163477063179016,,,,,,
15306,17,44,False,0.9452826976776123,,,,,,
15308,33,25,False,0.5905431509017944,,,,,,
15309,25,24,False,0.7390827536582947,,,,,,
15311,26,57,False,0.6106096506118774,,,,,,
15313,40,42,True,0.9771968126296997,40.0,48.0,True,True,3.5,1.5
15315,88,84,True,0.6932056546211243,82.0,90.0,True,True,2.5,1.5
15316,15,15,False,0.6276317238807678,,,,,,
15320,16,12,True,0.8174037933349609,10.0,18.0,True,True,2.5,1.5
15322,35,37,False,0.8891107439994812,,,,,,
15325,43,42,False,0.7696670889854431,,,,,,
15326,78,79,False,0.7009285688400269,,,,,,
15330,38,78,False,0.8250821232795715,,,,,,
15331,31,33,True,0.935158371925354,31.0,39.0,True,True,3.5,1.5
15334,10,38,False,0.7413459420204163,,,,,,
15337,59,59,True,0.9737104177474976,57.0,65.0,True,True,1.5,1.5
15340,83,85,True,0.7999529242515564,83.0,91.0,True,True,3.5,1.5
15342,10,41,False,0.5945125818252563,,,,,,
15343,26,26,False,0.6950054168701172,,,,,,
15345,57,51,False,0.9573573470115662,,,,,,
15348,22,23,False,0.5048360824584961,,,,,,
15349,79,81,False,0.6867868304252625,,,,,,
15357,34,34,False,0.6270622611045837,,,,,,
15359,39,39,False,0.5360770225524902,,,,,,
15360,12,13,False,0.7315447926521301,,,,,,
15362,33,21,False,0.5205682516098022,,,,,,
15364,46,96,False,0.6142076849937439,,,,,,
15366,70,65,False,0.7324994802474976,,,,,,
15370,26,25,False,0.6271973848342896,,,,,,
15376,84,85,False,0.5616074204444885,,,,,,
15378,31,89,False,0.511850118637085,,,,,,
15382,64,67,False,0.6932957172393799,,,,,,
15385,30,32,False,0.6760401725769043,,,,,,
15390,4,77,False,0.5494318008422852,,,,,,
15391,56,57,False,0.8518064618110657,,,,,,
15395,26,23,False,0.579849362373352,,,,,,
15397,81,84,False,0.6383410096168518,,,,,,
15401,0,99,False,0.556414008140564,,,,,,
15406,14,88,False,0.5906702280044556,,,,,,
15407,43,42,False,0.7409636378288269,,,,,,
15416,56,56,False,0.5601514577865601,,,,,,
15419,26,22,False,0.6444339752197266,,,,,,
15420,52,38,False,0.5236802101135254,,,,,,
15422,55,51,True,0.806414783000946,49.0,57.0,True,True,2.5,1.5
15434,60,99,False,0.5709947943687439,,,,,,
15442,24,20,False,0.5222610831260681,,,,,,
15448,30,30,True,0.8187749981880188,28.0,36.0,True,True,1.5,1.5
15455,7,9,True,0.8607779145240784,7.0,15.0,True,True,3.5,1.5
15468,50,51,True,0.9669032692909241,49.0,57.0,True,True,2.5,1.5
15475,27,26,False,0.9086861610412598,,,,,,
15477,25,25,False,0.549280047416687,,,,,,
15479,41,19,False,0.5644273161888123,,,,,,
15481,13,13,False,0.5987768769264221,,,,,,
15483,76,77,False,0.5453860759735107,,,,,,
15485,23,68,False,0.8744621872901917,,,,,,
15486,53,53,False,0.5683426260948181,,,,,,
15490,50,47,False,0.7829762101173401,,,,,,
15494,8,2,False,0.5105724930763245,,,,,,
15495,47,46,False,0.6517564058303833,,,,,,
15496,74,72,False,0.8634653091430664,,,,,,
15501,17,18,False,0.709646463394165,,,,,,
15502,17,98,False,0.6714154481887817,,,,,,
15503,18,100,False,0.5319600701332092,,,,,,
15504,59,59,False,0.766400933265686,,,,,,
15507,52,52,False,0.5601922273635864,,,,,,
15513,59,58,False,0.6335979104042053,,,,,,
15516,73,75,False,0.7385178208351135,,,,,,
15517,2,2,False,0.7724485397338867,,,,,,
15518,42,42,False,0.6410722732543945,,,,,,
15519,35,14,False,0.6024442315101624,,,,,,
15525,43,43,False,0.5436686873435974,,,,,,
15527,44,10,False,0.5370891690254211,,,,,,
15534,86,91,False,0.6124383807182312,,,,,,
15535,53,81,False,0.8112843632698059,,,,,,
15536,26,28,False,0.520922064781189,,,,,,
15539,11,51,False,0.642540693283081,,,,,,
15540,85,82,False,0.5973111391067505,,,,,,
15542,4,5,False,0.8427637219429016,,,,,,
15544,58,59,False,0.607219398021698,,,,,,
15548,12,12,False,0.6841651797294617,,,,,,
15549,66,67,False,0.8347586393356323,,,,,,
15552,22,23,False,0.6002733111381531,,,,,,
15560,54,79,False,0.6335195899009705,,,,,,
15561,35,66,True,0.9599735736846924,64.0,72.0,False,True,32.5,1.5
15563,34,36,False,0.5293002128601074,,,,,,
15568,15,16,False,0.6159343123435974,,,,,,
15575,62,63,False,0.8663221597671509,,,,,,
15584,49,79,False,0.6373028755187988,,,,,,
15587,77,78,False,0.7330489754676819,,,,,,
15589,11,12,False,0.7095457911491394,,,,,,
15592,28,30,False,0.7764725685119629,,,,,,
15603,56,100,False,0.8529865145683289,,,,,,
15604,19,17,False,0.5754589438438416,,,,,,
15607,62,60,True,0.971120297908783,89.0,97.0,False,False,30.5,32.5
15609,70,66,False,0.5150700807571411,,,,,,
15611,55,94,False,0.7566314339637756,,,,,,
15615,22,20,False,0.6891684532165527,,,,,,
15616,39,14,False,0.643240749835968,,,,,,
15617,8,6,True,0.8340466618537903,4.0,12.0,True,True,0.5,1.5
15619,15,16,False,0.7500110864639282,,,,,,
15620,5,6,True,0.9284836053848267,4.0,12.0,True,True,2.5,1.5
15621,62,64,False,0.5892027020454407,,,,,,
15622,18,88,False,0.6429319977760315,,,,,,
15626,57,58,False,0.6579646468162537,,,,,,
15627,5,19,False,0.6765612363815308,,,,,,
15628,54,73,False,0.6035609245300293,,,,,,
15638,11,14,False,0.6033098697662354,,,,,,
15639,20,18,False,0.5008022785186768,,,,,,
15641,19,45,False,0.5965835452079773,,,,,,
15645,12,66,False,0.7777107954025269,,,,,,
15650,51,91,False,0.7343981266021729,,,,,,
15652,15,15,False,0.6687227487564087,,,,,,
15653,58,54,False,0.5708194375038147,,,,,,
15654,29,29,False,0.7588434815406799,,,,,,
15657,58,62,False,0.7102307081222534,,,,,,
15660,60,59,False,0.7975196838378906,,,,,,
15663,59,59,False,0.7381927371025085,,,,,,
15666,68,68,False,0.5869417786598206,,,,,,
15673,5,63,False,0.5568397641181946,,,,,,
15680,55,56,False,0.7886788249015808,,,,,,
15681,67,83,False,0.7288471460342407,,,,,,
15682,45,45,False,0.7116357088088989,,,,,,
15685,63,83,False,0.6269064545631409,,,,,,
15690,21,22,False,0.9512254595756531,,,,,,
15692,6,6,False,0.8292192816734314,,,,,,
15694,54,56,True,0.948650598526001,53.0,61.0,True,True,2.5,0.5
15698,46,48,False,0.6049752831459045,,,,,,
15701,37,69,False,0.8078237771987915,,,,,,
15702,51,51,False,0.5430442094802856,,,,,,
15704,30,49,False,0.5271068215370178,,,,,,
15708,18,64,False,0.5473304986953735,,,,,,
15714,8,8,True,0.9137587547302246,6.0,14.0,True,True,1.5,1.5
15719,3,62,False,0.6643857359886169,,,,,,
15720,17,14,False,0.7371556162834167,,,,,,
15724,17,20,False,0.7425093650817871,,,,,,
15725,32,17,False,0.5700687766075134,,,,,,
15736,28,29,False,0.8249266147613525,,,,,,
15737,36,40,False,0.5289484858512878,,,,,,
15738,34,35,False,0.7095102071762085,,,,,,
15739,54,73,False,0.5464104413986206,,,,,,
15740,30,71,False,0.5009021759033203,,,,,,
15741,24,26,False,0.6556695699691772,,,,,,
15744,4,4,False,0.5058977007865906,,,,,,
15747,83,0,False,0.5337991118431091,,,,,,
15748,84,83,False,0.5069807767868042,,,,,,
15754,6,39,False,0.5601291060447693,,,,,,
15759,25,47,False,0.6376407146453857,,,,,,
15771,1,39,False,0.5279614329338074,,,,,,
15775,45,53,False,0.5353003740310669,,,,,,
15781,68,67,False,0.5168259143829346,,,,,,
15782,26,24,True,0.7900042533874512,22.0,30.0,True,True,0.5,1.5
15788,64,73,False,0.672290563583374,,,,,,
15790,23,100,False,0.5345513820648193,,,,,,
15794,37,37,False,0.8010631799697876,,,,,,
15801,12,51,False,0.6267472505569458,,,,,,
15810,21,16,False,0.7583305835723877,,,,,,
15815,63,41,False,0.6025141477584839,,,,,,
15819,67,68,False,0.625495970249176,,,,,,
15832,69,69,False,0.5512776374816895,,,,,,
15839,60,61,False,0.5302300453186035,,,,,,
15840,33,29,True,0.9066588282585144,27.0,35.0,True,True,2.5,1.5
15842,23,28,False,0.7208372354507446,,,,,,
15862,37,35,False,0.5306728482246399,,,,,,
15865,50,76,True,0.9620661735534668,44.0,52.0,True,False,2.5,28.5
15867,7,8,False,0.8272606730461121,,,,,,
15868,53,50,False,0.5695142149925232,,,,,,
15872,54,27,False,0.6092283725738525,,,,,,
15875,37,6,False,0.5250240564346313,,,,,,
15876,22,47,False,0.7777494192123413,,,,,,
15877,74,73,False,0.7122908234596252,,,,,,
15878,14,25,False,0.8334193825721741,,,,,,
15887,76,85,False,0.7274117469787598,,,,,,
15890,19,19,True,0.8880122900009155,17.0,25.0,True,True,1.5,1.5
15893,46,6,False,0.9305176138877869,,,,,,
15896,37,86,False,0.625449001789093,,,,,,
15897,40,73,False,0.7542051672935486,,,,,,
15907,43,41,False,0.5601761937141418,,,,,,
15910,75,75,False,0.7630046606063843,,,,,,
15912,25,27,False,0.6164531707763672,,,,,,
15916,48,44,True,0.9133797287940979,42.0,50.0,True,True,2.5,1.5
15917,79,81,True,0.8681382536888123,79.0,87.0,True,True,3.5,1.5
15923,40,40,False,0.6822905540466309,,,,,,
15924,32,78,False,0.6929836273193359,,,,,,
15938,69,65,True,0.8601180911064148,63.0,71.0,True,True,2.5,1.5
15942,91,2,True,0.8800984025001526,0.0,8.0,False,True,87.5,1.5
15944,20,21,False,0.7628442645072937,,,,,,
15951,19,17,False,0.589649498462677,,,,,,
15952,41,42,False,0.8538971543312073,,,,,,
15955,8,10,False,0.711382269859314,,,,,,
15956,67,69,False,0.5041916966438293,,,,,,
15957,39,39,False,0.9351717233657837,,,,,,
15961,43,75,False,0.5436868667602539,,,,,,
15962,40,91,False,0.6461403965950012,,,,,,
15967,38,56,True,0.8822494745254517,54.0,62.0,False,True,19.5,1.5
15970,71,69,False,0.6715003252029419,,,,,,
15977,22,23,False,0.8441160321235657,,,,,,
15980,21,79,False,0.5187724828720093,,,,,,
15985,23,25,False,0.8794564008712769,,,,,,
15990,31,100,False,0.5271390080451965,,,,,,
15991,70,71,False,0.6548965573310852,,,,,,
15992,40,40,False,0.5458894968032837,,,,,,
16001,41,5,False,0.5304334163665771,,,,,,
16003,49,74,False,0.6793097257614136,,,,,,
16011,16,54,False,0.6011748909950256,,,,,,
16018,69,0,False,0.5599136352539062,,,,,,
16020,6,4,False,0.6637151837348938,,,,,,
16023,15,46,False,0.5935749411582947,,,,,,
16027,68,68,True,0.9361749887466431,66.0,74.0,True,True,1.5,1.5
16036,29,6,False,0.5763058662414551,,,,,,
16038,8,9,False,0.803033173084259,,,,,,
16039,8,40,False,0.5650384426116943,,,,,,
16041,50,51,False,0.9171364903450012,,,,,,
16042,23,17,False,0.519822359085083,,,,,,
16046,54,66,False,0.7382187247276306,,,,,,
16048,29,30,False,0.6039644479751587,,,,,,
16060,31,73,False,0.6256169676780701,,,,,,
16063,6,5,False,0.5650099515914917,,,,,,
16066,92,90,False,0.5228639245033264,,,,,,
16069,16,18,False,0.5570173859596252,,,,,,
16075,48,50,True,0.8660796284675598,48.0,56.0,True,True,3.5,1.5
16076,70,71,False,0.7193048000335693,,,,,,
16079,44,46,False,0.7341210246086121,,,,,,
16084,11,10,False,0.6360451579093933,,,,,,
16085,12,31,False,0.5475335717201233,,,,,,
16086,35,31,True,0.941927433013916,29.0,37.0,True,True,2.5,1.5
16087,39,41,False,0.8563088774681091,,,,,,
16092,59,61,False,0.5143381953239441,,,,,,
16098,44,82,False,0.7913607954978943,,,,,,
16099,71,3,False,0.7444000244140625,,,,,,
16100,17,15,True,0.8916537165641785,13.0,21.0,True,True,0.5,1.5
16102,46,28,False,0.590476930141449,,,,,,
16103,34,35,False,0.7577911615371704,,,,,,
16116,35,33,False,0.7361041903495789,,,,,,
16118,51,100,False,0.6006281971931458,,,,,,
16121,22,33,False,0.7731658220291138,,,,,,
16134,30,59,False,0.7641314268112183,,,,,,
16137,25,62,False,0.7957045435905457,,,,,,
16138,21,22,False,0.5324703454971313,,,,,,
16140,21,48,False,0.7582792639732361,,,,,,
16141,63,62,False,0.5809345245361328,,,,,,
16142,12,11,False,0.785128116607666,,,,,,
16143,3,5,False,0.5991708636283875,,,,,,
16146,50,84,False,0.575088620185852,,,,,,
16147,44,30,False,0.5855588316917419,,,,,,
16156,36,76,False,0.5805345177650452,,,,,,
16158,34,30,False,0.5118238925933838,,,,,,
16160,35,36,False,0.53500896692276,,,,,,
16175,24,20,True,0.8880709409713745,18.0,26.0,True,True,2.5,1.5
16184,42,53,False,0.510301947593689,,,,,,
16186,47,49,True,0.9334409832954407,47.0,55.0,True,True,3.5,1.5
16187,31,75,False,0.7053449153900146,,,,,,
16190,10,10,False,0.5844894051551819,,,,,,
16192,43,10,False,0.589563250541687,,,,,,
16193,77,78,False,0.7707067131996155,,,,,,
16194,43,45,False,0.7749467492103577,,,,,,
16196,14,8,False,0.514992892742157,,,,,,
16198,38,55,False,0.7972018718719482,,,,,,
16204,60,57,False,0.7205010056495667,,,,,,
16219,71,66,False,0.635645866394043,,,,,,
16223,56,57,True,0.9102504849433899,55.0,63.0,True,True,2.5,1.5
16224,59,60,False,0.5389179587364197,,,,,,
16226,12,51,False,0.6071192026138306,,,,,,
16227,26,26,True,0.9312164187431335,24.0,32.0,True,True,1.5,1.5
16229,41,65,False,0.5997694134712219,,,,,,
16231,38,38,False,0.5600987076759338,,,,,,
16233,13,11,False,0.6236736178398132,,,,,,
16235,36,34,True,0.7995483875274658,32.0,40.0,True,True,0.5,1.5
16236,19,21,True,0.8867073655128479,19.0,27.0,True,True,3.5,1.5
16244,21,18,False,0.503575325012207,,,,,,
16247,11,87,False,0.6894416213035583,,,,,,
16254,70,72,False,0.6673089861869812,,,,,,
16269,11,42,False,0.5642951726913452,,,,,,
16271,55,56,False,0.8655208349227905,,,,,,
16272,50,52,False,0.623275876045227,,,,,,
16273,27,27,False,0.7522758841514587,,,,,,
16274,51,18,False,0.5691725015640259,,,,,,
16285,61,75,False,0.6238561868667603,,,,,,
16287,2,70,False,0.6803073883056641,,,,,,
16291,61,59,False,0.6340718269348145,,,,,,
16292,12,18,False,0.6199229955673218,,,,,,
16293,39,38,False,0.6148910522460938,,,,,,
16294,37,67,False,0.7457653284072876,,,,,,
16295,53,59,False,0.7761737704277039,,,,,,
16297,30,95,False,0.5306118726730347,,,,,,
16300,54,55,False,0.7791367173194885,,,,,,
16306,15,15,False,0.9010229110717773,,,,,,
16307,41,40,False,0.5596823692321777,,,,,,
16310,8,39,False,0.8160667419433594,,,,,,
16314,63,63,False,0.7550899386405945,,,,,,
16324,49,49,False,0.712235689163208,,,,,,
16325,63,80,False,0.7282200455665588,,,,,,
16327,31,27,False,0.7022221088409424,,,,,,
16329,35,35,False,0.564298689365387,,,,,,
16332,77,76,False,0.5236747860908508,,,,,,
16342,44,45,True,0.9475146532058716,43.0,51.0,True,True,2.5,1.5
16345,21,23,False,0.8912423253059387,,,,,,
16347,8,9,False,0.7880296111106873,,,,,,
16348,50,50,True,0.9062873125076294,48.0,56.0,True,True,1.5,1.5
16360,56,57,False,0.8086878657341003,,,,,,
16361,32,32,False,0.7694177627563477,,,,,,
16363,8,10,False,0.8136098384857178,,,,,,
16364,25,27,True,0.9527461528778076,25.0,33.0,True,True,3.5,1.5
16365,33,59,False,0.7372313737869263,,,,,,
16366,24,18,False,0.5518927574157715,,,,,,
16367,18,14,False,0.5620514154434204,,,,,,
16368,4,100,False,0.6598852872848511,,,,,,
16369,16,16,False,0.6920992136001587,,,,,,
16373,40,40,False,0.6760070323944092,,,,,,
16377,13,11,False,0.5418297648429871,,,,,,
16378,46,46,False,0.5277422666549683,,,,,,
16383,33,5,False,0.5593823790550232,,,,,,
16389,22,22,False,0.6715796589851379,,,,,,
16390,51,51,False,0.5712836384773254,,,,,,
16393,59,61,False,0.7254353761672974,,,,,,
16396,37,34,False,0.7918720841407776,,,,,,
16397,57,8,False,0.6586777567863464,,,,,,
16403,60,60,False,0.7546314001083374,,,,,,
16407,12,11,False,0.5058016777038574,,,,,,
16411,45,42,False,0.5252915620803833,,,,,,
16412,15,13,False,0.5998597741127014,,,,,,
16413,27,29,False,0.8015753030776978,,,,,,
16414,20,100,False,0.5103210806846619,,,,,,
16416,25,21,True,0.9025083184242249,19.0,27.0,True,True,2.5,1.5
16420,40,74,False,0.5197731256484985,,,,,,
16423,32,34,True,0.8607715964317322,32.0,40.0,True,True,3.5,1.5
16424,34,34,False,0.7365265488624573,,,,,,
16430,68,70,False,0.8282613158226013,,,,,,
16441,5,3,False,0.5992007255554199,,,,,,
16444,14,54,False,0.6692754030227661,,,,,,
16446,40,14,False,0.5267876386642456,,,,,,
16447,17,62,False,0.6595728397369385,,,,,,
16450,21,19,False,0.5666895508766174,,,,,,
16452,13,26,False,0.5370661616325378,,,,,,
16454,50,100,False,0.533176600933075,,,,,,
16456,41,37,True,0.9444977641105652,35.0,43.0,True,True,2.5,1.5
16460,36,37,False,0.7428832650184631,,,,,,
16464,24,26,True,0.8430488109588623,24.0,32.0,True,True,3.5,1.5
16470,46,42,True,0.8680739402770996,40.0,48.0,True,True,2.5,1.5
16473,34,33,False,0.5973434448242188,,,,,,
16475,19,83,False,0.7636837959289551,,,,,,
16477,20,22,False,0.7512394189834595,,,,,,
16492,20,80,False,0.8258955478668213,,,,,,
16503,54,55,True,0.9563455581665039,53.0,61.0,True,True,2.5,1.5
16508,25,42,False,0.5746705532073975,,,,,,
16510,17,52,False,0.6576496958732605,,,,,,
16513,90,88,False,0.6498802304267883,,,,,,
16514,55,56,False,0.7702644467353821,,,,,,
16517,25,24,False,0.506923258304596,,,,,,
16518,39,38,False,0.6254507303237915,,,,,,
16520,54,28,False,0.7124538421630859,,,,,,
16523,26,58,False,0.7970612645149231,,,,,,
16524,75,79,False,0.6825401782989502,,,,,,
16525,6,9,False,0.709952175617218,,,,,,
16528,42,42,True,0.8549233675003052,40.0,48.0,True,True,1.5,1.5
16532,31,30,False,0.6131169199943542,,,,,,
16533,66,65,False,0.6743035912513733,,,,,,
16537,59,59,False,0.5218309760093689,,,,,,
16538,8,6,False,0.5943708419799805,,,,,,
16540,70,1,False,0.5296398401260376,,,,,,
16542,13,15,False,0.8329829573631287,,,,,,
16545,65,83,False,0.9812059998512268,,,,,,
16546,37,9,False,0.7001909017562866,,,,,,
16547,96,91,True,0.833310604095459,89.0,97.0,True,True,3.5,1.5
16548,21,48,False,0.7039496898651123,,,,,,
16550,32,31,False,0.5453059077262878,,,,,,
16551,82,83,True,0.9632972478866577,81.0,89.0,True,True,2.5,1.5
16559,30,31,False,0.6043113470077515,,,,,,
16562,78,74,False,0.6387823224067688,,,,,,
16568,47,45,False,0.6045172810554504,,,,,,
16573,24,25,False,0.8679331541061401,,,,,,
16579,84,85,False,0.5936580300331116,,,,,,
16583,76,76,False,0.7222709655761719,,,,,,
16592,40,39,False,0.5262824296951294,,,,,,
16595,24,20,False,0.7020304203033447,,,,,,
16596,15,16,True,0.833247721195221,14.0,22.0,True,True,2.5,1.5
16597,22,29,False,0.6089609861373901,,,,,,
16598,28,24,True,0.812256932258606,22.0,30.0,True,True,2.5,1.5
16599,46,42,False,0.5711013078689575,,,,,,
16605,32,62,False,0.7884820103645325,,,,,,
16606,20,0,False,0.6910578608512878,,,,,,
16613,63,65,False,0.7657555937767029,,,,,,
16618,63,1,False,0.5385404825210571,,,,,,
16622,64,61,True,0.9609209299087524,59.0,67.0,True,True,1.5,1.5
16623,40,41,False,0.9049615263938904,,,,,,
16626,13,14,True,0.8925034999847412,12.0,20.0,True,True,2.5,1.5
16627,38,38,False,0.7442851066589355,,,,,,
16628,53,89,False,0.8951882719993591,,,,,,
16629,83,81,False,0.6286343932151794,,,,,,
16635,71,73,False,0.6560784578323364,,,,,,
16638,6,84,False,0.850097119808197,,,,,,
16641,75,10,False,0.5926496386528015,,,,,,
16642,40,13,False,0.5188418030738831,,,,,,
16647,40,25,False,0.5444505214691162,,,,,,
16650,15,16,False,0.6772212386131287,,,,,,
16651,17,99,False,0.7869197130203247,,,,,,
16652,12,62,False,0.7897501587867737,,,,,,
16658,31,32,True,0.8748708367347717,30.0,38.0,True,True,2.5,1.5
16659,40,41,True,0.8875714540481567,39.0,47.0,True,True,2.5,1.5
16664,57,98,False,0.8190796971321106,,,,,,
16675,26,0,False,0.5197300910949707,,,,,,
16676,12,7,False,0.5403252840042114,,,,,,
16679,13,9,False,0.6436176896095276,,,,,,
16680,77,77,False,0.6470573544502258,,,,,,
16681,15,16,False,0.861914873123169,,,,,,
16685,21,20,False,0.5602909922599792,,,,,,
16688,29,30,True,0.9147244095802307,28.0,36.0,True,True,2.5,1.5
16690,22,22,False,0.6139184832572937,,,,,,
16694,21,67,False,0.7581606507301331,,,,,,
16695,1,96,False,0.6068181395530701,,,,,,
16703,57,100,False,0.5963762402534485,,,,,,
16706,42,42,False,0.5068651437759399,,,,,,
16717,74,77,False,0.8131220936775208,,,,,,
16718,34,78,False,0.7788825035095215,,,,,,
16719,59,60,True,0.922202467918396,58.0,66.0,True,True,2.5,1.5
16724,17,17,False,0.742875874042511,,,,,,
16726,3,32,False,0.5916547775268555,,,,,,
16730,67,68,False,0.7417834401130676,,,,,,
16735,36,36,False,0.5270869135856628,,,,,,
16736,78,78,False,0.6763166189193726,,,,,,
16740,43,43,False,0.7943717241287231,,,,,,
16744,46,48,True,0.95003741979599,46.0,54.0,True,True,3.5,1.5
16745,59,80,False,0.7759073376655579,,,,,,
16748,60,61,False,0.6059608459472656,,,,,,
16750,9,55,False,0.6102060675621033,,,,,,
16762,47,46,False,0.6320652365684509,,,,,,
16764,2,3,True,0.8471217751502991,1.0,9.0,True,True,2.5,1.5
16766,20,62,False,0.5376139283180237,,,,,,
16767,58,90,False,0.6559651494026184,,,,,,
16771,4,6,True,0.7972767353057861,4.0,12.0,True,True,3.5,1.5
16773,12,11,False,0.5332567691802979,,,,,,
16776,57,31,False,0.5795345306396484,,,,,,
16779,13,13,False,0.699903130531311,,,,,,
16783,35,36,False,0.7468221187591553,,,,,,
16784,79,79,False,0.592307984828949,,,,,,
16785,20,85,False,0.7772355675697327,,,,,,
16786,45,53,False,0.7427332401275635,,,,,,
16788,12,13,False,0.7667748332023621,,,,,,
16789,0,1,False,0.7117595076560974,,,,,,
16790,49,40,False,0.6266787648200989,,,,,,
16792,13,15,True,0.7282699346542358,13.0,21.0,True,True,3.5,1.5
16795,85,18,False,0.9078270792961121,,,,,,
16799,23,19,False,0.569349467754364,,,,,,
16802,9,100,False,0.5128968358039856,,,,,,
16805,34,93,False,0.5106695890426636,,,,,,
16806,57,58,False,0.5114964246749878,,,,,,
16815,51,10,False,0.5159425735473633,,,,,,
16819,48,78,False,0.5660901069641113,,,,,,
16823,60,61,True,0.986616849899292,59.0,67.0,True,True,2.5,1.5
16824,53,71,False,0.5340064764022827,,,,,,
16825,66,64,False,0.807213306427002,,,,,,
16828,12,10,False,0.7055167555809021,,,,,,
16834,61,62,False,0.7559174299240112,,,,,,
16835,74,77,False,0.6012697815895081,,,,,,
16837,54,53,False,0.6037881970405579,,,,,,
16841,4,6,False,0.5842515826225281,,,,,,
16843,90,85,True,0.9441509246826172,83.0,91.0,True,True,3.5,1.5
16844,42,42,False,0.7721186280250549,,,,,,
16852,47,47,False,0.5704335570335388,,,,,,
16854,76,75,False,0.7310693264007568,,,,,,
16855,23,100,False,0.6877493262290955,,,,,,
16858,75,77,True,0.8971990346908569,75.0,83.0,True,True,3.5,1.5
16865,40,42,False,0.7209559679031372,,,,,,
16868,45,55,False,0.8178955912590027,,,,,,
16869,44,45,False,0.8171072006225586,,,,,,
16874,44,68,True,0.8185824155807495,43.0,51.0,True,True,2.5,21.5
16877,26,27,False,0.6277700066566467,,,,,,
16881,15,85,False,0.6386415958404541,,,,,,
16894,32,31,False,0.8174813985824585,,,,,,
16899,32,69,False,0.7674769163131714,,,,,,
16909,26,23,False,0.5917220711708069,,,,,,
16912,78,80,False,0.5037290453910828,,,,,,
16915,26,26,False,0.8243116736412048,,,,,,
16918,35,76,False,0.6071109771728516,,,,,,
16920,12,51,False,0.6290633678436279,,,,,,
16921,15,13,False,0.6464138627052307,,,,,,
16931,47,48,False,0.7011500000953674,,,,,,
16934,24,84,False,0.5467666983604431,,,,,,
16936,3,40,False,0.6421079039573669,,,,,,
16938,82,83,False,0.5822826027870178,,,,,,
16941,66,67,False,0.5270485281944275,,,,,,
16942,51,29,False,0.5820169448852539,,,,,,
16943,21,14,False,0.5498015880584717,,,,,,
16946,43,99,False,0.6925688982009888,,,,,,
16951,77,81,False,0.7237061262130737,,,,,,
16952,56,60,False,0.7164761424064636,,,,,,
16954,33,28,False,0.6309367418289185,,,,,,
16959,12,40,False,0.678570568561554,,,,,,
16961,53,54,False,0.740517795085907,,,,,,
16963,14,16,False,0.9024922847747803,,,,,,
16968,70,68,False,0.5865341424942017,,,,,,
16975,40,67,False,0.5203703045845032,,,,,,
16976,31,32,True,0.8889601826667786,30.0,38.0,True,True,2.5,1.5
16977,5,5,False,0.6850276589393616,,,,,,
16978,28,92,False,0.7977710962295532,,,,,,
16983,80,80,False,0.6608530282974243,,,,,,
16988,54,55,False,0.7067123651504517,,,,,,
16992,65,65,False,0.6204245686531067,,,,,,
16993,80,80,False,0.8281296491622925,,,,,,
16998,60,61,False,0.7442305088043213,,,,,,
17001,28,27,False,0.5769391059875488,,,,,,
17006,50,45,False,0.6449762582778931,,,,,,
17009,32,34,False,0.747468113899231,,,,,,
17012,32,33,False,0.8501303791999817,,,,,,
17014,62,82,False,0.8337595462799072,,,,,,
17015,28,31,False,0.5750227570533752,,,,,,
17016,69,69,True,0.8996812105178833,69.0,77.0,True,True,3.5,3.5
17019,40,40,False,0.706508219242096,,,,,,
17023,43,44,False,0.7947059273719788,,,,,,
17024,21,25,False,0.5042889714241028,,,,,,
17028,70,70,False,0.5651268362998962,,,,,,
17030,5,6,False,0.8520999550819397,,,,,,
17031,40,41,False,0.510261595249176,,,,,,
17033,60,8,False,0.8508797883987427,,,,,,
17035,13,14,False,0.8013160228729248,,,,,,
17040,59,58,False,0.5671082735061646,,,,,,
17042,49,49,False,0.7359741926193237,,,,,,
17044,4,5,True,0.888942301273346,3.0,11.0,True,True,2.5,1.5
17050,12,83,False,0.5390570163726807,,,,,,
17053,35,65,False,0.5858349204063416,,,,,,
17056,1,91,False,0.7842140197753906,,,,,,
17063,26,28,True,0.917108416557312,25.0,33.0,True,True,2.5,0.5
17065,5,24,False,0.63323974609375,,,,,,
17067,35,35,False,0.5162288546562195,,,,,,
17069,28,24,False,0.5303519368171692,,,,,,
17070,29,89,False,0.690959632396698,,,,,,
17073,7,90,False,0.5028745532035828,,,,,,
17075,33,58,False,0.6554538011550903,,,,,,
17077,91,86,False,0.5165959000587463,,,,,,
17082,61,62,False,0.7859962582588196,,,,,,
17083,41,43,False,0.6870089173316956,,,,,,
17085,21,22,False,0.7301524877548218,,,,,,
17087,34,76,False,0.5537828207015991,,,,,,
17100,27,28,False,0.544799268245697,,,,,,
17111,28,30,False,0.6133769750595093,,,,,,
17112,19,51,False,0.525607705116272,,,,,,
17114,76,84,False,0.6715632677078247,,,,,,
17120,6,8,False,0.5171260833740234,,,,,,
17121,75,73,False,0.6723657846450806,,,,,,
17124,4,93,False,0.5697245001792908,,,,,,
17125,28,81,False,0.5716092586517334,,,,,,
17127,96,96,False,0.5650047659873962,,,,,,
17129,35,13,False,0.5022396445274353,,,,,,
17135,31,73,False,0.6737959384918213,,,,,,
17142,42,61,False,0.6844679117202759,,,,,,
17145,12,63,False,0.5407012701034546,,,,,,
17147,77,75,False,0.5004144310951233,,,,,,
17154,21,22,False,0.7334083914756775,,,,,,
17168,45,46,True,0.967290461063385,44.0,52.0,True,True,2.5,1.5
17169,68,24,False,0.8247762322425842,,,,,,
17171,14,43,False,0.7152859568595886,,,,,,
17172,2,81,False,0.6377213001251221,,,,,,
17174,31,56,False,0.6175716519355774,,,,,,
17175,54,55,False,0.6708493232727051,,,,,,
17180,44,46,False,0.7543764710426331,,,,,,
17181,25,35,False,0.7427599430084229,,,,,,
17183,10,52,False,0.5012903213500977,,,,,,
17187,24,25,False,0.5393781065940857,,,,,,
17189,57,71,False,0.5150673985481262,,,,,,
17200,40,41,False,0.6863880753517151,,,,,,
17201,55,56,False,0.681634783744812,,,,,,
17205,48,80,False,0.7545844316482544,,,,,,
17208,52,52,False,0.6679766178131104,,,,,,
17223,88,90,False,0.6239667534828186,,,,,,
17229,18,19,False,0.9105262160301208,,,,,,
17234,16,68,False,0.5342917442321777,,,,,,
17235,42,41,False,0.7707253694534302,,,,,,
17240,24,20,False,0.7645801305770874,,,,,,
17241,20,57,False,0.5579411387443542,,,,,,
17244,36,36,False,0.5030003786087036,,,,,,
17245,13,100,False,0.5558232069015503,,,,,,
17249,30,31,False,0.8815959692001343,,,,,,
17251,30,25,False,0.5108851790428162,,,,,,
17254,54,55,True,0.8754461407661438,53.0,61.0,True,True,2.5,1.5
17255,13,9,True,0.9059513211250305,7.0,15.0,True,True,2.5,1.5
17256,16,18,False,0.5895236730575562,,,,,,
17258,42,64,False,0.5578173398971558,,,,,,
17261,49,95,False,0.5284163355827332,,,,,,
17266,15,90,False,0.7811674475669861,,,,,,
17267,16,49,False,0.6795168519020081,,,,,,
17277,41,44,False,0.6962428092956543,,,,,,
17278,20,36,False,0.5438753962516785,,,,,,
17280,18,81,False,0.6409766674041748,,,,,,
17282,50,77,False,0.651631236076355,,,,,,
17283,51,5,False,0.5591067671775818,,,,,,
17286,57,57,False,0.5370809435844421,,,,,,
17296,30,28,False,0.6191099286079407,,,,,,
17305,20,2,False,0.5075586438179016,,,,,,
17306,74,14,False,0.5180255770683289,,,,,,
17312,5,37,False,0.5833311080932617,,,,,,
17313,15,10,False,0.6519388556480408,,,,,,
17315,20,76,False,0.6287224888801575,,,,,,
17316,58,60,True,0.9002780318260193,58.0,66.0,True,True,3.5,1.5
17319,9,43,False,0.6677574515342712,,,,,,
17329,29,51,False,0.7283700704574585,,,,,,
17337,40,32,False,0.522264301776886,,,,,,
17338,9,53,False,0.7316033840179443,,,,,,
17341,49,51,False,0.6594470739364624,,,,,,
17346,26,27,False,0.896780252456665,,,,,,
17351,46,85,False,0.5033997893333435,,,,,,
17352,57,56,False,0.7110584378242493,,,,,,
17363,62,62,False,0.627913773059845,,,,,,
17370,23,28,False,0.534739077091217,,,,,,
17372,46,49,False,0.7468316555023193,,,,,,
17373,70,71,False,0.7183154225349426,,,,,,
17384,7,7,False,0.6352890133857727,,,,,,
17385,43,44,False,0.5866178274154663,,,,,,
17388,11,11,False,0.547202467918396,,,,,,
17393,23,25,False,0.920155942440033,,,,,,
17397,22,24,False,0.8373130559921265,,,,,,
17400,45,42,True,0.972358763217926,40.0,48.0,True,True,1.5,1.5
17402,58,60,False,0.5649182796478271,,,,,,
17414,24,25,False,0.6491926908493042,,,,,,
17417,29,27,False,0.5416505932807922,,,,,,
17420,55,57,True,0.8805341124534607,55.0,63.0,True,True,3.5,1.5
17421,29,31,False,0.8229827284812927,,,,,,
17423,4,98,False,0.5097017288208008,,,,,,
17425,58,59,False,0.633974552154541,,,,,,
17428,69,70,False,0.7143469452857971,,,,,,
17431,22,8,False,0.593620777130127,,,,,,
17437,1,31,False,0.5882441997528076,,,,,,
17438,29,72,False,0.7122556567192078,,,,,,
17439,41,86,False,0.7298390865325928,,,,,,
17442,11,57,False,0.7598938941955566,,,,,,
17445,85,86,False,0.829699695110321,,,,,,
17446,36,77,False,0.8668624758720398,,,,,,
17447,53,47,False,0.7566134929656982,,,,,,
17450,63,64,False,0.678673267364502,,,,,,
17453,59,58,False,0.6023341417312622,,,,,,
17455,39,35,True,0.959401547908783,33.0,41.0,True,True,2.5,1.5
17456,52,48,False,0.6584932208061218,,,,,,
17458,12,11,False,0.5469605922698975,,,,,,
17462,46,42,True,0.8885773420333862,40.0,48.0,True,True,2.5,1.5
17464,39,13,False,0.5661846399307251,,,,,,
17465,4,4,False,0.5043089389801025,,,,,,
17467,8,9,False,0.7190529108047485,,,,,,
17476,24,66,False,0.752419114112854,,,,,,
17478,70,74,False,0.5215348601341248,,,,,,
17482,76,72,False,0.5024247765541077,,,,,,
17485,56,58,True,0.8845949769020081,56.0,64.0,True,True,3.5,1.5
17487,80,79,True,0.6787867546081543,77.0,85.0,True,True,0.5,1.5
17494,66,73,False,0.6281610131263733,,,,,,
17499,60,60,False,0.6255335211753845,,,,,,
17505,27,29,False,0.8692376017570496,,,,,,
17510,41,73,False,0.5438429713249207,,,,,,
17513,24,5,False,0.5764808654785156,,,,,,
17522,17,18,False,0.7062810063362122,,,,,,
17523,56,56,False,0.9032944440841675,,,,,,
17525,50,51,False,0.9682313203811646,,,,,,
17529,52,2,False,0.6138830780982971,,,,,,
17533,9,7,False,0.7064564824104309,,,,,,
17534,63,63,False,0.8137478828430176,,,,,,
17537,7,32,False,0.559929609298706,,,,,,
17541,43,45,False,0.7438488006591797,,,,,,
17542,49,52,False,0.8388463854789734,,,,,,
17543,40,41,False,0.792055606842041,,,,,,
17545,37,34,False,0.7773804068565369,,,,,,
17546,20,69,False,0.920825183391571,,,,,,
17549,86,83,False,0.5482508540153503,,,,,,
17553,52,53,True,0.8477864861488342,51.0,59.0,True,True,2.5,1.5
17558,56,57,False,0.6655715703964233,,,,,,
17560,89,91,True,0.9364527463912964,89.0,97.0,True,True,3.5,1.5
17562,36,87,False,0.5028447508811951,,,,,,
17564,32,33,True,0.9028359055519104,30.0,38.0,True,True,1.5,0.5
17567,50,46,False,0.5003593564033508,,,,,,
17568,12,21,False,0.7006599307060242,,,,,,
17577,45,46,False,0.7976675033569336,,,,,,
17578,61,60,False,0.517422616481781,,,,,,
17581,82,83,False,0.5849663615226746,,,,,,
17584,50,50,False,0.8997970223426819,,,,,,
17586,11,84,False,0.805371105670929,,,,,,
17590,26,48,False,0.6499122381210327,,,,,,
17597,35,35,False,0.645522952079773,,,,,,
17603,57,57,False,0.5330804586410522,,,,,,
17604,26,26,False,0.709247887134552,,,,,,
17605,8,8,False,0.7927985191345215,,,,,,
17608,37,15,False,0.7417587637901306,,,,,,
17616,47,92,False,0.5336399078369141,,,,,,
17617,20,82,False,0.6461003422737122,,,,,,
17618,93,95,True,0.7029948234558105,93.0,101.0,True,True,3.5,1.5
17620,37,35,False,0.6434284448623657,,,,,,
17625,63,59,True,0.9764397144317627,56.0,64.0,True,True,3.5,0.5
17627,17,59,False,0.7176673412322998,,,,,,
17628,46,83,False,0.7589894533157349,,,,,,
17630,69,71,False,0.6705173254013062,,,,,,
17633,6,35,False,0.7452466487884521,,,,,,
17636,26,26,False,0.8805742859840393,,,,,,
17641,66,63,False,0.5851873755455017,,,,,,
17647,44,39,False,0.6166304349899292,,,,,,
17652,1,3,False,0.7370720505714417,,,,,,
17653,24,22,False,0.7213541269302368,,,,,,
17655,6,6,False,0.7941496968269348,,,,,,
17657,7,5,False,0.5314884185791016,,,,,,
17660,33,57,False,0.5901901125907898,,,,,,
17663,28,100,False,0.5748864412307739,,,,,,
17667,35,63,False,0.6376160383224487,,,,,,
17688,19,16,False,0.5170323848724365,,,,,,
17690,30,31,False,0.8546128273010254,,,,,,
17699,43,92,False,0.7697075009346008,,,,,,
17700,27,27,True,0.9230544567108154,25.0,33.0,True,True,1.5,1.5
17702,28,29,True,0.9653007388114929,27.0,35.0,True,True,2.5,1.5
17706,27,54,False,0.7016191482543945,,,,,,
17709,64,62,False,0.6430222392082214,,,,,,
17710,51,49,False,0.6987715363502502,,,,,,
17711,30,31,False,0.8144338130950928,,,,,,
17712,61,39,False,0.6383864283561707,,,,,,
17714,48,26,False,0.542583167552948,,,,,,
17720,17,17,True,0.8933979272842407,15.0,23.0,True,True,1.5,1.5
17731,45,45,True,0.9747739434242249,43.0,51.0,True,True,1.5,1.5
17735,13,13,False,0.7571704983711243,,,,,,
17739,12,35,False,0.898426353931427,,,,,,
17742,59,57,False,0.6860259771347046,,,,,,
17745,6,7,True,0.9035180807113647,5.0,13.0,True,True,2.5,1.5
17760,22,2,False,0.6387864947319031,,,,,,
17762,49,59,False,0.5937541723251343,,,,,,
17765,51,52,False,0.5164094567298889,,,,,,
17773,62,61,False,0.6656838059425354,,,,,,
17774,58,40,False,0.6479855179786682,,,,,,
17776,19,64,False,0.6862443089485168,,,,,,
17780,6,7,False,0.8013609647750854,,,,,,
17782,38,72,False,0.7347883582115173,,,,,,
17785,24,22,False,0.5141825675964355,,,,,,
17786,38,40,False,0.7370886206626892,,,,,,
17787,44,52,False,0.7632486820220947,,,,,,
17800,70,10,False,0.5187890529632568,,,,,,
17805,38,29,False,0.5690414905548096,,,,,,
17807,40,40,False,0.8274936676025391,,,,,,
17808,5,79,False,0.5843284726142883,,,,,,
17812,21,13,False,0.6620068550109863,,,,,,
17816,28,34,False,0.6460863351821899,,,,,,
17817,11,39,False,0.5623489022254944,,,,,,
17820,58,0,False,0.5345211625099182,,,,,,
17821,64,62,False,0.722639799118042,,,,,,
17823,76,77,False,0.7809950709342957,,,,,,
17824,41,37,True,0.9768568873405457,34.0,42.0,True,True,3.5,0.5
17826,47,82,False,0.6415916681289673,,,,,,
17845,30,30,False,0.7155001163482666,,,,,,
17846,31,28,False,0.7786538600921631,,,,,,
17851,17,27,False,0.5480627417564392,,,,,,
17852,57,57,False,0.6510952115058899,,,,,,
17853,42,87,False,0.7438884973526001,,,,,,
17856,41,11,False,0.5011354684829712,,,,,,
17858,28,54,False,0.5390843749046326,,,,,,
17863,14,78,False,0.5704740881919861,,,,,,
17868,2,3,False,0.7560211420059204,,,,,,
17870,50,46,True,0.9523466229438782,44.0,52.0,True,True,2.5,1.5
17873,8,73,False,0.7834779024124146,,,,,,
17874,28,40,False,0.5678300857543945,,,,,,
17875,62,59,False,0.7985115051269531,,,,,,
17876,60,60,False,0.5373324155807495,,,,,,
17885,53,56,False,0.7550491094589233,,,,,,
17887,16,27,False,0.7038989067077637,,,,,,
17889,13,13,False,0.861129879951477,,,,,,
17894,54,54,False,0.6160553693771362,,,,,,
17895,45,47,False,0.5167745351791382,,,,,,
17902,64,61,False,0.6699236035346985,,,,,,
17903,52,53,False,0.8439046740531921,,,,,,
17909,47,84,False,0.6812332272529602,,,,,,
17911,39,40,False,0.7553771734237671,,,,,,
17913,28,30,False,0.526074230670929,,,,,,
17915,67,66,False,0.6273922920227051,,,,,,
17916,42,44,False,0.7576243281364441,,,,,,
17917,9,10,False,0.5777689814567566,,,,,,
17922,41,34,False,0.8341294527053833,,,,,,
17924,40,70,False,0.6262558102607727,,,,,,
17927,62,45,False,0.5070603489875793,,,,,,
17930,29,29,False,0.88679039478302,,,,,,
17931,52,81,False,0.6609472632408142,,,,,,
17936,54,87,False,0.6617620587348938,,,,,,
17937,31,31,False,0.7006911635398865,,,,,,
17942,76,21,False,0.5840955972671509,,,,,,
17944,68,69,False,0.7794243097305298,,,,,,
17946,40,67,False,0.6628401875495911,,,,,,
17953,10,7,False,0.7586116194725037,,,,,,
17954,29,54,False,0.5779322385787964,,,,,,
17955,16,0,False,0.5088005065917969,,,,,,
17956,34,36,False,0.748939037322998,,,,,,
17957,27,55,False,0.6426019668579102,,,,,,
17958,88,90,False,0.7222943305969238,,,,,,
17963,40,38,True,0.8197773098945618,36.0,44.0,True,True,0.5,1.5
17965,63,63,False,0.5074567794799805,,,,,,
17976,46,46,True,0.9146289229393005,44.0,52.0,True,True,1.5,1.5
17977,11,50,False,0.7499085664749146,,,,,,
17979,2,4,True,0.7354283332824707,2.0,10.0,True,True,3.5,1.5
17980,32,34,False,0.7646416425704956,,,,,,
17981,61,72,False,0.663644015789032,,,,,,
17985,36,24,False,0.856602668762207,,,,,,
17989,47,46,False,0.6231034398078918,,,,,,
17990,63,77,False,0.6674852967262268,,,,,,
17992,37,36,False,0.7086626887321472,,,,,,
17998,66,98,False,0.6923453211784363,,,,,,
18007,35,31,False,0.5490726828575134,,,,,,
18014,45,43,True,0.9318183660507202,41.0,49.0,True,True,0.5,1.5
18017,50,5,False,0.5403111577033997,,,,,,
18018,40,1,False,0.5024576783180237,,,,,,
18019,46,46,False,0.747992992401123,,,,,,
18021,65,22,False,0.5224102139472961,,,,,,
18026,35,36,False,0.9560407996177673,,,,,,
18027,37,36,False,0.5208622813224792,,,,,,
18030,31,38,False,0.7118657827377319,,,,,,
18031,8,64,False,0.6174514889717102,,,,,,
18044,33,33,False,0.848591148853302,,,,,,
18045,54,53,False,0.8067224025726318,,,,,,
18046,56,58,False,0.7290624380111694,,,,,,
18047,11,40,False,0.548333466053009,,,,,,
18049,47,26,False,0.5872620940208435,,,,,,
18050,7,16,False,0.6032223701477051,,,,,,
18051,14,12,False,0.6718310713768005,,,,,,
18054,46,16,False,0.5522740483283997,,,,,,
18056,33,35,False,0.5786177515983582,,,,,,
18058,53,13,False,0.5109764337539673,,,,,,
18060,51,80,False,0.5542654991149902,,,,,,
18066,52,48,False,0.5605413913726807,,,,,,
18067,84,85,False,0.7747487425804138,,,,,,
18069,56,58,True,0.9170024394989014,56.0,64.0,True,True,3.5,1.5
18077,83,98,False,0.8087944984436035,,,,,,
18078,55,50,True,0.986115574836731,48.0,56.0,True,True,3.5,1.5
18080,5,6,True,0.808128297328949,4.0,12.0,True,True,2.5,1.5
18086,29,24,False,0.6876934170722961,,,,,,
18090,8,55,False,0.626272976398468,,,,,,
18091,32,32,False,0.7070670127868652,,,,,,
18092,43,41,False,0.6770615577697754,,,,,,
18095,34,35,False,0.8791041374206543,,,,,,
18097,90,89,False,0.7819088101387024,,,,,,
18103,15,87,False,0.7139291167259216,,,,,,
18104,73,74,True,0.830162525177002,72.0,80.0,True,True,2.5,1.5
18105,20,67,False,0.5036677122116089,,,,,,
18107,44,91,False,0.6189256906509399,,,,,,
18108,38,33,False,0.6454472541809082,,,,,,
18111,66,67,False,0.8110485076904297,,,,,,
18112,61,58,False,0.5171337723731995,,,,,,
18114,2,79,False,0.6739411354064941,,,,,,
18118,54,56,False,0.7666626572608948,,,,,,
18121,29,26,False,0.7049421072006226,,,,,,
18131,27,28,False,0.9421899318695068,,,,,,
18144,7,32,False,0.6712808609008789,,,,,,
18146,55,59,False,0.6918988823890686,,,,,,
18151,73,75,False,0.6650404334068298,,,,,,
18154,8,42,False,0.6493109464645386,,,,,,
18159,12,13,False,0.8015138506889343,,,,,,
18161,33,11,False,0.696354329586029,,,,,,
18163,28,80,False,0.8022534847259521,,,,,,
18171,52,53,True,0.9371117353439331,51.0,59.0,True,True,2.5,1.5
18172,45,49,False,0.6635385751724243,,,,,,
18175,75,70,True,0.9589196443557739,68.0,76.0,True,True,3.5,1.5
18176,12,15,False,0.5249331593513489,,,,,,
18186,53,25,False,0.5058403015136719,,,,,,
18190,57,31,True,0.8744746446609497,53.0,61.0,True,False,0.5,25.5
18194,19,68,False,0.590040385723114,,,,,,
18199,56,56,True,0.9590592980384827,54.0,62.0,True,True,1.5,1.5
18200,30,9,False,0.5345456600189209,,,,,,
18203,29,25,True,0.8951241970062256,23.0,31.0,True,True,2.5,1.5
18205,22,24,True,0.8591673970222473,22.0,30.0,True,True,3.5,1.5
18218,28,31,False,0.5588146448135376,,,,,,
18220,50,52,False,0.6656572222709656,,,,,,
18222,47,11,False,0.5819079279899597,,,,,,
18224,23,24,False,0.9556113481521606,,,,,,
18227,57,96,False,0.8683786392211914,,,,,,
18230,25,27,True,0.8429951667785645,25.0,33.0,True,True,3.5,1.5
18235,20,20,False,0.7745271921157837,,,,,,
18237,5,5,False,0.7204282879829407,,,,,,
18243,35,32,False,0.7063655257225037,,,,,,
18249,36,40,False,0.8249924182891846,,,,,,
18254,11,38,False,0.6476970314979553,,,,,,
18257,61,63,False,0.6338798999786377,,,,,,
18258,53,53,False,0.7608586549758911,,,,,,
18274,32,20,False,0.5471192598342896,,,,,,
18276,15,14,False,0.5001623034477234,,,,,,
18288,47,25,False,0.5663339495658875,,,,,,
18295,10,95,False,0.528702974319458,,,,,,
18296,55,55,False,0.6470930576324463,,,,,,
18300,36,37,False,0.817984938621521,,,,,,
18309,81,82,False,0.7356751561164856,,,,,,
18317,45,55,False,0.7793220281600952,,,,,,
18326,10,30,False,0.6132732629776001,,,,,,
18327,19,24,False,0.5041954517364502,,,,,,
18329,78,78,False,0.946914553642273,,,,,,
18334,20,30,False,0.6555183529853821,,,,,,
18339,34,61,False,0.7101587653160095,,,,,,
18341,35,23,False,0.5052251815795898,,,,,,
18342,57,57,True,0.8761113882064819,55.0,63.0,True,True,1.5,1.5
18345,80,82,True,0.7842445969581604,89.0,97.0,False,False,12.5,10.5
18348,54,55,False,0.8531212210655212,,,,,,
18350,16,18,False,0.9062955379486084,,,,,,
18356,31,28,False,0.547067403793335,,,,,,
18358,9,8,False,0.5466495752334595,,,,,,
18364,52,54,False,0.8540569543838501,,,,,,
18367,49,72,False,0.6892580389976501,,,,,,
18370,32,56,False,0.7045320868492126,,,,,,
18371,30,31,False,0.8610740900039673,,,,,,
18372,60,62,False,0.5007652640342712,,,,,,
18374,41,42,False,0.6226216554641724,,,,,,
18375,61,69,False,0.6393860578536987,,,,,,
18376,35,33,True,0.7768032550811768,31.0,39.0,True,True,0.5,1.5
18379,6,8,False,0.6251729130744934,,,,,,
18381,37,21,False,0.5113754868507385,,,,,,
18385,6,37,False,0.5199514627456665,,,,,,
18386,46,100,False,0.5371500849723816,,,,,,
18387,30,31,False,0.691257894039154,,,,,,
18390,24,24,False,0.7071475386619568,,,,,,
18392,32,59,False,0.5275163054466248,,,,,,
18400,9,37,False,0.5154059529304504,,,,,,
18402,49,96,False,0.7124501466751099,,,,,,
18403,9,90,False,0.8669870495796204,,,,,,
18416,13,22,False,0.5905967354774475,,,,,,
18417,30,32,True,0.815819501876831,30.0,38.0,True,True,3.5,1.5
18418,3,88,False,0.6641087532043457,,,,,,
18420,54,54,False,0.5294010639190674,,,,,,
18425,35,36,False,0.7601516842842102,,,,,,
18433,35,33,False,0.6654036641120911,,,,,,
18439,37,33,False,0.8752419948577881,,,,,,
18441,63,78,False,0.5845859050750732,,,,,,
18442,40,58,False,0.6861929297447205,,,,,,
18453,16,63,False,0.6214243173599243,,,,,,
18456,14,60,False,0.6559962034225464,,,,,,
18459,16,100,False,0.5630782246589661,,,,,,
18462,70,53,False,0.5437831282615662,,,,,,
18463,35,35,False,0.7650989890098572,,,,,,
18466,85,87,False,0.718071460723877,,,,,,
18474,14,61,False,0.7061174511909485,,,,,,
18475,70,72,False,0.5815268754959106,,,,,,
18476,8,9,True,0.8086704611778259,6.0,14.0,True,True,1.5,0.5
18482,74,69,False,0.63963782787323,,,,,,
18493,68,65,True,0.8545436263084412,62.0,70.0,True,True,2.5,0.5
18496,53,1,False,0.5094708204269409,,,,,,
18505,33,77,False,0.6680419445037842,,,,,,
18506,73,73,False,0.6004976034164429,,,,,,
18509,20,21,False,0.6800041794776917,,,,,,
18512,74,73,False,0.5556483864784241,,,,,,
18520,70,66,True,0.9151387214660645,64.0,72.0,True,True,2.5,1.5
18521,55,79,False,0.6197130680084229,,,,,,
18522,33,35,False,0.9343563914299011,,,,,,
18534,45,40,True,0.9795145988464355,38.0,46.0,True,True,3.5,1.5
18536,37,17,False,0.5405743718147278,,,,,,
18542,7,8,False,0.7440416216850281,,,,,,
18544,31,8,False,0.5541466474533081,,,,,,
18547,55,56,True,0.7153111100196838,54.0,62.0,True,True,2.5,1.5
18554,31,73,False,0.6501296162605286,,,,,,
18556,49,50,False,0.6978034377098083,,,,,,
18557,30,16,True,0.9626320600509644,29.0,37.0,True,True,2.5,16.5
18558,59,59,False,0.7080889940261841,,,,,,
18563,24,24,False,0.7144647836685181,,,,,,
18564,21,21,True,0.8135544061660767,19.0,27.0,True,True,1.5,1.5
18568,29,90,False,0.6443576216697693,,,,,,
18571,68,70,False,0.8151769638061523,,,,,,
18575,33,35,False,0.5600501298904419,,,,,,
18581,32,60,False,0.5062723159790039,,,,,,
18584,27,25,False,0.5689041614532471,,,,,,
18586,8,17,False,0.5097326636314392,,,,,,
18593,14,12,False,0.5260213613510132,,,,,,
18597,10,12,False,0.9016478657722473,,,,,,
18598,21,22,True,0.9397222995758057,20.0,28.0,True,True,2.5,1.5
18601,7,9,True,0.9463417530059814,7.0,15.0,True,True,3.5,1.5
18612,26,28,True,0.7795807123184204,26.0,34.0,True,True,3.5,1.5
18623,80,82,False,0.7741340398788452,,,,,,
18629,87,82,False,0.6220291256904602,,,,,,
18630,51,52,True,0.8943086266517639,50.0,58.0,True,True,2.5,1.5
18633,15,84,False,0.7255505323410034,,,,,,
18635,25,65,False,0.6998161673545837,,,,,,
18644,32,33,False,0.7689366340637207,,,,,,
18648,17,95,False,0.5199347138404846,,,,,,
18652,50,51,False,0.96233069896698,,,,,,
18656,47,46,False,0.7013726830482483,,,,,,
18661,39,69,False,0.5011343955993652,,,,,,
18665,60,60,False,0.5747501850128174,,,,,,
18670,31,32,False,0.7248190641403198,,,,,,
18678,24,24,False,0.5363945364952087,,,,,,
18679,40,57,False,0.6457794308662415,,,,,,
18680,20,29,False,0.6234132051467896,,,,,,
18684,42,55,False,0.6465107798576355,,,,,,
18685,1,2,False,0.7099833488464355,,,,,,
18690,27,27,False,0.679230809211731,,,,,,
18695,32,49,False,0.5670259594917297,,,,,,
18700,96,96,False,0.7985183596611023,,,,,,
18701,76,78,False,0.9570242762565613,,,,,,
18702,17,17,False,0.5829588174819946,,,,,,
18703,12,8,False,0.513123095035553,,,,,,
18705,14,80,False,0.505067765712738,,,,,,
18710,66,74,False,0.7880906462669373,,,,,,
18711,21,17,False,0.8556277751922607,,,,,,
18722,25,26,False,0.6023626327514648,,,,,,
18723,56,55,False,0.9006628394126892,,,,,,
18726,6,35,False,0.6945646405220032,,,,,,
18728,57,56,False,0.5636799335479736,,,,,,
18733,76,73,True,0.7228156328201294,71.0,79.0,True,True,1.5,1.5
18742,43,89,True,0.9730445146560669,87.0,95.0,False,True,47.5,1.5
18743,47,43,False,0.6248495578765869,,,,,,
18744,41,42,False,0.5819470882415771,,,,,,
18749,38,40,False,0.7028176784515381,,,,,,
18753,61,74,False,0.6001046895980835,,,,,,
18755,14,40,False,0.5616596937179565,,,,,,
18758,73,74,True,0.8797488808631897,71.0,79.0,True,True,1.5,0.5
18759,91,82,False,0.5703158378601074,,,,,,
18761,11,52,False,0.6993622779846191,,,,,,
18765,42,43,False,0.9078668355941772,,,,,,
18766,10,92,False,0.5629832148551941,,,,,,
18769,23,59,False,0.5060577392578125,,,,,,
18770,65,64,False,0.5334575772285461,,,,,,
18775,46,46,False,0.7274952530860901,,,,,,
18778,50,70,False,0.6638384461402893,,,,,,
18779,7,5,False,0.6440755724906921,,,,,,
18789,81,80,False,0.6591246128082275,,,,,,
18791,87,88,False,0.5328159928321838,,,,,,
18796,62,64,False,0.5914896726608276,,,,,,
18797,52,53,False,0.8056302666664124,,,,,,
18799,83,84,False,0.7287658452987671,,,,,,
18800,25,92,False,0.538750946521759,,,,,,
18808,30,32,False,0.8169770836830139,,,,,,
18812,50,50,False,0.955166220664978,,,,,,
18814,40,41,False,0.842540442943573,,,,,,
18815,15,13,False,0.501858115196228,,,,,,
18816,14,12,False,0.8102912902832031,,,,,,
18817,19,47,False,0.8052833080291748,,,,,,
18819,39,40,False,0.8797418475151062,,,,,,
18825,14,13,False,0.5080657601356506,,,,,,
18826,66,69,False,0.657874584197998,,,,,,
18827,39,40,False,0.8154934644699097,,,,,,
18828,8,45,False,0.5760777592658997,,,,,,
18830,41,41,True,0.8946167826652527,39.0,47.0,True,True,1.5,1.5
18832,11,83,False,0.5171332955360413,,,,,,
18841,25,25,False,0.7264042496681213,,,,,,
18847,40,77,False,0.765496551990509,,,,,,
18848,7,53,False,0.6592563390731812,,,,,,
18854,33,32,False,0.7235279679298401,,,,,,
18862,68,18,False,0.5694456696510315,,,,,,
18863,24,24,True,0.9221900701522827,22.0,30.0,True,True,1.5,1.5
18864,9,50,False,0.6651254892349243,,,,,,
18868,34,35,False,0.7719018459320068,,,,,,
18873,57,55,True,0.6278704404830933,53.0,61.0,True,True,0.5,1.5
18876,75,50,False,0.5822408199310303,,,,,,
18888,53,55,False,0.5980223417282104,,,,,,
18903,25,14,False,0.5813567638397217,,,,,,
18905,2,24,False,0.600489616394043,,,,,,
18906,61,63,False,0.574623167514801,,,,,,
18907,7,42,False,0.7550454139709473,,,,,,
18909,67,75,False,0.5666618943214417,,,,,,
18910,27,82,False,0.5451962947845459,,,,,,
18913,38,100,False,0.5187019109725952,,,,,,
18914,49,10,False,0.5533686876296997,,,,,,
18918,1,3,False,0.6787010431289673,,,,,,
18919,33,67,False,0.615858793258667,,,,,,
18921,60,59,False,0.5388514995574951,,,,,,
18923,39,17,False,0.6514286398887634,,,,,,
18924,50,70,False,0.6750215888023376,,,,,,
18928,42,84,False,0.5024278163909912,,,,,,
18929,19,20,False,0.5315666794776917,,,,,,
18931,54,63,False,0.7267626523971558,,,,,,
18932,20,21,False,0.887536883354187,,,,,,
18934,26,38,False,0.5918232798576355,,,,,,
18936,37,35,True,0.8728350400924683,33.0,41.0,True,True,0.5,1.5
18943,61,63,True,0.8860321640968323,61.0,69.0,True,True,3.5,1.5
18944,47,84,False,0.6205693483352661,,,,,,
18948,43,25,False,0.520697832107544,,,,,,
18950,50,47,False,0.7421848177909851,,,,,,
18956,42,39,True,0.9279319643974304,37.0,45.0,True,True,1.5,1.5
18957,3,1,False,0.6388274431228638,,,,,,
18964,43,46,False,0.6438206434249878,,,,,,
18965,21,22,False,0.9147230982780457,,,,,,
18971,63,60,False,0.7157458662986755,,,,,,
18973,25,25,False,0.7710098028182983,,,,,,
18974,46,76,False,0.749993085861206,,,,,,
18975,26,27,False,0.6000176668167114,,,,,,
18978,23,22,False,0.6893131136894226,,,,,,
18979,18,18,False,0.5293089151382446,,,,,,
18980,64,65,False,0.6150925159454346,,,,,,
18981,57,55,False,0.5851688981056213,,,,,,
18987,25,95,False,0.5237323045730591,,,,,,
18989,34,66,False,0.7442655563354492,,,,,,
18994,24,22,False,0.5350683331489563,,,,,,
19008,20,68,False,0.8219839930534363,,,,,,
19012,37,39,True,0.8660941123962402,37.0,45.0,True,True,3.5,1.5
19026,17,12,False,0.587030827999115,,,,,,
19029,28,32,False,0.56792151927948,,,,,,
19032,49,50,True,0.8974937200546265,48.0,56.0,True,True,2.5,1.5
19036,19,52,False,0.7709661722183228,,,,,,
19037,90,90,False,0.535891592502594,,,,,,
19038,50,48,False,0.5474913120269775,,,,,,
19039,77,79,False,0.694715678691864,,,,,,
19041,3,45,False,0.5858436822891235,,,,,,
19042,58,59,True,0.776833176612854,56.0,64.0,True,True,1.5,0.5
19044,77,75,False,0.5421431660652161,,,,,,
19045,68,68,False,0.5332185626029968,,,,,,
19052,1,5,False,0.6137530207633972,,,,,,
19055,52,52,False,0.7768038511276245,,,,,,
19056,21,22,False,0.9084394574165344,,,,,,
19059,34,34,False,0.9086881279945374,,,,,,
19060,36,35,False,0.6305605173110962,,,,,,
19061,26,28,False,0.7179892659187317,,,,,,
19063,44,44,False,0.8405089378356934,,,,,,
19065,9,51,False,0.7017707228660583,,,,,,
19067,10,16,False,0.7822543978691101,,,,,,
19069,46,16,False,0.5282094478607178,,,,,,
19070,20,19,False,0.5058303475379944,,,,,,
19075,52,54,False,0.703027606010437,,,,,,
19078,20,15,False,0.5105212926864624,,,,,,
19091,18,16,False,0.7292322516441345,,,,,,
19092,7,40,False,0.6965207457542419,,,,,,
19093,58,57,False,0.6401938796043396,,,,,,
19094,45,45,True,0.8867685794830322,43.0,51.0,True,True,1.5,1.5
19097,89,89,False,0.5709947943687439,,,,,,
19100,30,30,False,0.704349935054779,,,,,,
19102,52,62,False,0.6404356360435486,,,,,,
19108,95,97,False,0.5526038408279419,,,,,,
19109,58,51,True,0.8645929098129272,49.0,57.0,True,True,5.5,1.5
19112,69,65,False,0.9554473757743835,,,,,,
19113,61,61,False,0.7461925745010376,,,,,,
19115,25,26,False,0.5722324848175049,,,,,,
19120,40,36,False,0.5100404024124146,,,,,,
19122,35,7,False,0.5635852217674255,,,,,,
19131,28,39,False,0.61861252784729,,,,,,
19132,55,54,False,0.5877019762992859,,,,,,
19133,48,70,False,0.6616551280021667,,,,,,
19134,26,15,False,0.5566223859786987,,,,,,
19136,28,62,False,0.5716761350631714,,,,,,
19137,78,76,False,0.6896289587020874,,,,,,
19138,15,16,True,0.9238422513008118,14.0,22.0,True,True,2.5,1.5
19141,26,29,False,0.8831430077552795,,,,,,
19143,73,71,True,0.9357374310493469,69.0,77.0,True,True,0.5,1.5
19152,65,66,False,0.8675209283828735,,,,,,
19154,22,70,False,0.7019886374473572,,,,,,
19157,47,49,False,0.7180048823356628,,,,,,
19158,52,52,False,0.7548538446426392,,,,,,
19159,77,47,False,0.52562016248703,,,,,,
19160,26,59,False,0.7495423555374146,,,,,,
19170,44,44,False,0.7401520013809204,,,,,,
19177,13,62,False,0.6923863291740417,,,,,,
19180,52,18,False,0.7393096685409546,,,,,,
19183,41,9,False,0.5110074281692505,,,,,,
19195,29,30,True,0.9095146059989929,28.0,36.0,True,True,2.5,1.5
19198,2,82,False,0.6815218329429626,,,,,,
19201,27,54,False,0.5350019335746765,,,,,,
19202,95,95,False,0.6947119235992432,,,,,,
19203,75,76,False,0.5742819309234619,,,,,,
19204,29,30,False,0.7291971445083618,,,,,,
19209,53,15,False,0.6457707285881042,,,,,,
19210,39,39,False,0.503688633441925,,,,,,
19212,26,26,False,0.5036816596984863,,,,,,
19216,36,11,False,0.6241393089294434,,,,,,
19218,43,73,False,0.6812083125114441,,,,,,
19221,88,88,False,0.6181105971336365,,,,,,
19224,3,4,False,0.6851286292076111,,,,,,
19230,17,17,True,0.8786749839782715,15.0,23.0,True,True,1.5,1.5
19235,24,24,False,0.6818161606788635,,,,,,
19239,0,14,False,0.5834734439849854,,,,,,
19240,0,66,False,0.5337215662002563,,,,,,
19241,49,48,False,0.5921541452407837,,,,,,
19244,2,2,False,0.6712590456008911,,,,,,
19251,50,51,False,0.9153403043746948,,,,,,
19252,46,47,False,0.5290055274963379,,,,,,
19257,31,32,True,0.8666527271270752,30.0,38.0,True,True,2.5,1.5
19259,39,42,False,0.5693050622940063,,,,,,
19261,4,44,False,0.7963337898254395,,,,,,
19265,84,86,False,0.6519985198974609,,,,,,
19268,74,74,False,0.6552903652191162,,,,,,
19270,23,22,False,0.6070178747177124,,,,,,
19271,6,100,False,0.5508831739425659,,,,,,
19277,85,92,False,0.5913511514663696,,,,,,
19283,3,44,False,0.5073792934417725,,,,,,
19293,20,47,False,0.5597991943359375,,,,,,
19301,42,17,False,0.51894211769104,,,,,,
19303,37,37,False,0.6023210287094116,,,,,,
19305,48,43,False,0.5823566913604736,,,,,,
19312,49,46,False,0.7048094272613525,,,,,,
19316,11,12,True,0.8513355255126953,10.0,18.0,True,True,2.5,1.5
19321,21,23,True,0.8755185604095459,21.0,29.0,True,True,3.5,1.5
19323,52,56,False,0.7427842020988464,,,,,,
19325,56,39,False,0.7039682269096375,,,,,,
19333,58,60,False,0.7112858295440674,,,,,,
19334,40,76,False,0.5801712870597839,,,,,,
19337,46,46,False,0.5022256374359131,,,,,,
19348,49,78,False,0.6138709783554077,,,,,,
19350,8,9,False,0.6561896204948425,,,,,,
19351,19,19,False,0.5342563390731812,,,,,,
19353,86,80,False,0.6003690958023071,,,,,,
19356,11,11,False,0.7679687142372131,,,,,,
19358,76,77,False,0.9569777846336365,,,,,,
19363,59,35,False,0.674795389175415,,,,,,
19365,26,1,False,0.7312518954277039,,,,,,
19369,61,46,False,0.5089827179908752,,,,,,
19370,26,22,False,0.652734637260437,,,,,,
19371,40,36,True,0.9408751726150513,34.0,42.0,True,True,2.5,1.5
19372,36,38,True,0.9366092681884766,36.0,44.0,True,True,3.5,1.5
19376,57,58,False,0.6915037631988525,,,,,,
19377,50,54,False,0.6467002630233765,,,,,,
19380,34,2,False,0.6052772998809814,,,,,,
19382,32,32,False,0.7584606409072876,,,,,,
19390,31,29,False,0.6204805970191956,,,,,,
19391,4,31,False,0.5412647724151611,,,,,,
19392,63,68,False,0.5369448661804199,,,,,,
19399,19,20,False,0.7759160399436951,,,,,,
19400,67,87,False,0.536831796169281,,,,,,
19411,27,0,False,0.5301695466041565,,,,,,
19417,27,25,False,0.7415256500244141,,,,,,
19418,37,14,False,0.5915172100067139,,,,,,
19420,38,40,False,0.5106816291809082,,,,,,
19421,4,64,False,0.7696065306663513,,,,,,
19424,78,79,False,0.6516817212104797,,,,,,
19430,79,78,False,0.7159806489944458,,,,,,
19431,13,33,False,0.6278517842292786,,,,,,
19433,43,43,False,0.8305254578590393,,,,,,
19436,9,9,False,0.5076304078102112,,,,,,
19437,13,14,False,0.8909059166908264,,,,,,
19438,21,19,False,0.6344937682151794,,,,,,
19449,48,50,False,0.7460191249847412,,,,,,
19451,32,32,False,0.580411970615387,,,,,,
19453,34,42,False,0.5632156729698181,,,,,,
19456,66,66,False,0.6482667326927185,,,,,,
19464,71,72,True,0.843051016330719,70.0,78.0,True,True,2.5,1.5
19473,18,17,False,0.6928007006645203,,,,,,
19475,15,13,True,0.8529162406921387,11.0,19.0,True,True,0.5,1.5
19483,49,71,False,0.5049154162406921,,,,,,
19487,86,86,True,0.8431971669197083,84.0,92.0,True,True,1.5,1.5
19489,24,61,False,0.558808445930481,,,,,,
19499,24,26,False,0.7494542002677917,,,,,,
19503,47,49,True,0.8812984228134155,47.0,55.0,True,True,3.5,1.5
19504,60,62,False,0.7392562031745911,,,,,,
19513,33,82,False,0.8583732843399048,,,,,,
19514,14,77,True,0.9848290085792542,13.0,21.0,True,True,2.5,60.5
19519,33,31,False,0.7148831486701965,,,,,,
19520,53,52,False,0.5595828294754028,,,,,,
19521,55,51,False,0.5195242166519165,,,,,,
19526,45,81,False,0.584649384021759,,,,,,
19533,13,25,True,0.920427143573761,12.0,20.0,True,True,2.5,9.5
19538,45,46,False,0.5460060834884644,,,,,,
19541,40,48,False,0.868251383304596,,,,,,
19542,40,51,False,0.7723214626312256,,,,,,
19549,39,40,False,0.9453431367874146,,,,,,
19550,59,61,False,0.6312299370765686,,,,,,
19551,8,9,False,0.8175707459449768,,,,,,
19552,40,42,False,0.6634365320205688,,,,,,
19553,14,16,False,0.8523221015930176,,,,,,
19554,30,30,False,0.8893158435821533,,,,,,
19569,16,39,False,0.7894487977027893,,,,,,
19575,81,82,False,0.673651397228241,,,,,,
19576,20,20,False,0.5532585382461548,,,,,,
19580,2,100,False,0.5267723202705383,,,,,,
19582,30,31,False,0.6551999449729919,,,,,,
19583,70,72,False,0.7344425320625305,,,,,,
19587,57,57,True,0.8713374733924866,55.0,63.0,True,True,1.5,1.5
19589,31,49,False,0.8045323491096497,,,,,,
19596,11,90,False,0.5981892943382263,,,,,,
19597,35,4,False,0.8408553004264832,,,,,,
19599,31,68,False,0.8224024176597595,,,,,,
19602,41,38,False,0.5237827897071838,,,,,,
19605,9,44,False,0.6223360896110535,,,,,,
19606,32,86,False,0.5780931711196899,,,,,,
19607,62,63,False,0.7756314277648926,,,,,,
19608,61,60,False,0.5955285429954529,,,,,,
19616,46,81,False,0.6523369550704956,,,,,,
19617,32,33,False,0.9310294389724731,,,,,,
19618,60,60,False,0.6292475461959839,,,,,,
19619,15,16,False,0.9059147238731384,,,,,,
19620,38,38,False,0.6771232485771179,,,,,,
19622,52,53,True,0.8872479200363159,51.0,59.0,True,True,2.5,1.5
19623,39,27,False,0.5029489398002625,,,,,,
19626,11,46,False,0.8094514608383179,,,,,,
19627,7,67,False,0.771426260471344,,,,,,
19629,52,11,False,0.5593940019607544,,,,,,
19636,43,44,True,0.9759271144866943,42.0,50.0,True,True,2.5,1.5
19641,58,57,False,0.6749740242958069,,,,,,
19653,65,0,False,0.5557985305786133,,,,,,
19654,28,29,False,0.7811635732650757,,,,,,
19666,44,43,True,0.9099422097206116,41.0,49.0,True,True,0.5,1.5
19667,37,56,False,0.7273166179656982,,,,,,
19676,35,47,False,0.6687040328979492,,,,,,
19677,78,79,False,0.6973312497138977,,,,,,
19679,55,55,False,0.7178620100021362,,,,,,
19688,61,61,False,0.7296392917633057,,,,,,
19694,64,65,False,0.7501837611198425,,,,,,
19698,15,17,False,0.5119102597236633,,,,,,
19704,74,72,False,0.6988790035247803,,,,,,
19705,23,77,False,0.5910065174102783,,,,,,
19708,60,7,False,0.5013062357902527,,,,,,
19712,58,59,True,0.8959302306175232,57.0,65.0,True,True,2.5,1.5
19714,29,55,False,0.755304217338562,,,,,,
19716,39,5,False,0.6742075681686401,,,,,,
19717,55,45,False,0.5395530462265015,,,,,,
19722,50,76,False,0.6564478874206543,,,,,,
19725,39,66,False,0.6887810230255127,,,,,,
19734,57,57,False,0.5066288709640503,,,,,,
19738,58,57,False,0.6052743196487427,,,,,,
19742,63,64,False,0.7339186668395996,,,,,,
19745,37,14,False,0.5711743235588074,,,,,,
19747,54,53,False,0.6475304961204529,,,,,,
19749,31,87,False,0.5617709755897522,,,,,,
19755,35,21,False,0.5960600972175598,,,,,,
19764,33,45,False,0.7617433071136475,,,,,,
19769,88,89,False,0.7550756335258484,,,,,,
19772,60,60,False,0.6487377285957336,,,,,,
19775,15,11,True,0.926029622554779,9.0,17.0,True,True,2.5,1.5
19781,30,35,False,0.7475876808166504,,,,,,
19782,52,53,False,0.9437234997749329,,,,,,
19784,41,42,False,0.6275830864906311,,,,,,
19785,27,25,False,0.564018189907074,,,,,,
19790,21,22,False,0.7918198704719543,,,,,,
19793,0,26,False,0.5702230930328369,,,,,,
19803,22,24,False,0.8039479851722717,,,,,,
19804,31,32,False,0.9394062161445618,,,,,,
19805,33,35,False,0.8048569560050964,,,,,,
19806,60,83,False,0.6224627494812012,,,,,,
19808,93,57,False,0.6537301540374756,,,,,,
19814,26,26,False,0.7742658257484436,,,,,,
19816,64,66,False,0.5435660481452942,,,,,,
19831,3,5,False,0.8319370746612549,,,,,,
19833,0,59,False,0.533538818359375,,,,,,
19838,6,74,False,0.6044171452522278,,,,,,
19845,47,48,True,0.9157547950744629,46.0,54.0,True,True,2.5,1.5
19848,29,54,False,0.6963489651679993,,,,,,
19855,49,77,False,0.7391945123672485,,,,,,
19856,39,8,False,0.5641681551933289,,,,,,
19860,36,36,False,0.7619949579238892,,,,,,
19861,32,48,False,0.6494172811508179,,,,,,
19862,48,75,False,0.7216392755508423,,,,,,
19865,46,43,False,0.5115231275558472,,,,,,
19870,79,80,False,0.7672873139381409,,,,,,
19873,22,23,False,0.5134199857711792,,,,,,
19874,40,41,False,0.796316921710968,,,,,,
19876,78,79,False,0.8722655177116394,,,,,,
19892,4,67,False,0.712207555770874,,,,,,
19893,32,33,False,0.7112287282943726,,,,,,
19902,41,42,True,0.9040727615356445,40.0,48.0,True,True,2.5,1.5
19907,42,43,False,0.7222304940223694,,,,,,
19908,3,34,False,0.5348654985427856,,,,,,
19909,72,39,False,0.5056003332138062,,,,,,
19911,18,64,False,0.5202631950378418,,,,,,
19924,35,36,False,0.6420462131500244,,,,,,
19931,47,43,True,0.8873955011367798,41.0,49.0,True,True,2.5,1.5
19936,60,59,False,0.6648995280265808,,,,,,
19940,4,5,False,0.873767614364624,,,,,,
19943,73,75,False,0.8177533745765686,,,,,,
19957,39,40,True,0.9463680982589722,38.0,46.0,True,True,2.5,1.5
19958,22,23,False,0.6469280123710632,,,,,,
19959,40,40,False,0.6898947358131409,,,,,,
19961,27,29,True,0.890828549861908,27.0,35.0,True,True,3.5,1.5
19963,25,15,False,0.5224557518959045,,,,,,
19964,12,56,False,0.66811203956604,,,,,,
19965,87,88,False,0.6414374113082886,,,,,,
19968,57,57,False,0.5013836026191711,,,,,,
19970,4,77,False,0.5349673628807068,,,,,,
19973,64,66,False,0.6349223852157593,,,,,,
19975,50,73,False,0.7553549408912659,,,,,,
19977,29,30,False,0.6900221109390259,,,,,,
19988,36,38,True,0.8226486444473267,36.0,44.0,True,True,3.5,1.5
19991,18,13,False,0.5124232172966003,,,,,,
19995,63,65,True,0.938137412071228,63.0,71.0,True,True,3.5,1.5
19998,52,66,False,0.6891975998878479,,,,,,
20003,24,59,False,0.5783323645591736,,,,,,
20009,15,30,False,0.6010461449623108,,,,,,
20011,52,51,False,0.5800417065620422,,,,,,
20013,10,41,False,0.5800408720970154,,,,,,
20014,70,85,False,0.5255816578865051,,,,,,
20017,33,72,False,0.7035196423530579,,,,,,
20019,81,82,False,0.5357669591903687,,,,,,
20020,72,73,False,0.8217743039131165,,,,,,
20021,20,15,False,0.6639682650566101,,,,,,
20022,56,52,True,0.9553284049034119,50.0,58.0,True,True,2.5,1.5
20029,89,90,False,0.5857386589050293,,,,,,
20037,36,34,True,0.7495086789131165,32.0,40.0,True,True,0.5,1.5
20049,49,45,True,0.9742406010627747,43.0,51.0,True,True,2.5,1.5
20053,10,31,False,0.7279583811759949,,,,,,
20054,17,18,False,0.6273797750473022,,,,,,
20056,20,27,False,0.5113396048545837,,,,,,
20059,16,17,False,0.5753914713859558,,,,,,
20061,59,57,True,0.9937888979911804,58.0,66.0,True,True,2.5,4.5
20064,10,69,False,0.5438271760940552,,,,,,
20065,74,75,True,0.8203422427177429,72.0,80.0,True,True,1.5,0.5
20069,40,40,False,0.5692387223243713,,,,,,
20070,47,14,False,0.5415035486221313,,,,,,
20083,28,40,False,0.6563768982887268,,,,,,
20084,23,22,False,0.5595749616622925,,,,,,
20090,73,72,False,0.7411699891090393,,,,,,
20093,85,85,False,0.6516334414482117,,,,,,
20098,45,85,False,0.6328672766685486,,,,,,
20103,1,100,False,0.5791675448417664,,,,,,
20104,31,33,False,0.7644190788269043,,,,,,
20107,69,69,False,0.5329747796058655,,,,,,
20109,53,55,False,0.6016018986701965,,,,,,
