idx,ig_peak,attn_peak,has_motif,prob,motif_start,motif_end,ig_hit,attn_hit,ig_dist,attn_dist
0,37,24,False,0.6409395933151245,,,,,,
2,52,22,False,0.7705048322677612,,,,,,
4,59,36,False,0.5678352117538452,,,,,,
5,48,14,False,0.8974760174751282,,,,,,
9,57,16,False,0.6813147068023682,,,,,,
10,49,20,False,0.7066099047660828,,,,,,
11,46,25,False,0.8696377277374268,,,,,,
16,53,34,False,0.6366303563117981,,,,,,
18,44,32,True,0.9298632740974426,43.0,51.0,True,False,2.5,14.5
20,51,29,False,0.5524757504463196,,,,,,
26,82,36,False,0.5583513975143433,,,,,,
34,67,12,False,0.75324946641922,,,,,,
37,39,24,False,0.9529505372047424,,,,,,
38,27,26,False,0.9307630658149719,,,,,,
39,41,27,False,0.9497452974319458,,,,,,
41,35,27,False,0.7862682342529297,,,,,,
42,50,24,False,0.5226774215698242,,,,,,
50,40,27,True,0.9844197630882263,39.0,47.0,True,False,2.5,15.5
52,18,21,True,0.9019067883491516,16.0,24.0,True,True,1.5,1.5
53,22,20,False,0.665083646774292,,,,,,
54,44,23,False,0.6718679070472717,,,,,,
56,11,14,False,0.89410400390625,,,,,,
59,39,16,True,0.8207112550735474,6.0,14.0,False,False,29.5,6.5
60,92,28,False,0.9070418477058411,,,,,,
61,38,26,False,0.9421723484992981,,,,,,
63,45,32,False,0.5965065360069275,,,,,,
69,56,12,False,0.9293195605278015,,,,,,
70,56,33,False,0.818164587020874,,,,,,
72,20,16,False,0.8678925037384033,,,,,,
73,53,20,False,0.7214409112930298,,,,,,
74,52,29,False,0.758132815361023,,,,,,
75,48,31,False,0.7109290361404419,,,,,,
79,45,35,False,0.6342046856880188,,,,,,
83,52,13,False,0.9335899353027344,,,,,,
84,56,29,False,0.5110208988189697,,,,,,
86,38,29,False,0.9172412753105164,,,,,,
87,45,29,False,0.787396252155304,,,,,,
88,26,26,False,0.6620652675628662,,,,,,
90,48,14,False,0.8259885907173157,,,,,,
92,42,32,False,0.9632648229598999,,,,,,
93,73,58,False,0.6515504717826843,,,,,,
95,47,20,False,0.921093225479126,,,,,,
97,58,24,False,0.8679296970367432,,,,,,
99,48,42,False,0.5352779626846313,,,,,,
101,31,32,False,0.7954782843589783,,,,,,
102,29,46,True,0.9120305776596069,28.0,36.0,True,False,2.5,14.5
103,22,36,False,0.7120859026908875,,,,,,
105,49,44,False,0.5788161158561707,,,,,,
107,94,26,False,0.6821531653404236,,,,,,
108,45,29,False,0.7812878489494324,,,,,,
109,46,27,False,0.704074501991272,,,,,,
115,54,13,False,0.8521365523338318,,,,,,
120,41,27,False,0.9851861596107483,,,,,,
122,41,28,False,0.5126050114631653,,,,,,
123,48,27,False,0.5273139476776123,,,,,,
125,44,27,False,0.9812254309654236,,,,,,
126,54,52,False,0.6117258071899414,,,,,,
127,27,24,False,0.6634869575500488,,,,,,
128,47,30,False,0.6119638085365295,,,,,,
132,43,26,False,0.9839187860488892,,,,,,
133,34,32,False,0.7384211421012878,,,,,,
135,61,96,True,0.9741067290306091,54.0,62.0,True,False,3.5,38.5
136,39,29,False,0.8860197067260742,,,,,,
138,37,27,False,0.9452559947967529,,,,,,
142,42,24,False,0.5351089835166931,,,,,,
143,48,34,False,0.6492384672164917,,,,,,
147,38,25,False,0.9312865138053894,,,,,,
149,48,24,False,0.9487442374229431,,,,,,
153,45,24,False,0.7993975877761841,,,,,,
154,51,27,False,0.8590546250343323,,,,,,
158,43,35,True,0.8900213837623596,42.0,50.0,True,False,2.5,10.5
159,21,19,False,0.8779974579811096,,,,,,
160,52,12,False,0.7680439949035645,,,,,,
162,50,50,False,0.5148562788963318,,,,,,
163,49,23,False,0.518361508846283,,,,,,
166,92,30,False,0.5907769799232483,,,,,,
167,27,29,False,0.8812183141708374,,,,,,
171,46,30,False,0.8222755789756775,,,,,,
172,22,19,False,0.8915657997131348,,,,,,
173,80,29,False,0.5203328728675842,,,,,,
181,34,38,False,0.744636595249176,,,,,,
182,45,18,False,0.7609475255012512,,,,,,
183,45,18,False,0.9359755516052246,,,,,,
184,30,16,False,0.9009382128715515,,,,,,
185,47,35,False,0.6357495188713074,,,,,,
186,38,27,False,0.8161740899085999,,,,,,
187,45,16,False,0.8189380764961243,,,,,,
188,34,24,False,0.9280616044998169,,,,,,
189,33,22,False,0.8466110825538635,,,,,,
190,33,28,True,0.9584679007530212,32.0,40.0,True,False,2.5,7.5
194,45,13,False,0.8763024210929871,,,,,,
196,50,25,False,0.6459042429924011,,,,,,
197,51,27,False,0.6660266518592834,,,,,,
200,38,27,False,0.6800966858863831,,,,,,
205,30,26,False,0.9772358536720276,,,,,,
206,13,32,False,0.8768970966339111,,,,,,
211,60,38,False,0.5058217644691467,,,,,,
214,56,46,False,0.5637173652648926,,,,,,
216,44,20,False,0.8738988041877747,,,,,,
220,17,14,False,0.8876101970672607,,,,,,
231,44,28,False,0.5460156798362732,,,,,,
234,37,29,False,0.5866827368736267,,,,,,
235,47,35,False,0.6694562435150146,,,,,,
238,53,26,False,0.5849793553352356,,,,,,
239,39,31,False,0.6819365620613098,,,,,,
240,24,23,False,0.9292091131210327,,,,,,
241,35,26,False,0.9505319595336914,,,,,,
245,61,26,False,0.8373249173164368,,,,,,
248,54,41,False,0.5513191819190979,,,,,,
250,49,29,False,0.8226816654205322,,,,,,
251,51,31,False,0.8545991778373718,,,,,,
254,47,31,False,0.6845064163208008,,,,,,
260,33,28,False,0.8900768160820007,,,,,,
263,78,29,False,0.6756889224052429,,,,,,
264,40,28,False,0.5969129204750061,,,,,,
267,57,95,False,0.8565841317176819,,,,,,
271,43,26,False,0.7690686583518982,,,,,,
273,21,26,False,0.5624012351036072,,,,,,
274,65,23,False,0.8890610337257385,,,,,,
275,15,23,False,0.8881498575210571,,,,,,
277,47,25,False,0.7950162887573242,,,,,,
283,29,26,False,0.9632711410522461,,,,,,
284,44,26,False,0.527267336845398,,,,,,
287,49,34,False,0.6430584788322449,,,,,,
292,49,28,False,0.5521411299705505,,,,,,
295,43,28,False,0.620833158493042,,,,,,
299,48,20,False,0.754560649394989,,,,,,
302,45,27,False,0.8415133953094482,,,,,,
304,47,25,False,0.8708324432373047,,,,,,
305,30,23,False,0.9535084366798401,,,,,,
307,50,22,False,0.82121741771698,,,,,,
310,40,17,False,0.9386081695556641,,,,,,
312,98,33,False,0.7389388084411621,,,,,,
314,26,26,False,0.9144317507743835,,,,,,
315,54,30,False,0.6444454193115234,,,,,,
316,48,19,False,0.7412642240524292,,,,,,
317,38,26,False,0.617131233215332,,,,,,
320,65,96,False,0.8546419143676758,,,,,,
325,49,34,False,0.5104815363883972,,,,,,
328,44,28,False,0.7474667429924011,,,,,,
330,27,16,False,0.7191677689552307,,,,,,
331,57,13,False,0.9255022406578064,,,,,,
333,49,11,False,0.5292105078697205,,,,,,
334,50,30,False,0.6096771955490112,,,,,,
336,36,28,False,0.8354365825653076,,,,,,
337,43,22,False,0.8400776386260986,,,,,,
338,40,34,False,0.6837359666824341,,,,,,
339,25,22,False,0.9831103086471558,,,,,,
349,34,26,False,0.9686481356620789,,,,,,
351,28,17,False,0.8298048973083496,,,,,,
352,37,32,True,0.963172435760498,36.0,44.0,True,False,2.5,7.5
354,44,18,False,0.7486687898635864,,,,,,
358,45,38,False,0.6558742523193359,,,,,,
361,87,20,False,0.5475228428840637,,,,,,
362,56,28,False,0.5366611480712891,,,,,,
366,37,21,False,0.7682523131370544,,,,,,
368,42,34,False,0.5223785638809204,,,,,,
369,39,26,False,0.9903267025947571,,,,,,
370,90,18,False,0.9012558460235596,,,,,,
371,62,33,False,0.8768367767333984,,,,,,
372,90,19,False,0.5333157777786255,,,,,,
382,43,21,False,0.6800644993782043,,,,,,
383,24,23,False,0.9668945670127869,,,,,,
392,18,35,False,0.754577100276947,,,,,,
393,42,30,False,0.842594563961029,,,,,,
395,38,25,False,0.9392194747924805,,,,,,
396,32,29,True,0.9789971113204956,30.0,38.0,True,True,1.5,4.5
398,47,33,False,0.7259623408317566,,,,,,
399,26,23,False,0.972317636013031,,,,,,
401,45,23,False,0.7702107429504395,,,,,,
410,19,22,False,0.6269396543502808,,,,,,
411,35,17,False,0.7157378792762756,,,,,,
412,48,28,False,0.8105170130729675,,,,,,
414,45,36,False,0.5262492895126343,,,,,,
415,48,25,False,0.5181292295455933,,,,,,
416,47,23,False,0.5418563485145569,,,,,,
421,42,25,False,0.6822041273117065,,,,,,
424,62,21,False,0.6841127276420593,,,,,,
427,44,29,False,0.8425536155700684,,,,,,
437,34,25,False,0.9756602644920349,,,,,,
439,81,43,False,0.5798478722572327,,,,,,
442,43,19,False,0.8340463638305664,,,,,,
446,40,27,False,0.9165987372398376,,,,,,
452,42,31,False,0.778681755065918,,,,,,
455,19,18,False,0.6707243323326111,,,,,,
459,60,29,False,0.6507751941680908,,,,,,
461,36,29,False,0.5697470307350159,,,,,,
462,43,25,False,0.8398736715316772,,,,,,
472,96,31,False,0.6874983310699463,,,,,,
476,55,26,False,0.5688984394073486,,,,,,
479,22,18,False,0.725584864616394,,,,,,
480,17,25,False,0.9000292420387268,,,,,,
481,60,16,False,0.7228603363037109,,,,,,
482,40,27,False,0.7415670156478882,,,,,,
484,45,26,False,0.5211012959480286,,,,,,
488,45,17,False,0.8448137044906616,,,,,,
489,46,26,False,0.9252099990844727,,,,,,
493,55,17,False,0.7029728889465332,,,,,,
494,38,26,False,0.912384569644928,,,,,,
496,46,42,False,0.6845433115959167,,,,,,
500,48,17,False,0.8254622220993042,,,,,,
501,43,15,False,0.8504537343978882,,,,,,
502,46,31,False,0.9651726484298706,,,,,,
505,55,34,False,0.6647149324417114,,,,,,
506,30,30,False,0.8164529204368591,,,,,,
510,42,13,False,0.9351521134376526,,,,,,
512,38,33,False,0.6162232756614685,,,,,,
513,38,27,False,0.6422979831695557,,,,,,
514,43,11,False,0.7773969173431396,,,,,,
516,62,24,False,0.9085969924926758,,,,,,
522,47,27,False,0.9708359241485596,,,,,,
523,50,36,False,0.6851866841316223,,,,,,
524,45,26,False,0.8819440007209778,,,,,,
526,18,15,False,0.7873647809028625,,,,,,
530,32,7,False,0.7581077814102173,,,,,,
531,52,10,False,0.7633559107780457,,,,,,
532,42,32,False,0.6259742379188538,,,,,,
535,36,30,False,0.9746494293212891,,,,,,
536,63,25,False,0.653288722038269,,,,,,
537,42,33,False,0.6802281141281128,,,,,,
539,77,20,False,0.7418919205665588,,,,,,
540,29,27,False,0.8326660990715027,,,,,,
541,70,22,False,0.8865431547164917,,,,,,
545,34,23,False,0.6178157329559326,,,,,,
546,58,43,False,0.5650121569633484,,,,,,
548,47,37,False,0.7262340188026428,,,,,,
550,46,25,False,0.6665312647819519,,,,,,
551,37,29,False,0.8511771559715271,,,,,,
552,52,13,False,0.8395028710365295,,,,,,
557,42,29,False,0.9457603693008423,,,,,,
558,50,24,False,0.8587207794189453,,,,,,
561,50,26,False,0.7684257626533508,,,,,,
565,46,31,False,0.5656381845474243,,,,,,
568,40,20,False,0.8005383014678955,,,,,,
570,29,25,False,0.9767724871635437,,,,,,
574,54,31,True,0.9032044410705566,50.0,58.0,True,False,0.5,22.5
579,25,21,False,0.7891852855682373,,,,,,
584,26,25,False,0.86846923828125,,,,,,
591,56,31,False,0.632918655872345,,,,,,
592,47,25,False,0.6780704259872437,,,,,,
597,44,33,False,0.8140755891799927,,,,,,
600,39,25,False,0.8387613892555237,,,,,,
602,38,28,False,0.9001556634902954,,,,,,
605,46,31,False,0.6120632886886597,,,,,,
607,49,29,False,0.7335264682769775,,,,,,
609,28,27,False,0.8539170622825623,,,,,,
612,24,22,False,0.9866793751716614,,,,,,
615,37,28,False,0.873991072177887,,,,,,
621,52,27,False,0.5439577102661133,,,,,,
625,39,30,False,0.6843509078025818,,,,,,
626,40,31,False,0.8373158574104309,,,,,,
627,55,29,False,0.9424036145210266,,,,,,
630,32,43,False,0.5699321627616882,,,,,,
631,44,26,False,0.7737744450569153,,,,,,
635,42,28,False,0.6678287386894226,,,,,,
636,23,22,False,0.8613182306289673,,,,,,
637,18,23,False,0.9280449748039246,,,,,,
639,51,26,False,0.7978231906890869,,,,,,
640,40,14,False,0.7932049036026001,,,,,,
643,34,23,False,0.9544552564620972,,,,,,
648,55,28,True,0.7557318210601807,54.0,62.0,True,False,2.5,29.5
650,13,22,False,0.9616542458534241,,,,,,
653,52,18,False,0.5274973511695862,,,,,,
654,28,25,False,0.6867048740386963,,,,,,
656,69,18,False,0.589415431022644,,,,,,
661,48,27,False,0.6293264627456665,,,,,,
670,75,29,False,0.7841372489929199,,,,,,
671,27,25,False,0.5394136905670166,,,,,,
676,46,0,False,0.9026524424552917,,,,,,
677,72,14,False,0.7381625771522522,,,,,,
678,83,31,False,0.5761157274246216,,,,,,
679,51,18,False,0.6812055706977844,,,,,,
681,47,23,False,0.804402232170105,,,,,,
683,63,26,False,0.5205988883972168,,,,,,
684,18,27,False,0.8842107057571411,,,,,,
685,48,32,False,0.7812565565109253,,,,,,
690,74,28,True,0.8696781992912292,74.0,82.0,True,False,3.5,49.5
691,63,18,False,0.7832580804824829,,,,,,
693,22,27,False,0.8711024522781372,,,,,,
694,45,32,False,0.6777680516242981,,,,,,
697,47,30,False,0.5587381720542908,,,,,,
706,57,0,False,0.9441601634025574,,,,,,
710,43,33,False,0.7939993739128113,,,,,,
712,35,28,False,0.6955925226211548,,,,,,
715,27,24,False,0.9195259213447571,,,,,,
719,19,25,False,0.6708677411079407,,,,,,
722,41,28,False,0.9750702977180481,,,,,,
726,45,26,False,0.6589940786361694,,,,,,
728,97,34,False,0.7853140830993652,,,,,,
731,40,19,False,0.5970559120178223,,,,,,
733,41,22,False,0.8370376229286194,,,,,,
734,26,23,False,0.7225682735443115,,,,,,
737,44,14,False,0.6897681951522827,,,,,,
742,65,17,False,0.7753193378448486,,,,,,
752,30,26,False,0.9593955278396606,,,,,,
753,45,30,False,0.6221834421157837,,,,,,
754,53,24,False,0.6641021966934204,,,,,,
755,25,27,True,0.8441156148910522,23.0,31.0,True,True,1.5,0.5
756,44,16,False,0.6209154725074768,,,,,,
757,54,13,False,0.6933717131614685,,,,,,
762,31,28,True,0.9634572267532349,30.0,38.0,True,True,2.5,5.5
763,52,33,False,0.537836492061615,,,,,,
764,76,21,False,0.9184744358062744,,,,,,
765,50,21,False,0.8978375196456909,,,,,,
768,45,29,False,0.7643959522247314,,,,,,
769,41,28,False,0.6422761082649231,,,,,,
771,26,28,False,0.878318727016449,,,,,,
773,32,28,True,0.7431592345237732,32.0,40.0,True,False,3.5,7.5
774,19,25,False,0.8803516030311584,,,,,,
775,24,25,False,0.7191091179847717,,,,,,
776,44,21,False,0.9550883769989014,,,,,,
777,36,31,False,0.6856421232223511,,,,,,
778,56,28,False,0.7970316410064697,,,,,,
779,47,28,False,0.9426619410514832,,,,,,
780,71,30,False,0.9046241641044617,,,,,,
784,39,28,False,0.5869259834289551,,,,,,
787,40,27,False,0.5095275044441223,,,,,,
788,56,13,False,0.8911311030387878,,,,,,
790,61,53,False,0.611630380153656,,,,,,
792,51,26,False,0.6780996322631836,,,,,,
794,44,32,False,0.6217643618583679,,,,,,
795,99,33,False,0.6483557820320129,,,,,,
798,68,22,False,0.6293500661849976,,,,,,
799,85,42,True,0.5130583643913269,1.0,9.0,False,False,80.5,37.5
805,44,25,False,0.5611681342124939,,,,,,
809,48,26,False,0.9296714663505554,,,,,,
815,59,25,False,0.5136269927024841,,,,,,
818,48,35,False,0.7909749150276184,,,,,,
821,17,26,False,0.9752747416496277,,,,,,
823,50,28,False,0.9114444851875305,,,,,,
825,51,30,False,0.5463981032371521,,,,,,
827,23,27,False,0.5751877427101135,,,,,,
831,47,24,False,0.5336927771568298,,,,,,
833,44,18,False,0.7467502355575562,,,,,,
845,48,23,False,0.5475815534591675,,,,,,
846,54,28,False,0.7760657668113708,,,,,,
850,34,22,False,0.9913438558578491,,,,,,
852,42,28,False,0.9640684127807617,,,,,,
853,37,34,False,0.638584554195404,,,,,,
855,61,28,False,0.8105930089950562,,,,,,
856,69,24,False,0.8175223469734192,,,,,,
859,21,25,False,0.9451658725738525,,,,,,
860,49,30,True,0.5698557496070862,8.0,16.0,False,False,37.5,18.5
861,57,23,False,0.75081866979599,,,,,,
862,42,28,False,0.6100113987922668,,,,,,
863,40,30,False,0.7298795580863953,,,,,,
864,51,27,False,0.5360307097434998,,,,,,
865,36,23,False,0.9547228217124939,,,,,,
866,36,30,False,0.8836764693260193,,,,,,
868,43,29,False,0.838424563407898,,,,,,
869,52,35,False,0.5827360153198242,,,,,,
871,34,19,False,0.7908875942230225,,,,,,
874,27,27,True,0.9150144457817078,26.0,34.0,True,True,2.5,2.5
875,29,31,False,0.8487429022789001,,,,,,
878,60,24,True,0.9651946425437927,59.0,67.0,True,False,2.5,38.5
880,50,19,False,0.5813561677932739,,,,,,
881,29,31,False,0.7336574792861938,,,,,,
888,45,92,False,0.7560546398162842,,,,,,
891,28,25,False,0.7959175705909729,,,,,,
892,36,27,False,0.8132473826408386,,,,,,
897,39,27,False,0.577216625213623,,,,,,
898,40,28,False,0.9249159097671509,,,,,,
899,41,19,False,0.8093347549438477,,,,,,
903,23,28,True,0.9094773530960083,19.0,27.0,True,True,0.5,5.5
912,40,25,False,0.8219659328460693,,,,,,
914,39,24,False,0.7576680183410645,,,,,,
915,41,28,False,0.7803671956062317,,,,,,
916,18,1,False,0.8732368350028992,,,,,,
917,24,24,False,0.7003983855247498,,,,,,
918,46,8,False,0.7332853078842163,,,,,,
922,57,33,True,0.9459725022315979,56.0,64.0,True,False,2.5,26.5
927,78,26,True,0.9663646817207336,43.0,51.0,False,False,31.5,20.5
928,29,27,False,0.7542572617530823,,,,,,
929,43,27,False,0.5217822790145874,,,,,,
930,59,30,False,0.8034792542457581,,,,,,
934,51,25,False,0.5891388058662415,,,,,,
935,49,26,False,0.6365630030632019,,,,,,
936,37,34,False,0.8266790509223938,,,,,,
937,38,26,False,0.718275785446167,,,,,,
941,68,32,False,0.6759531497955322,,,,,,
942,48,26,True,0.9830421209335327,16.0,24.0,False,False,28.5,6.5
943,36,27,False,0.77498859167099,,,,,,
944,43,32,False,0.8046501278877258,,,,,,
946,43,27,False,0.9709818959236145,,,,,,
947,52,30,False,0.7914640307426453,,,,,,
949,52,30,False,0.6005890965461731,,,,,,
952,48,27,False,0.8660485148429871,,,,,,
954,52,21,False,0.6657907366752625,,,,,,
961,44,19,False,0.8455164432525635,,,,,,
962,60,23,False,0.6581222414970398,,,,,,
963,63,41,True,0.8749558925628662,63.0,71.0,True,False,3.5,25.5
964,48,27,False,0.9918978214263916,,,,,,
969,39,3,False,0.5282099843025208,,,,,,
973,88,26,False,0.5652667284011841,,,,,,
974,13,14,False,0.6943357586860657,,,,,,
975,38,23,False,0.5233829021453857,,,,,,
977,51,21,False,0.8481634855270386,,,,,,
978,37,40,True,0.9242746829986572,37.0,45.0,True,True,3.5,0.5
980,13,28,False,0.6744083762168884,,,,,,
983,83,15,False,0.6204841136932373,,,,,,
984,52,27,False,0.7463935613632202,,,,,,
986,16,29,False,0.8256099820137024,,,,,,
987,23,21,False,0.5948798060417175,,,,,,
989,43,30,False,0.6719050407409668,,,,,,
995,43,4,False,0.697944700717926,,,,,,
996,40,41,False,0.573166012763977,,,,,,
997,33,25,True,0.9576804041862488,27.0,35.0,True,True,2.5,5.5
998,41,27,False,0.6946312189102173,,,,,,
1002,40,26,False,0.7189509868621826,,,,,,
1010,37,26,False,0.7089008688926697,,,,,,
1011,62,13,False,0.86327064037323,,,,,,
1016,63,31,False,0.7800230383872986,,,,,,
1020,43,32,False,0.6683543920516968,,,,,,
1021,35,36,False,0.708867073059082,,,,,,
1023,42,19,False,0.7387809157371521,,,,,,
1025,50,29,False,0.8617002367973328,,,,,,
1027,39,25,False,0.9120579361915588,,,,,,
1030,93,26,False,0.8443894386291504,,,,,,
1033,62,24,False,0.5268954038619995,,,,,,
1036,21,17,False,0.8959290385246277,,,,,,
1037,44,27,False,0.8727859854698181,,,,,,
1038,80,33,False,0.5133963227272034,,,,,,
1039,42,29,False,0.9726570844650269,,,,,,
1040,56,22,False,0.9519342184066772,,,,,,
1042,44,27,False,0.9831885695457458,,,,,,
1045,44,27,False,0.8864267468452454,,,,,,
1046,55,27,False,0.7611506581306458,,,,,,
1048,59,20,False,0.7746374607086182,,,,,,
1052,32,23,False,0.8454298973083496,,,,,,
1053,46,27,False,0.6887719035148621,,,,,,
1059,52,25,True,0.9543361663818359,51.0,59.0,True,False,2.5,29.5
1060,43,29,False,0.9627009034156799,,,,,,
1061,28,37,False,0.5221291780471802,,,,,,
1064,27,27,False,0.5165070295333862,,,,,,
1066,38,24,False,0.9725311398506165,,,,,,
1067,37,35,False,0.6325029134750366,,,,,,
1068,46,26,False,0.8443905711174011,,,,,,
1070,78,25,False,0.9362379908561707,,,,,,
1075,94,15,True,0.9773428440093994,56.0,64.0,False,False,34.5,44.5
1078,47,24,False,0.5731576681137085,,,,,,
1079,51,33,False,0.8424981832504272,,,,,,
1080,42,37,True,0.9168434739112854,41.0,49.0,True,False,2.5,7.5
1081,50,24,False,0.5135738253593445,,,,,,
1087,42,31,False,0.7184141874313354,,,,,,
1089,29,26,False,0.5598318576812744,,,,,,
1092,62,17,False,0.961984395980835,,,,,,
1095,41,37,False,0.7690462470054626,,,,,,
1103,44,29,False,0.6071596145629883,,,,,,
1105,38,14,False,0.8934239149093628,,,,,,
1106,39,28,False,0.5215495228767395,,,,,,
1107,48,23,False,0.9681712985038757,,,,,,
1108,79,30,False,0.8914210200309753,,,,,,
1115,42,29,False,0.8671665787696838,,,,,,
1117,57,15,False,0.9835203289985657,,,,,,
1121,28,31,False,0.9005013704299927,,,,,,
1124,36,28,False,0.7896454930305481,,,,,,
1126,17,28,False,0.8786568641662598,,,,,,
1127,48,27,False,0.6927170157432556,,,,,,
1132,70,26,False,0.7183475494384766,,,,,,
1135,57,30,False,0.750459611415863,,,,,,
1136,41,26,False,0.7123882174491882,,,,,,
1138,23,23,False,0.7870660424232483,,,,,,
1139,43,30,False,0.9013870358467102,,,,,,
1140,61,1,False,0.8432044982910156,,,,,,
1142,20,29,False,0.5302352905273438,,,,,,
1148,24,21,False,0.7217007875442505,,,,,,
1151,28,23,False,0.8403826355934143,,,,,,
1152,20,25,False,0.9613276720046997,,,,,,
1153,53,17,False,0.9730759859085083,,,,,,
1158,47,22,False,0.9043788909912109,,,,,,
1159,63,24,False,0.9769847393035889,,,,,,
1161,46,32,False,0.8262062668800354,,,,,,
1162,59,47,False,0.6499379873275757,,,,,,
1163,42,36,False,0.7356831431388855,,,,,,
1164,50,26,False,0.7903298139572144,,,,,,
1165,24,25,False,0.9458330273628235,,,,,,
1169,58,28,False,0.8844144940376282,,,,,,
1171,37,24,False,0.8485292792320251,,,,,,
1173,44,24,False,0.5187039971351624,,,,,,
1174,27,25,False,0.809272050857544,,,,,,
1184,14,29,False,0.820968747138977,,,,,,
1185,19,27,False,0.8673506379127502,,,,,,
1188,28,23,False,0.8859037756919861,,,,,,
1190,37,40,False,0.6336948871612549,,,,,,
1192,37,23,False,0.9937443137168884,,,,,,
1193,52,10,False,0.7855004668235779,,,,,,
1194,47,0,False,0.9000315070152283,,,,,,
1201,49,15,False,0.9079635739326477,,,,,,
1206,34,29,False,0.684935986995697,,,,,,
1207,24,37,False,0.7064489722251892,,,,,,
1211,64,59,True,0.6865816712379456,63.0,71.0,True,False,2.5,7.5
1212,33,24,False,0.9206655025482178,,,,,,
1213,40,30,True,0.8869445323944092,22.0,30.0,False,True,14.5,4.5
1216,43,32,False,0.8757293820381165,,,,,,
1218,83,25,True,0.8965772390365601,82.0,90.0,True,False,2.5,60.5
1221,47,26,False,0.7366661429405212,,,,,,
1222,38,28,False,0.8153563737869263,,,,,,
1227,29,25,False,0.9005447030067444,,,,,,
1229,49,24,False,0.8110831379890442,,,,,,
1230,33,21,False,0.6401718258857727,,,,,,
1231,44,26,False,0.6309756636619568,,,,,,
1233,42,24,False,0.6448457837104797,,,,,,
1234,44,25,False,0.8675392866134644,,,,,,
1237,49,28,False,0.7027692794799805,,,,,,
1243,71,20,False,0.9352680444717407,,,,,,
1248,98,23,False,0.9740575551986694,,,,,,
1249,53,22,False,0.8672798275947571,,,,,,
1250,24,16,True,0.9539476037025452,69.0,77.0,False,False,48.5,56.5
1251,29,94,False,0.7977315187454224,,,,,,
1254,60,35,False,0.6120723485946655,,,,,,
1255,54,37,False,0.5282432436943054,,,,,,
1257,89,32,False,0.9149302244186401,,,,,,
1259,44,24,False,0.7320581674575806,,,,,,
1260,38,28,True,0.9105296730995178,2.0,10.0,False,False,32.5,22.5
1263,39,27,False,0.6465868353843689,,,,,,
1264,72,97,False,0.519627034664154,,,,,,
1268,73,32,False,0.5466200709342957,,,,,,
1271,41,28,False,0.9092928767204285,,,,,,
1272,49,23,False,0.9199051856994629,,,,,,
1275,65,26,False,0.5238454341888428,,,,,,
1276,50,18,False,0.746367335319519,,,,,,
1284,30,26,False,0.958277702331543,,,,,,
1285,38,30,False,0.6424392461776733,,,,,,
1286,39,37,False,0.5124279260635376,,,,,,
1287,36,31,False,0.6909613609313965,,,,,,
1288,33,23,False,0.9287996292114258,,,,,,
1289,33,26,False,0.9495967030525208,,,,,,
1290,37,26,False,0.9865375757217407,,,,,,
1302,67,1,False,0.9008467197418213,,,,,,
1308,86,35,False,0.6384133100509644,,,,,,
1309,43,29,False,0.8180680274963379,,,,,,
1314,60,26,False,0.8231540322303772,,,,,,
1315,18,14,False,0.9634934067726135,,,,,,
1322,40,31,False,0.6594951152801514,,,,,,
1325,36,23,False,0.9852044582366943,,,,,,
1328,54,25,False,0.6011633276939392,,,,,,
1329,42,34,False,0.6159117817878723,,,,,,
1330,45,21,False,0.9399076104164124,,,,,,
1331,46,31,True,0.9615418910980225,45.0,53.0,True,False,2.5,17.5
1337,24,38,True,0.5904291272163391,20.0,28.0,True,False,0.5,14.5
1339,69,25,False,0.8923726677894592,,,,,,
1341,34,28,False,0.5005113482475281,,,,,,
1342,81,18,False,0.7227028608322144,,,,,,
1343,46,33,False,0.7680826783180237,,,,,,
1351,26,27,True,0.8970021605491638,24.0,32.0,True,True,1.5,0.5
1353,48,23,False,0.8384384512901306,,,,,,
1354,14,12,False,0.8414991497993469,,,,,,
1360,39,30,False,0.8131639957427979,,,,,,
1362,40,24,False,0.8126357197761536,,,,,,
1364,48,32,False,0.5925065279006958,,,,,,
1367,34,26,False,0.8422994017601013,,,,,,
1368,41,30,False,0.587846577167511,,,,,,
1375,56,22,False,0.8960751295089722,,,,,,
1378,46,40,False,0.789233922958374,,,,,,
1379,31,18,False,0.9370551705360413,,,,,,
1380,36,26,False,0.8734554052352905,,,,,,
1382,57,23,False,0.7381002306938171,,,,,,
1383,48,27,False,0.854820728302002,,,,,,
1384,55,27,False,0.845857560634613,,,,,,
1386,52,15,False,0.7378266453742981,,,,,,
1387,79,27,False,0.6970189213752747,,,,,,
1388,55,24,False,0.6745654940605164,,,,,,
1394,71,32,False,0.8546263575553894,,,,,,
1395,49,30,False,0.7461069226264954,,,,,,
1397,44,26,False,0.7068031430244446,,,,,,
1398,32,37,False,0.7177837491035461,,,,,,
1404,49,16,False,0.6455633640289307,,,,,,
1407,46,29,False,0.5921286940574646,,,,,,
1408,94,25,False,0.605634331703186,,,,,,
1410,49,31,False,0.7880157232284546,,,,,,
1412,32,29,False,0.880250096321106,,,,,,
1413,44,34,False,0.8250597715377808,,,,,,
1415,78,85,False,0.7874838709831238,,,,,,
1416,80,35,False,0.5604100823402405,,,,,,
1419,58,15,False,0.6029990911483765,,,,,,
1420,68,27,False,0.7661482691764832,,,,,,
1423,35,28,False,0.5887246131896973,,,,,,
1426,35,25,False,0.8289811611175537,,,,,,
1427,53,24,False,0.5762248635292053,,,,,,
1428,39,24,False,0.704064667224884,,,,,,
1430,41,32,False,0.902112603187561,,,,,,
1431,48,28,False,0.9026830196380615,,,,,,
1432,33,10,False,0.8482477068901062,,,,,,
1435,84,30,False,0.9722520112991333,,,,,,
1439,26,26,False,0.9429381489753723,,,,,,
1441,31,22,False,0.963939368724823,,,,,,
1446,29,26,False,0.5465062260627747,,,,,,
1447,42,28,False,0.5779075622558594,,,,,,
1448,86,27,False,0.6381431818008423,,,,,,
1450,39,25,False,0.9816068410873413,,,,,,
1451,48,26,False,0.959128201007843,,,,,,
1455,48,18,False,0.5236119627952576,,,,,,
1456,68,98,True,0.9559450149536133,64.0,72.0,True,False,0.5,30.5
1457,31,32,True,0.953463077545166,30.0,38.0,True,True,2.5,1.5
1458,40,27,False,0.786017894744873,,,,,,
1459,41,33,False,0.7267424464225769,,,,,,
1460,57,32,True,0.9057464599609375,56.0,64.0,True,False,2.5,27.5
1461,49,32,False,0.9254990816116333,,,,,,
1462,28,29,False,0.9619667530059814,,,,,,
1464,54,30,False,0.5122660994529724,,,,,,
1466,48,29,False,0.8900651931762695,,,,,,
1471,46,26,False,0.9011211395263672,,,,,,
1472,71,27,False,0.7705058455467224,,,,,,
1473,30,22,False,0.9852157831192017,,,,,,
1474,42,30,True,0.8313372731208801,66.0,74.0,False,False,27.5,39.5
1475,34,31,False,0.8808910846710205,,,,,,
1481,44,25,False,0.9524505138397217,,,,,,
1484,22,38,False,0.6918686628341675,,,,,,
1488,38,30,False,0.8269955515861511,,,,,,
1491,48,27,False,0.9012971520423889,,,,,,
1495,49,26,False,0.6820365786552429,,,,,,
1497,38,34,True,0.8975234031677246,37.0,45.0,True,False,2.5,6.5
1499,28,23,False,0.6291812062263489,,,,,,
1500,62,24,False,0.8891534805297852,,,,,,
1501,34,30,False,0.5276522636413574,,,,,,
1502,33,5,False,0.8928946852684021,,,,,,
1505,39,29,False,0.9341084957122803,,,,,,
1508,50,27,False,0.8929051160812378,,,,,,
1510,16,26,False,0.629446268081665,,,,,,
1511,53,25,False,0.8659806251525879,,,,,,
1512,17,14,False,0.9206192493438721,,,,,,
1515,45,12,False,0.7325548529624939,,,,,,
1518,43,27,True,0.8852070569992065,24.0,32.0,False,True,15.5,0.5
1519,44,34,False,0.7367728352546692,,,,,,
1520,49,19,False,0.923807680606842,,,,,,
1524,42,33,False,0.8347994089126587,,,,,,
1531,47,24,False,0.8054381012916565,,,,,,
1539,45,31,False,0.7672042846679688,,,,,,
1540,42,32,False,0.9087545871734619,,,,,,
1544,42,13,False,0.5891761183738708,,,,,,
1545,25,24,False,0.9317190647125244,,,,,,
1546,59,33,False,0.710084855556488,,,,,,
1547,61,24,False,0.649875283241272,,,,,,
1550,68,44,False,0.5603729486465454,,,,,,
1551,38,25,False,0.562926173210144,,,,,,
1557,44,33,False,0.8370981216430664,,,,,,
1558,55,29,False,0.7516979575157166,,,,,,
1559,37,27,False,0.7776485681533813,,,,,,
1560,12,27,False,0.7046622633934021,,,,,,
1561,44,32,False,0.8579409122467041,,,,,,
1562,44,29,False,0.7465219497680664,,,,,,
1572,43,22,False,0.924913763999939,,,,,,
1577,43,30,False,0.9452097415924072,,,,,,
1578,34,26,False,0.8666757345199585,,,,,,
1579,52,21,False,0.6168511509895325,,,,,,
1581,68,20,False,0.8987306356430054,,,,,,
1583,37,27,False,0.8779630661010742,,,,,,
1585,41,28,False,0.9776234030723572,,,,,,
1586,54,26,False,0.8403850793838501,,,,,,
1588,46,25,False,0.9102587699890137,,,,,,
1590,23,24,True,0.9451049566268921,21.0,29.0,True,True,1.5,0.5
1591,48,28,False,0.9163796305656433,,,,,,
1602,52,19,False,0.7455137968063354,,,,,,
1604,56,20,False,0.9065293073654175,,,,,,
1608,84,27,False,0.634591817855835,,,,,,
1610,62,29,False,0.6250101923942566,,,,,,
1612,42,22,False,0.8188794851303101,,,,,,
1613,49,18,False,0.8569032549858093,,,,,,
1614,46,28,False,0.973350465297699,,,,,,
1619,29,28,False,0.8646658658981323,,,,,,
1621,43,27,False,0.8762262463569641,,,,,,
1624,46,33,False,0.8403142094612122,,,,,,
1626,8,32,False,0.7573484182357788,,,,,,
1631,52,25,False,0.5209845900535583,,,,,,
1634,59,29,False,0.7951195240020752,,,,,,
1635,60,23,False,0.5948927998542786,,,,,,
1637,26,28,False,0.536098301410675,,,,,,
1641,37,31,False,0.6815161108970642,,,,,,
1642,30,26,False,0.7722102403640747,,,,,,
1643,33,34,False,0.7509403824806213,,,,,,
1644,45,89,False,0.68779057264328,,,,,,
1645,50,38,False,0.825640082359314,,,,,,
1646,42,27,False,0.9903734922409058,,,,,,
1649,59,26,False,0.8472913503646851,,,,,,
1651,41,30,False,0.8317789435386658,,,,,,
1653,49,23,False,0.6741470098495483,,,,,,
1654,57,12,False,0.8440138697624207,,,,,,
1655,26,22,False,0.9903529286384583,,,,,,
1659,42,15,False,0.9393458366394043,,,,,,
1660,42,26,False,0.8675996661186218,,,,,,
1663,27,24,False,0.9339887499809265,,,,,,
1666,82,43,False,0.5924447774887085,,,,,,
1667,38,23,False,0.8410402536392212,,,,,,
1672,58,22,False,0.7638043165206909,,,,,,
1675,45,34,False,0.6414942741394043,,,,,,
1678,43,37,False,0.6563031077384949,,,,,,
1683,43,26,False,0.8177688121795654,,,,,,
1686,21,25,False,0.8338316082954407,,,,,,
1693,39,28,False,0.6254616975784302,,,,,,
1696,24,18,False,0.9708406925201416,,,,,,
1697,44,30,False,0.8579518795013428,,,,,,
1698,37,25,False,0.7024319767951965,,,,,,
1699,20,23,False,0.9460166692733765,,,,,,
1701,44,33,False,0.7353654503822327,,,,,,
1706,51,23,False,0.5377151966094971,,,,,,
1707,92,31,False,0.9131255745887756,,,,,,
1708,31,29,False,0.8507614135742188,,,,,,
1711,59,33,False,0.7122628092765808,,,,,,
1718,84,20,False,0.8261110186576843,,,,,,
1719,23,25,False,0.8360739946365356,,,,,,
1725,39,29,False,0.7890670299530029,,,,,,
1728,35,6,False,0.8369825482368469,,,,,,
1729,66,22,True,0.8563021421432495,60.0,68.0,True,False,2.5,41.5
1731,91,24,False,0.6448441743850708,,,,,,
1735,44,23,False,0.7288386821746826,,,,,,
1736,80,29,False,0.8416283130645752,,,,,,
1737,58,31,False,0.8353334665298462,,,,,,
1745,53,12,False,0.5199037790298462,,,,,,
1749,41,37,False,0.6285704374313354,,,,,,
1752,33,24,False,0.7287080883979797,,,,,,
1754,36,27,False,0.8800778388977051,,,,,,
1758,24,20,False,0.5412145256996155,,,,,,
1759,33,24,False,0.8151811957359314,,,,,,
1761,37,12,False,0.9055270552635193,,,,,,
1763,39,28,False,0.8707168698310852,,,,,,
1766,43,21,False,0.5492400527000427,,,,,,
1767,51,35,False,0.6744025945663452,,,,,,
1768,18,29,False,0.8626668453216553,,,,,,
1771,51,25,False,0.9287438988685608,,,,,,
1773,56,20,False,0.7887628674507141,,,,,,
1776,21,24,True,0.9489498734474182,21.0,29.0,True,True,3.5,0.5
1777,59,25,False,0.6996728777885437,,,,,,
1778,34,27,False,0.8467854261398315,,,,,,
1779,39,26,False,0.5665634870529175,,,,,,
1784,42,29,False,0.6215782165527344,,,,,,
1786,100,1,False,0.7655556201934814,,,,,,
1787,35,33,False,0.9259389638900757,,,,,,
1794,37,30,False,0.5198661684989929,,,,,,
1796,52,23,False,0.7712211012840271,,,,,,
1799,84,18,False,0.5368119478225708,,,,,,
1801,54,1,False,0.6039659380912781,,,,,,
1803,59,37,False,0.6628044843673706,,,,,,
1806,48,15,False,0.8354584574699402,,,,,,
1812,96,18,False,0.7149658203125,,,,,,
1813,36,26,False,0.8706127405166626,,,,,,
1814,50,14,False,0.831213653087616,,,,,,
1815,81,30,False,0.914922833442688,,,,,,
1818,22,19,False,0.9865836501121521,,,,,,
1820,40,15,False,0.7595920562744141,,,,,,
1822,22,24,False,0.9844954609870911,,,,,,
1823,78,22,False,0.7482291460037231,,,,,,
1827,52,26,False,0.6862702965736389,,,,,,
1828,61,44,True,0.8853550553321838,38.0,46.0,False,True,19.5,2.5
1829,27,24,False,0.9803689122200012,,,,,,
1830,36,27,False,0.984455943107605,,,,,,
1845,93,26,False,0.7377626895904541,,,,,,
1848,52,32,False,0.9509172439575195,,,,,,
1849,50,18,False,0.7076364159584045,,,,,,
1850,24,30,False,0.7135891914367676,,,,,,
1851,40,19,False,0.9355830550193787,,,,,,
1852,33,33,True,0.6461079120635986,55.0,63.0,False,False,25.5,25.5
1853,49,24,False,0.7700953483581543,,,,,,
1856,49,32,True,0.9403020739555359,16.0,24.0,False,False,29.5,12.5
1858,53,26,False,0.9772147536277771,,,,,,
1866,42,20,False,0.7424306273460388,,,,,,
1867,44,28,True,0.8821706175804138,73.0,81.0,False,False,32.5,48.5
1869,68,24,False,0.5742403864860535,,,,,,
1870,24,26,False,0.8590381741523743,,,,,,
1872,40,19,False,0.875607967376709,,,,,,
1873,61,22,False,0.6101587414741516,,,,,,
1875,48,98,False,0.894183874130249,,,,,,
1878,27,25,False,0.7406229376792908,,,,,,
1880,39,30,False,0.7016425132751465,,,,,,
1882,84,27,True,0.9029924869537354,64.0,72.0,False,False,16.5,40.5
1883,51,30,False,0.9117255210876465,,,,,,
1885,49,14,False,0.8871292471885681,,,,,,
1886,50,21,False,0.5088080763816833,,,,,,
1887,39,28,True,0.9180293679237366,38.0,46.0,True,False,2.5,13.5
1894,83,25,False,0.9802982211112976,,,,,,
1903,34,27,True,0.9250056743621826,33.0,41.0,True,False,2.5,9.5
1904,18,38,False,0.6583290696144104,,,,,,
1905,51,30,False,0.6473595499992371,,,,,,
1907,41,23,False,0.9828848838806152,,,,,,
1910,41,26,False,0.9671232104301453,,,,,,
1915,48,10,False,0.5658097863197327,,,,,,
1918,35,34,False,0.7623156905174255,,,,,,
1919,37,30,False,0.5954260230064392,,,,,,
1920,45,24,False,0.7351318001747131,,,,,,
1921,36,28,False,0.7995592355728149,,,,,,
1923,39,27,False,0.7049857974052429,,,,,,
1925,46,29,False,0.8188177943229675,,,,,,
1926,34,30,False,0.6050139665603638,,,,,,
1929,39,30,False,0.6145808100700378,,,,,,
1933,72,76,False,0.6841639876365662,,,,,,
1938,35,28,False,0.8233498930931091,,,,,,
1939,75,27,True,0.9221354126930237,19.0,27.0,False,True,52.5,4.5
1940,43,21,False,0.5441238284111023,,,,,,
1943,27,24,False,0.8534352779388428,,,,,,
1949,66,12,False,0.8733952045440674,,,,,,
1950,35,24,False,0.9063194394111633,,,,,,
1952,48,19,False,0.8237094879150391,,,,,,
1954,41,23,False,0.7454543113708496,,,,,,
1961,41,32,False,0.9176633954048157,,,,,,
1965,40,34,False,0.7762680649757385,,,,,,
1969,51,25,True,0.9766090512275696,50.0,58.0,True,False,2.5,28.5
1970,43,33,False,0.8822277784347534,,,,,,
1972,16,30,False,0.8947983384132385,,,,,,
1973,50,31,False,0.6536523103713989,,,,,,
1975,41,26,False,0.6369314789772034,,,,,,
1976,44,19,False,0.7374407052993774,,,,,,
1981,47,22,False,0.9334912300109863,,,,,,
1984,63,15,False,0.6310492157936096,,,,,,
1985,20,16,True,0.8996779322624207,18.0,26.0,True,True,1.5,5.5
1987,47,29,False,0.6182225942611694,,,,,,
1988,54,16,True,0.9589559435844421,53.0,61.0,True,False,2.5,40.5
1990,48,5,False,0.6324353814125061,,,,,,
1991,67,26,False,0.5402138233184814,,,,,,
1993,48,27,False,0.875104546546936,,,,,,
1994,38,25,False,0.8296980261802673,,,,,,
1998,13,33,False,0.5091407299041748,,,,,,
1999,52,15,False,0.775629460811615,,,,,,
2000,53,18,False,0.8766526579856873,,,,,,
2003,28,26,False,0.7180547118186951,,,,,,
2004,25,22,False,0.9833705425262451,,,,,,
2005,59,31,False,0.5279759168624878,,,,,,
2006,68,25,False,0.6178919076919556,,,,,,
2007,41,24,True,0.907512366771698,65.0,73.0,False,False,27.5,44.5
2011,32,31,False,0.8084542155265808,,,,,,
2013,51,31,False,0.5764127373695374,,,,,,
2014,43,34,False,0.5602204203605652,,,,,,
2015,45,30,False,0.8598547577857971,,,,,,
2019,99,28,False,0.6253925561904907,,,,,,
2020,38,23,False,0.744837760925293,,,,,,
2024,44,0,False,0.8072259426116943,,,,,,
2025,63,24,False,0.8999953269958496,,,,,,
2026,48,27,False,0.7695101499557495,,,,,,
2027,48,24,False,0.9773732423782349,,,,,,
2030,49,28,False,0.8324702382087708,,,,,,
2031,48,35,False,0.9171557426452637,,,,,,
2032,33,25,False,0.9503824710845947,,,,,,
2037,93,30,False,0.7359606623649597,,,,,,
2047,47,34,False,0.6820751428604126,,,,,,
2049,24,33,True,0.9779254198074341,16.0,24.0,True,False,4.5,13.5
2053,43,27,False,0.5603243708610535,,,,,,
2054,43,34,False,0.6920198202133179,,,,,,
2055,46,34,False,0.800697386264801,,,,,,
2056,55,24,False,0.6337072253227234,,,,,,
2057,50,23,False,0.9895010590553284,,,,,,
2065,79,23,False,0.9268326163291931,,,,,,
2066,20,20,False,0.7892559170722961,,,,,,
2067,44,29,False,0.9555089473724365,,,,,,
2081,34,32,False,0.8017168045043945,,,,,,
2085,45,32,False,0.8912511467933655,,,,,,
2087,46,95,False,0.5681975483894348,,,,,,
2089,35,32,False,0.7642225623130798,,,,,,
2090,40,24,False,0.9930728077888489,,,,,,
2091,18,13,False,0.9258196949958801,,,,,,
2093,35,23,False,0.9900525212287903,,,,,,
2098,25,26,False,0.72144615650177,,,,,,
2100,92,28,False,0.862916111946106,,,,,,
2102,31,30,True,0.9698840975761414,29.0,37.0,True,True,1.5,2.5
2103,20,15,False,0.9501348733901978,,,,,,
2104,38,39,False,0.6461151242256165,,,,,,
2106,46,25,False,0.7854905128479004,,,,,,
2109,38,36,False,0.6710286140441895,,,,,,
2114,49,25,False,0.7554847598075867,,,,,,
2116,62,27,False,0.7089347839355469,,,,,,
2117,46,27,False,0.8543531894683838,,,,,,
2120,35,23,False,0.9237608909606934,,,,,,
2122,30,27,False,0.7124786972999573,,,,,,
2124,64,22,False,0.929314911365509,,,,,,
2129,47,20,False,0.6653780937194824,,,,,,
2130,59,29,False,0.9535340666770935,,,,,,
2135,33,30,False,0.5932467579841614,,,,,,
2138,37,20,False,0.6383780241012573,,,,,,
2140,37,29,False,0.7462407946586609,,,,,,
2142,45,38,False,0.6556699872016907,,,,,,
2145,40,27,False,0.9487495422363281,,,,,,
2146,40,30,False,0.8104086518287659,,,,,,
2148,36,20,False,0.8620520830154419,,,,,,
2152,57,36,False,0.5740543007850647,,,,,,
2156,55,30,False,0.775109589099884,,,,,,
2157,59,31,False,0.617594838142395,,,,,,
2160,34,35,False,0.7054963707923889,,,,,,
2163,51,20,False,0.5841139554977417,,,,,,
2170,57,35,False,0.6608896851539612,,,,,,
2171,51,22,False,0.8429544568061829,,,,,,
2172,59,20,False,0.8290807008743286,,,,,,
2175,46,18,False,0.8785120248794556,,,,,,
2176,47,29,False,0.61043781042099,,,,,,
2179,37,29,False,0.8934805989265442,,,,,,
2180,26,23,False,0.9927894473075867,,,,,,
2181,51,29,False,0.8963396549224854,,,,,,
2183,38,24,False,0.9876009225845337,,,,,,
2184,33,28,False,0.8483000993728638,,,,,,
2188,32,14,False,0.73886638879776,,,,,,
2190,44,16,False,0.898418128490448,,,,,,
2195,62,16,False,0.8794988393783569,,,,,,
2196,53,30,False,0.6629533171653748,,,,,,
2209,35,29,False,0.7676597237586975,,,,,,
2210,50,21,False,0.8190715909004211,,,,,,
2211,68,22,False,0.9309691190719604,,,,,,
2212,49,20,False,0.8735772967338562,,,,,,
2217,40,32,False,0.5916088223457336,,,,,,
2218,50,21,False,0.9495099186897278,,,,,,
2220,49,21,False,0.9711994528770447,,,,,,
2221,46,31,False,0.7798982262611389,,,,,,
2228,37,17,False,0.980461835861206,,,,,,
2231,47,35,False,0.6031317114830017,,,,,,
2232,65,26,False,0.6249638795852661,,,,,,
2233,51,32,False,0.5509122014045715,,,,,,
2239,48,29,False,0.5157564878463745,,,,,,
2241,32,29,False,0.8235705494880676,,,,,,
2244,47,99,False,0.6678285598754883,,,,,,
2245,48,23,False,0.9720953106880188,,,,,,
2247,83,28,True,0.9123125672340393,45.0,53.0,False,False,34.5,20.5
2249,41,30,False,0.7700634598731995,,,,,,
2251,46,29,False,0.6438732147216797,,,,,,
2253,21,28,False,0.9748932123184204,,,,,,
2254,34,21,False,0.9937050938606262,,,,,,
2256,45,34,False,0.5393615365028381,,,,,,
2258,22,18,False,0.9240612983703613,,,,,,
2260,41,40,False,0.7548134326934814,,,,,,
2262,56,34,False,0.8130630254745483,,,,,,
2264,43,9,False,0.5399584174156189,,,,,,
2273,46,23,False,0.7691113948822021,,,,,,
2274,39,19,False,0.9079095125198364,,,,,,
2275,26,24,False,0.6385439038276672,,,,,,
2280,17,27,False,0.8276841640472412,,,,,,
2282,55,26,False,0.6761701107025146,,,,,,
2284,63,28,False,0.7621349096298218,,,,,,
2285,41,22,False,0.9887924790382385,,,,,,
2288,45,26,False,0.8643878102302551,,,,,,
2290,62,21,False,0.6896987557411194,,,,,,
2291,41,26,False,0.9855585098266602,,,,,,
2292,77,23,False,0.8591580390930176,,,,,,
2297,43,34,False,0.644232451915741,,,,,,
2298,45,40,False,0.6647158861160278,,,,,,
2303,45,28,False,0.7157674431800842,,,,,,
2304,49,24,False,0.8267831802368164,,,,,,
2308,28,24,False,0.8580704927444458,,,,,,
2309,58,27,False,0.7775254845619202,,,,,,
2313,26,29,False,0.897903323173523,,,,,,
2315,36,26,False,0.825759768486023,,,,,,
2319,41,31,False,0.829398512840271,,,,,,
2320,42,26,False,0.976796567440033,,,,,,
2321,63,20,False,0.6441287398338318,,,,,,
2327,45,99,False,0.5663648843765259,,,,,,
2328,30,30,False,0.8061666488647461,,,,,,
2329,44,19,False,0.8836302161216736,,,,,,
2332,30,31,False,0.9446036219596863,,,,,,
2333,79,28,False,0.8150919675827026,,,,,,
2342,38,26,False,0.9915675520896912,,,,,,
2345,38,29,False,0.8593310117721558,,,,,,
2346,56,33,False,0.7262718081474304,,,,,,
2348,12,26,False,0.6638554334640503,,,,,,
2349,42,29,False,0.6986398696899414,,,,,,
2354,38,25,True,0.8753197193145752,37.0,45.0,True,False,2.5,15.5
2358,25,35,False,0.5571833252906799,,,,,,
2359,50,27,False,0.9099248647689819,,,,,,
2365,68,16,False,0.850262463092804,,,,,,
2368,34,26,False,0.5215809941291809,,,,,,
2372,35,31,True,0.9829167723655701,33.0,41.0,True,True,1.5,5.5
2374,71,20,False,0.7083646655082703,,,,,,
2376,52,29,False,0.9093499779701233,,,,,,
2377,45,17,False,0.5823056697845459,,,,,,
2378,51,1,False,0.5439972877502441,,,,,,
2381,51,0,False,0.9052449464797974,,,,,,
2383,33,27,False,0.892419159412384,,,,,,
2384,15,12,False,0.7834067344665527,,,,,,
2386,50,30,False,0.5811012387275696,,,,,,
2387,37,30,False,0.6986479759216309,,,,,,
2388,54,23,False,0.9073613882064819,,,,,,
2390,30,29,False,0.8691531419754028,,,,,,
2391,41,30,True,0.9157965183258057,76.0,84.0,False,False,38.5,49.5
2392,53,26,False,0.8791611790657043,,,,,,
2393,51,21,False,0.7715612649917603,,,,,,
2396,28,27,False,0.9370616674423218,,,,,,
2399,36,31,False,0.6470638513565063,,,,,,
2405,38,30,False,0.7571578621864319,,,,,,
2406,33,40,True,0.7896113991737366,32.0,40.0,True,True,2.5,4.5
2409,61,8,False,0.8999674916267395,,,,,,
2410,26,21,False,0.9188346266746521,,,,,,
2414,56,26,False,0.720859169960022,,,,,,
2415,55,88,False,0.6563920974731445,,,,,,
2416,28,25,False,0.9888191819190979,,,,,,
2417,35,27,True,0.9145802855491638,59.0,67.0,False,False,27.5,35.5
2418,55,25,False,0.8716833591461182,,,,,,
2419,24,23,False,0.96954745054245,,,,,,
2426,74,22,False,0.5089161396026611,,,,,,
2427,34,28,False,0.6197026968002319,,,,,,
2428,46,16,False,0.6396059989929199,,,,,,
2432,37,28,False,0.6704216599464417,,,,,,
2433,51,21,False,0.8340201377868652,,,,,,
2434,31,32,False,0.8066278100013733,,,,,,
2436,74,32,False,0.5939427018165588,,,,,,
2442,41,32,False,0.5952005386352539,,,,,,
2444,67,23,False,0.9304335117340088,,,,,,
2448,46,15,False,0.6805210113525391,,,,,,
2451,42,26,False,0.8790382742881775,,,,,,
2459,57,25,False,0.63181471824646,,,,,,
2460,17,29,False,0.8261238932609558,,,,,,
2462,38,21,False,0.8435704708099365,,,,,,
2463,50,32,False,0.5710260272026062,,,,,,
2465,61,17,False,0.6214881539344788,,,,,,
2472,30,19,False,0.8061990737915039,,,,,,
2473,36,25,False,0.9769670963287354,,,,,,
2475,19,18,False,0.7883511185646057,,,,,,
2476,38,30,False,0.7687856554985046,,,,,,
2477,38,23,False,0.8703094124794006,,,,,,
2478,16,29,True,0.8831167817115784,14.0,22.0,True,False,1.5,11.5
2480,58,33,False,0.8639726042747498,,,,,,
2481,46,29,False,0.7374980449676514,,,,,,
2482,49,25,False,0.8188021183013916,,,,,,
2483,17,13,False,0.7070513963699341,,,,,,
2484,73,26,False,0.6421579718589783,,,,,,
2485,53,19,False,0.772323489189148,,,,,,
2486,30,29,False,0.9004349708557129,,,,,,
2487,53,25,False,0.5084893703460693,,,,,,
2489,39,32,True,0.9404994249343872,56.0,64.0,False,False,20.5,27.5
2491,42,29,False,0.9011251330375671,,,,,,
2493,54,26,False,0.885516345500946,,,,,,
2498,50,28,False,0.9539293646812439,,,,,,
2504,48,26,False,0.5807254314422607,,,,,,
2506,27,21,False,0.9836529493331909,,,,,,
2507,50,19,False,0.8695665597915649,,,,,,
2509,39,24,False,0.798626720905304,,,,,,
2510,45,34,False,0.5305926203727722,,,,,,
2511,48,34,False,0.5013552308082581,,,,,,
2512,32,29,False,0.79803866147995,,,,,,
2513,39,31,False,0.5277937650680542,,,,,,
2515,46,27,False,0.771845281124115,,,,,,
2521,22,19,False,0.9840545058250427,,,,,,
2523,68,10,False,0.8304382562637329,,,,,,
2524,46,23,False,0.9622724056243896,,,,,,
2525,47,23,False,0.5743392109870911,,,,,,
2527,43,25,False,0.9911620616912842,,,,,,
2530,52,27,False,0.7952669858932495,,,,,,
2531,38,32,True,0.8510145545005798,38.0,46.0,True,False,3.5,9.5
2532,20,16,False,0.9810768365859985,,,,,,
2541,50,25,False,0.8246960639953613,,,,,,
2542,51,28,False,0.8665350079536438,,,,,,
2543,48,27,False,0.5283470153808594,,,,,,
2544,35,31,True,0.9585126042366028,86.0,94.0,False,False,54.5,58.5
2545,54,31,False,0.639499843120575,,,,,,
2547,45,19,False,0.6384718418121338,,,,,,
2548,56,26,False,0.7926399111747742,,,,,,
2551,55,26,False,0.6001747846603394,,,,,,
2552,26,27,True,0.9378352165222168,24.0,32.0,True,True,1.5,0.5
2553,47,24,False,0.9881898164749146,,,,,,
2557,26,21,False,0.970394492149353,,,,,,
2558,54,28,False,0.8719786405563354,,,,,,
2562,90,11,False,0.687899112701416,,,,,,
2565,45,24,False,0.7297022342681885,,,,,,
2566,57,26,False,0.797909677028656,,,,,,
2567,49,40,False,0.5360445380210876,,,,,,
2570,47,27,False,0.776852011680603,,,,,,
2571,20,17,False,0.8790517449378967,,,,,,
2572,21,18,False,0.9734309911727905,,,,,,
2576,33,28,False,0.7932032942771912,,,,,,
2578,54,36,False,0.6907715797424316,,,,,,
2580,30,28,False,0.8728910684585571,,,,,,
2582,37,30,False,0.8773530125617981,,,,,,
2589,28,27,False,0.7575274705886841,,,,,,
2596,50,19,False,0.9201779365539551,,,,,,
2597,33,10,False,0.6194555163383484,,,,,,
2602,43,23,False,0.8378614783287048,,,,,,
2603,59,23,False,0.713812530040741,,,,,,
2604,44,32,False,0.6114024519920349,,,,,,
2609,45,19,False,0.716741681098938,,,,,,
2610,26,25,False,0.9450188279151917,,,,,,
2611,43,25,False,0.9857566952705383,,,,,,
2613,24,22,False,0.7751877307891846,,,,,,
2618,51,38,False,0.5052806735038757,,,,,,
2625,64,20,False,0.953486442565918,,,,,,
2627,45,27,False,0.5447023510932922,,,,,,
2631,20,23,False,0.9435670971870422,,,,,,
2632,38,22,False,0.899990975856781,,,,,,
2635,63,29,False,0.8613860607147217,,,,,,
2636,33,24,False,0.7747753262519836,,,,,,
2637,52,24,False,0.9787902235984802,,,,,,
2640,49,24,False,0.9239405989646912,,,,,,
2643,41,33,False,0.5338534116744995,,,,,,
2648,49,19,False,0.9316168427467346,,,,,,
2651,49,35,False,0.7392569780349731,,,,,,
2652,48,26,False,0.9172500967979431,,,,,,
2653,49,31,False,0.8584054708480835,,,,,,
2655,28,24,False,0.9570541977882385,,,,,,
2656,53,27,False,0.7775256037712097,,,,,,
2658,56,33,False,0.767168402671814,,,,,,
2662,67,19,False,0.7957772612571716,,,,,,
2665,18,30,False,0.5742798447608948,,,,,,
2666,38,27,False,0.8947550058364868,,,,,,
2669,31,38,False,0.7262353897094727,,,,,,
2673,40,41,False,0.7338991761207581,,,,,,
2675,94,16,False,0.5677735805511475,,,,,,
2680,49,33,False,0.5026542544364929,,,,,,
2686,43,12,False,0.9341104626655579,,,,,,
2687,50,100,False,0.8705666661262512,,,,,,
2692,40,22,False,0.7625893354415894,,,,,,
2693,31,32,False,0.910092830657959,,,,,,
2695,45,16,False,0.9710673689842224,,,,,,
2696,40,21,False,0.8901280164718628,,,,,,
2698,56,28,True,0.959876537322998,53.0,61.0,True,False,0.5,28.5
2699,45,12,False,0.8965693116188049,,,,,,
2705,36,37,False,0.6659906506538391,,,,,,
2706,53,22,False,0.7974112033843994,,,,,,
2709,41,47,False,0.7004649043083191,,,,,,
2710,49,36,False,0.725789487361908,,,,,,
2712,74,26,False,0.854645311832428,,,,,,
2713,53,24,False,0.8643660545349121,,,,,,
2715,50,22,False,0.9278052449226379,,,,,,
2717,39,28,False,0.5445440411567688,,,,,,
2721,60,28,False,0.7448962330818176,,,,,,
2722,72,97,False,0.9470060467720032,,,,,,
2726,68,26,False,0.6294323801994324,,,,,,
2729,40,32,True,0.9096224904060364,34.0,42.0,True,True,2.5,5.5
2731,35,16,False,0.8025818467140198,,,,,,
2734,55,26,False,0.7190216183662415,,,,,,
2737,42,19,False,0.8711631894111633,,,,,,
2742,71,28,False,0.8614628911018372,,,,,,
2747,62,28,False,0.6397258043289185,,,,,,
2756,40,27,False,0.6142194867134094,,,,,,
2757,63,46,False,0.5552151203155518,,,,,,
2761,74,30,False,0.6690247654914856,,,,,,
2764,11,32,False,0.5830918550491333,,,,,,
2765,46,39,False,0.7280541658401489,,,,,,
2766,29,23,False,0.6131153702735901,,,,,,
2767,71,25,False,0.5074864029884338,,,,,,
2770,67,26,False,0.9566388130187988,,,,,,
2771,36,30,False,0.9575075507164001,,,,,,
2775,25,26,True,0.9557157754898071,23.0,31.0,True,True,1.5,0.5
2777,41,20,False,0.9374057650566101,,,,,,
2778,85,12,False,0.8490352034568787,,,,,,
2781,68,26,False,0.5686498880386353,,,,,,
2783,52,38,False,0.6714172959327698,,,,,,
2785,83,24,True,0.9658089280128479,51.0,59.0,False,False,28.5,30.5
2786,34,32,False,0.7343762516975403,,,,,,
2790,16,22,False,0.895112156867981,,,,,,
2791,46,30,False,0.8961066007614136,,,,,,
2795,41,22,False,0.9175928235054016,,,,,,
2797,59,23,False,0.754364013671875,,,,,,
2800,43,13,False,0.9400973320007324,,,,,,
2802,39,16,False,0.8391994833946228,,,,,,
2803,47,14,False,0.8410178422927856,,,,,,
2805,42,34,False,0.681104838848114,,,,,,
2813,50,24,False,0.9870872497558594,,,,,,
2818,95,21,False,0.795897901058197,,,,,,
2819,38,26,False,0.5983520746231079,,,,,,
2821,23,21,False,0.9785978198051453,,,,,,
2823,52,27,False,0.899674654006958,,,,,,
2825,44,23,False,0.9571101069450378,,,,,,
2826,42,24,False,0.6710701584815979,,,,,,
2830,46,32,False,0.8484001159667969,,,,,,
2835,51,30,False,0.6022068858146667,,,,,,
2837,40,28,False,0.9231405854225159,,,,,,
2840,33,23,False,0.9466565847396851,,,,,,
2844,46,32,False,0.7767555713653564,,,,,,
2847,48,26,False,0.7255181670188904,,,,,,
2848,47,26,False,0.6231085062026978,,,,,,
2850,55,18,False,0.8152902722358704,,,,,,
2851,19,16,False,0.9083749055862427,,,,,,
2852,83,31,False,0.8035991191864014,,,,,,
2856,47,21,False,0.7098652720451355,,,,,,
2858,48,22,False,0.7471281290054321,,,,,,
2862,55,27,False,0.8849403262138367,,,,,,
2865,48,20,False,0.6527199745178223,,,,,,
2868,59,26,False,0.7541419863700867,,,,,,
2869,39,24,False,0.886204719543457,,,,,,
2870,13,13,False,0.9444253444671631,,,,,,
2872,39,35,False,0.6023661494255066,,,,,,
2873,42,28,False,0.5192371010780334,,,,,,
2874,41,29,False,0.8882082104682922,,,,,,
2877,55,33,True,0.8498263359069824,54.0,62.0,True,False,2.5,24.5
2883,36,27,False,0.6462168097496033,,,,,,
2885,46,39,False,0.7006686329841614,,,,,,
2886,82,25,False,0.7891384959220886,,,,,,
2887,38,30,False,0.8152429461479187,,,,,,
2889,31,31,False,0.7410809397697449,,,,,,
2892,37,29,False,0.8181179761886597,,,,,,
2893,40,29,False,0.5813602209091187,,,,,,
2898,41,28,False,0.8718612790107727,,,,,,
2899,60,30,False,0.5077565312385559,,,,,,
2900,40,18,False,0.929365873336792,,,,,,
2901,37,25,False,0.9396770596504211,,,,,,
2902,39,37,False,0.7535033822059631,,,,,,
2903,60,25,False,0.9484450817108154,,,,,,
2907,47,2,False,0.6164748072624207,,,,,,
2909,98,26,False,0.813541829586029,,,,,,
2910,17,26,False,0.6326619386672974,,,,,,
2911,47,29,False,0.777826189994812,,,,,,
2913,26,24,False,0.9388077855110168,,,,,,
2914,43,31,False,0.9479405283927917,,,,,,
2915,41,28,False,0.8547682166099548,,,,,,
2920,50,21,False,0.7460107207298279,,,,,,
2924,44,12,False,0.5503761172294617,,,,,,
2927,20,17,False,0.6783339381217957,,,,,,
2933,44,17,True,0.932735800743103,75.0,83.0,False,False,34.5,61.5
2935,47,30,False,0.8671640157699585,,,,,,
2936,40,23,False,0.9181228876113892,,,,,,
2937,54,21,False,0.808526873588562,,,,,,
2939,45,25,False,0.5453133583068848,,,,,,
2940,49,17,False,0.6937749981880188,,,,,,
2941,57,31,False,0.676378071308136,,,,,,
2942,31,28,False,0.8941697478294373,,,,,,
2943,34,26,False,0.911514401435852,,,,,,
2944,45,28,False,0.6552974581718445,,,,,,
2945,55,12,False,0.8981274366378784,,,,,,
2947,74,23,True,0.9400886297225952,22.0,30.0,False,True,48.5,2.5
2950,29,26,True,0.9478763341903687,27.0,35.0,True,True,1.5,4.5
2951,47,33,False,0.634412407875061,,,,,,
2953,57,20,False,0.7513477802276611,,,,,,
2954,60,29,False,0.8183268308639526,,,,,,
2955,42,24,False,0.8513132333755493,,,,,,
2960,42,37,False,0.7109461426734924,,,,,,
2964,69,27,False,0.7021904587745667,,,,,,
2967,47,35,False,0.7527675032615662,,,,,,
2971,29,25,False,0.9366547465324402,,,,,,
2973,69,29,False,0.5008111596107483,,,,,,
2974,26,22,False,0.9734424352645874,,,,,,
2976,42,25,False,0.8945889472961426,,,,,,
2981,41,30,False,0.6388208866119385,,,,,,
2983,49,30,False,0.6344839930534363,,,,,,
2984,47,30,False,0.611533522605896,,,,,,
2988,40,30,False,0.8224166035652161,,,,,,
2989,49,23,False,0.6845577359199524,,,,,,
2993,40,30,False,0.9043782353401184,,,,,,
2997,37,31,False,0.8241341710090637,,,,,,
2998,54,23,False,0.6082614660263062,,,,,,
2999,41,28,False,0.8037397265434265,,,,,,
3000,44,24,False,0.5501779913902283,,,,,,
3002,35,27,False,0.7596800327301025,,,,,,
3007,36,23,False,0.7137244939804077,,,,,,
3008,38,31,False,0.8437259197235107,,,,,,
3009,44,29,False,0.7094259262084961,,,,,,
3011,30,1,False,0.887982189655304,,,,,,
3013,48,23,False,0.6285722851753235,,,,,,
3017,48,28,False,0.5626031756401062,,,,,,
3018,25,29,False,0.7333503365516663,,,,,,
3023,50,24,False,0.9553165435791016,,,,,,
3025,38,29,False,0.7827776074409485,,,,,,
3027,38,29,False,0.5290520191192627,,,,,,
3030,18,26,False,0.9131900072097778,,,,,,
3031,39,31,False,0.782386839389801,,,,,,
3036,68,28,False,0.6723434329032898,,,,,,
3038,48,25,False,0.7915530204772949,,,,,,
3040,60,4,False,0.6867779493331909,,,,,,
3044,22,19,False,0.8604796528816223,,,,,,
3045,43,0,False,0.5961341857910156,,,,,,
3047,50,29,False,0.6257696747779846,,,,,,
3049,46,31,False,0.6597572565078735,,,,,,
3050,52,19,False,0.692598283290863,,,,,,
3054,40,15,False,0.5655336976051331,,,,,,
3055,52,26,False,0.8671563863754272,,,,,,
3056,44,37,False,0.6588308811187744,,,,,,
3059,22,27,False,0.623013973236084,,,,,,
3062,50,22,False,0.9482225179672241,,,,,,
3065,47,13,False,0.868182897567749,,,,,,
3067,61,26,False,0.7033141851425171,,,,,,
3069,35,24,False,0.8118826746940613,,,,,,
3071,59,21,False,0.8651775121688843,,,,,,
3074,40,24,False,0.8302281498908997,,,,,,
3075,46,29,False,0.778134822845459,,,,,,
3077,75,24,True,0.8889486789703369,73.0,81.0,True,False,1.5,52.5
3080,38,28,False,0.8291661739349365,,,,,,
3083,57,31,False,0.7351174354553223,,,,,,
3087,58,23,False,0.6567220687866211,,,,,,
3088,52,23,False,0.9135947823524475,,,,,,
3092,86,1,False,0.8399218916893005,,,,,,
3094,37,25,False,0.6658599972724915,,,,,,
3095,55,28,True,0.8831517696380615,53.0,61.0,True,False,1.5,28.5
3098,71,30,False,0.719139814376831,,,,,,
3099,49,32,False,0.7866762280464172,,,,,,
3100,46,31,False,0.8069499731063843,,,,,,
3102,17,25,False,0.8831520080566406,,,,,,
3103,28,25,False,0.9470216631889343,,,,,,
3107,34,31,False,0.5834829807281494,,,,,,
3109,37,25,False,0.687207818031311,,,,,,
3118,53,25,False,0.6163642406463623,,,,,,
3119,41,100,False,0.8288530707359314,,,,,,
3123,52,31,False,0.5599239468574524,,,,,,
3124,36,24,False,0.7798798680305481,,,,,,
3125,89,25,False,0.8460023999214172,,,,,,
3126,52,31,False,0.5062674880027771,,,,,,
3129,28,25,False,0.9738829731941223,,,,,,
3131,44,18,False,0.8018236756324768,,,,,,
3132,42,28,False,0.7529959678649902,,,,,,
3134,43,30,False,0.9404997825622559,,,,,,
3135,66,26,False,0.8321384787559509,,,,,,
3137,47,19,False,0.8745682239532471,,,,,,
3143,36,26,False,0.9874987006187439,,,,,,
3145,11,6,False,0.8063561916351318,,,,,,
3147,45,26,False,0.5729533433914185,,,,,,
3149,53,27,False,0.7055217027664185,,,,,,
3152,48,34,False,0.5646723508834839,,,,,,
3154,48,31,False,0.549701988697052,,,,,,
3156,37,29,False,0.9186394214630127,,,,,,
3160,59,28,False,0.8729295134544373,,,,,,
3164,52,27,False,0.9628598093986511,,,,,,
3167,37,23,True,0.8922759890556335,48.0,56.0,False,False,14.5,28.5
3170,44,24,False,0.9826289415359497,,,,,,
3173,62,36,False,0.8534509539604187,,,,,,
3176,62,32,False,0.7940003871917725,,,,,,
3187,48,100,False,0.9059053063392639,,,,,,
3190,31,34,False,0.5701535940170288,,,,,,
3192,50,34,False,0.5250871777534485,,,,,,
3196,41,29,True,0.9643511176109314,40.0,48.0,True,False,2.5,14.5
3197,46,31,False,0.7773591876029968,,,,,,
3199,41,27,False,0.9268523454666138,,,,,,
3200,19,14,False,0.8646612763404846,,,,,,
3203,49,29,False,0.822659432888031,,,,,,
3207,50,24,False,0.945572555065155,,,,,,
3211,22,24,False,0.9334962368011475,,,,,,
3212,42,31,False,0.8241183161735535,,,,,,
3214,51,26,False,0.6381414532661438,,,,,,
3217,52,29,False,0.8427572846412659,,,,,,
3219,53,26,False,0.7293370962142944,,,,,,
3223,50,27,False,0.8833149671554565,,,,,,
3224,40,32,False,0.9254462122917175,,,,,,
3227,39,28,False,0.825350284576416,,,,,,
3230,39,30,True,0.7118949294090271,74.0,82.0,False,False,38.5,47.5
3233,47,27,False,0.539746880531311,,,,,,
3235,40,32,False,0.7621989250183105,,,,,,
3236,39,29,False,0.8982528448104858,,,,,,
3241,47,27,False,0.8432209491729736,,,,,,
3243,16,26,False,0.9034044146537781,,,,,,
3244,91,26,False,0.9634186029434204,,,,,,
3246,53,29,False,0.9121170043945312,,,,,,
3249,37,32,False,0.9040833711624146,,,,,,
3252,31,20,False,0.8856003880500793,,,,,,
3255,52,4,False,0.5532318949699402,,,,,,
3256,52,26,False,0.5187168121337891,,,,,,
3257,27,26,False,0.8431422710418701,,,,,,
3260,42,31,False,0.9514267444610596,,,,,,
3262,28,28,False,0.9760733842849731,,,,,,
3263,24,20,False,0.9881975054740906,,,,,,
3264,17,16,False,0.9257742166519165,,,,,,
3265,37,25,False,0.8760026097297668,,,,,,
3266,50,22,False,0.9054831862449646,,,,,,
3269,97,17,False,0.5563086271286011,,,,,,
3270,42,35,False,0.7041994333267212,,,,,,
3273,38,27,True,0.9637664556503296,37.0,45.0,True,False,2.5,13.5
3276,42,27,False,0.9385626316070557,,,,,,
3280,47,26,False,0.680777907371521,,,,,,
3283,54,31,False,0.74982750415802,,,,,,
3285,36,27,False,0.837068498134613,,,,,,
3286,56,17,False,0.9671109318733215,,,,,,
3297,45,13,False,0.8700220584869385,,,,,,
3299,43,29,False,0.5159106850624084,,,,,,
3304,65,20,False,0.5762291550636292,,,,,,
3305,41,30,False,0.7973269820213318,,,,,,
3306,49,27,False,0.9585679173469543,,,,,,
3308,53,29,False,0.9078397154808044,,,,,,
3313,25,23,False,0.8752013444900513,,,,,,
3315,44,16,False,0.7331093549728394,,,,,,
3316,59,36,False,0.5746461153030396,,,,,,
3319,43,4,False,0.6479235291481018,,,,,,
3321,21,15,False,0.9843959808349609,,,,,,
3323,25,24,False,0.8765597939491272,,,,,,
3325,46,31,False,0.8231759071350098,,,,,,
3326,49,11,False,0.7941803932189941,,,,,,
3327,54,30,False,0.8309304714202881,,,,,,
3331,39,28,False,0.5447109341621399,,,,,,
3333,41,100,False,0.8374879956245422,,,,,,
3339,39,18,False,0.511005699634552,,,,,,
3341,26,24,False,0.8465830683708191,,,,,,
3345,42,28,False,0.8874478340148926,,,,,,
3349,28,29,True,0.8372507095336914,26.0,34.0,True,True,1.5,0.5
3352,49,30,False,0.7356396317481995,,,,,,
3353,44,18,False,0.701311469078064,,,,,,
3359,48,21,False,0.8874374628067017,,,,,,
3361,27,25,True,0.9369121193885803,62.0,70.0,False,False,38.5,40.5
3363,49,30,False,0.5483283400535583,,,,,,
3365,52,34,False,0.7445793151855469,,,,,,
3366,54,25,False,0.8793413043022156,,,,,,
3367,46,25,False,0.576262891292572,,,,,,
3369,39,27,True,0.9741953611373901,37.0,45.0,True,False,1.5,13.5
3375,18,26,False,0.6880992650985718,,,,,,
3376,37,42,False,0.6223611235618591,,,,,,
3383,41,19,True,0.8556793332099915,61.0,69.0,False,False,23.5,45.5
3385,38,24,False,0.9607167840003967,,,,,,
3387,42,29,False,0.9562540054321289,,,,,,
3389,32,28,False,0.5151343941688538,,,,,,
3391,42,28,False,0.9393489956855774,,,,,,
3392,48,26,True,0.9367974400520325,47.0,55.0,True,False,2.5,24.5
3394,29,33,False,0.9135454297065735,,,,,,
3395,36,25,True,0.9668338298797607,34.0,42.0,True,False,1.5,12.5
3399,20,15,False,0.9609240889549255,,,,,,
3401,39,19,False,0.5061683654785156,,,,,,
3404,12,43,False,0.8216073513031006,,,,,,
3407,25,21,False,0.870303213596344,,,,,,
3410,26,23,False,0.953892171382904,,,,,,
3411,36,28,False,0.9188852310180664,,,,,,
3414,43,25,False,0.5737322568893433,,,,,,
3415,68,28,False,0.9537493586540222,,,,,,
3416,34,21,False,0.8955397605895996,,,,,,
3418,47,28,False,0.873500406742096,,,,,,
3419,78,20,True,0.9658081531524658,57.0,65.0,False,False,17.5,40.5
3420,49,23,False,0.824604868888855,,,,,,
3423,45,22,False,0.6405302882194519,,,,,,
3426,34,31,False,0.7471214532852173,,,,,,
3430,45,35,False,0.9074660539627075,,,,,,
3431,98,15,False,0.6650226712226868,,,,,,
3432,53,29,False,0.7787180542945862,,,,,,
3434,43,27,True,0.920581579208374,42.0,50.0,True,False,2.5,18.5
3435,44,0,False,0.7912684082984924,,,,,,
3436,41,27,False,0.6788980960845947,,,,,,
3437,18,16,False,0.802279531955719,,,,,,
3440,43,28,False,0.628171443939209,,,,,,
3441,43,32,False,0.5616105198860168,,,,,,
3442,59,32,True,0.9665301442146301,57.0,65.0,True,False,1.5,28.5
3443,98,30,False,0.5600495934486389,,,,,,
3445,41,29,False,0.62296062707901,,,,,,
3446,50,33,False,0.757958710193634,,,,,,
3447,44,20,False,0.7340453267097473,,,,,,
3451,41,31,False,0.7004260420799255,,,,,,
3455,54,26,False,0.8866679072380066,,,,,,
3456,45,27,False,0.7684433460235596,,,,,,
3457,46,31,False,0.694996178150177,,,,,,
3462,27,26,False,0.7159703373908997,,,,,,
3466,24,22,False,0.883463442325592,,,,,,
3470,81,26,False,0.8792970180511475,,,,,,
3471,14,14,False,0.9604988694190979,,,,,,
3472,32,28,True,0.9696279168128967,30.0,38.0,True,True,1.5,5.5
3474,36,29,False,0.5454193949699402,,,,,,
3477,36,24,False,0.7340746521949768,,,,,,
3479,53,28,False,0.5393062829971313,,,,,,
3488,44,30,False,0.6932591795921326,,,,,,
3491,72,26,False,0.554474413394928,,,,,,
3501,72,15,True,0.981938898563385,71.0,79.0,True,False,2.5,59.5
3505,48,31,False,0.8396053910255432,,,,,,
3506,27,28,False,0.9609540700912476,,,,,,
3507,71,44,False,0.616750955581665,,,,,,
3508,34,25,False,0.7808865308761597,,,,,,
3510,91,29,False,0.6319365501403809,,,,,,
3511,52,29,False,0.8029282093048096,,,,,,
3513,45,22,False,0.5708259344100952,,,,,,
3514,34,31,True,0.9188562631607056,32.0,40.0,True,True,1.5,4.5
3517,45,25,False,0.7496709227561951,,,,,,
3518,43,40,True,0.8846963047981262,42.0,50.0,True,True,2.5,5.5
3524,15,22,False,0.8003582954406738,,,,,,
3529,60,28,False,0.9014573693275452,,,,,,
3531,53,26,False,0.9762338995933533,,,,,,
3534,25,28,False,0.7459238767623901,,,,,,
3536,77,26,False,0.8291152715682983,,,,,,
3537,35,25,False,0.9235725402832031,,,,,,
3539,42,33,False,0.7189642786979675,,,,,,
3542,45,29,False,0.6305732727050781,,,,,,
3543,26,22,False,0.9365528225898743,,,,,,
3545,47,26,False,0.6016993522644043,,,,,,
3547,98,26,False,0.9517804980278015,,,,,,
3548,61,17,False,0.8506836295127869,,,,,,
3550,44,16,False,0.6659072637557983,,,,,,
3551,55,30,False,0.8306245803833008,,,,,,
3552,25,21,False,0.8825121521949768,,,,,,
3554,23,19,False,0.7517320513725281,,,,,,
3556,50,42,False,0.638827919960022,,,,,,
3558,62,30,False,0.9518721103668213,,,,,,
3561,33,100,False,0.8920457363128662,,,,,,
3563,39,22,False,0.9726391434669495,,,,,,
3564,48,23,False,0.5994963049888611,,,,,,
3565,38,30,False,0.8134191632270813,,,,,,
3567,46,22,False,0.9549026489257812,,,,,,
3573,49,29,False,0.8649625778198242,,,,,,
3576,30,29,False,0.5930066704750061,,,,,,
3579,100,18,False,0.7865615487098694,,,,,,
3585,41,25,False,0.9814963936805725,,,,,,
3587,43,21,False,0.6302815079689026,,,,,,
3588,43,29,False,0.8633445501327515,,,,,,
3589,40,46,False,0.5301117300987244,,,,,,
3590,43,27,False,0.6595803499221802,,,,,,
3596,53,26,False,0.8270848393440247,,,,,,
3597,40,36,False,0.8143050074577332,,,,,,
3599,34,28,False,0.9304233193397522,,,,,,
3604,58,13,False,0.8311313390731812,,,,,,
3605,36,24,True,0.966552197933197,35.0,43.0,True,False,2.5,14.5
3608,42,31,False,0.7989144325256348,,,,,,
3612,40,16,False,0.8017024993896484,,,,,,
3613,35,24,False,0.8942310214042664,,,,,,
3615,49,38,False,0.6501700282096863,,,,,,
3621,39,35,False,0.5809466242790222,,,,,,
3622,17,27,False,0.8495643734931946,,,,,,
3627,48,15,False,0.9050096869468689,,,,,,
3629,53,36,False,0.7767511010169983,,,,,,
3632,44,22,False,0.7116110920906067,,,,,,
3634,42,20,False,0.8796944618225098,,,,,,
3636,45,33,False,0.7599239945411682,,,,,,
3639,56,27,False,0.8985834121704102,,,,,,
3644,30,31,False,0.8147933483123779,,,,,,
3645,36,28,False,0.6429088711738586,,,,,,
3647,42,32,False,0.9276279211044312,,,,,,
3650,43,37,False,0.6531203985214233,,,,,,
3653,54,27,False,0.746604859828949,,,,,,
3654,27,31,False,0.7335014939308167,,,,,,
3656,45,26,False,0.5769346356391907,,,,,,
3657,46,19,False,0.7854962348937988,,,,,,
3658,45,34,False,0.8299278616905212,,,,,,
3660,48,26,False,0.7961782217025757,,,,,,
3662,42,29,False,0.8840621113777161,,,,,,
3664,46,94,False,0.8254355788230896,,,,,,
3666,36,39,False,0.7963611483573914,,,,,,
3669,27,25,False,0.8342305421829224,,,,,,
3670,53,11,False,0.8795610070228577,,,,,,
3673,54,3,False,0.7613394856452942,,,,,,
3674,55,24,False,0.5192940831184387,,,,,,
3678,39,25,False,0.8836866617202759,,,,,,
3680,51,24,False,0.8028531670570374,,,,,,
3681,35,29,False,0.7195597887039185,,,,,,
3683,26,22,False,0.9931406378746033,,,,,,
3685,44,15,False,0.6159091591835022,,,,,,
3686,60,29,False,0.5681949853897095,,,,,,
3687,45,28,False,0.9198228716850281,,,,,,
3688,48,28,False,0.6295152306556702,,,,,,
3690,47,22,False,0.5889703631401062,,,,,,
3691,51,28,False,0.8108805418014526,,,,,,
3692,37,23,False,0.7030888795852661,,,,,,
3696,40,27,False,0.9270387887954712,,,,,,
3702,43,25,False,0.6165677905082703,,,,,,
3703,43,23,False,0.7944350242614746,,,,,,
3711,33,14,False,0.9217753410339355,,,,,,
3713,47,12,False,0.8064201474189758,,,,,,
3715,46,34,False,0.7981046438217163,,,,,,
3717,46,40,False,0.5653043389320374,,,,,,
3720,27,27,False,0.8566574454307556,,,,,,
3722,19,20,False,0.5203894972801208,,,,,,
3726,38,23,True,0.852566659450531,0.0,8.0,False,False,34.5,19.5
3727,49,24,False,0.7128133177757263,,,,,,
3729,22,19,False,0.979175329208374,,,,,,
3731,43,25,True,0.6924828886985779,6.0,14.0,False,False,33.5,15.5
3732,42,4,False,0.7485623955726624,,,,,,
3736,23,20,False,0.92179274559021,,,,,,
3738,36,26,False,0.9827797412872314,,,,,,
3744,58,25,False,0.8142969012260437,,,,,,
3745,62,30,False,0.7074375748634338,,,,,,
3747,43,25,False,0.7991340160369873,,,,,,
3748,45,23,False,0.5548500418663025,,,,,,
3751,61,34,False,0.6362038254737854,,,,,,
3754,44,20,False,0.7629082202911377,,,,,,
3756,35,28,True,0.8329096436500549,31.0,39.0,True,False,0.5,6.5
3759,45,30,False,0.5870726108551025,,,,,,
3760,36,29,False,0.5298421382904053,,,,,,
3763,61,24,False,0.7082130312919617,,,,,,
3764,43,53,True,0.5350899696350098,13.0,21.0,False,False,26.5,36.5
3769,40,29,False,0.6419150829315186,,,,,,
3770,66,38,False,0.6658037900924683,,,,,,
3771,38,25,False,0.6483080387115479,,,,,,
3772,37,29,False,0.841667115688324,,,,,,
3774,40,20,False,0.8198839426040649,,,,,,
3779,69,24,False,0.6015916466712952,,,,,,
3780,32,25,False,0.9615635275840759,,,,,,
3785,25,29,True,0.9695855379104614,23.0,31.0,True,True,1.5,2.5
3792,67,17,False,0.9087816476821899,,,,,,
3793,40,20,False,0.8184808492660522,,,,,,
3799,54,10,False,0.889830470085144,,,,,,
3802,87,35,False,0.8528763055801392,,,,,,
3808,52,18,False,0.7752199769020081,,,,,,
3809,15,12,False,0.6480616927146912,,,,,,
3811,49,32,False,0.6352945566177368,,,,,,
3813,38,22,False,0.7993876934051514,,,,,,
3815,44,32,False,0.5500462055206299,,,,,,
3819,41,29,False,0.7716780304908752,,,,,,
3820,51,30,False,0.6083056330680847,,,,,,
3828,42,26,False,0.8269137144088745,,,,,,
3835,52,18,False,0.5504941940307617,,,,,,
3837,42,36,True,0.854786217212677,93.0,101.0,False,False,54.5,60.5
3840,70,17,False,0.824870765209198,,,,,,
3844,47,33,False,0.599619448184967,,,,,,
3846,50,24,False,0.9929375052452087,,,,,,
3847,70,100,False,0.839454710483551,,,,,,
3851,47,24,False,0.6036857962608337,,,,,,
3852,49,21,False,0.87104731798172,,,,,,
3855,88,25,False,0.700537919998169,,,,,,
3859,38,33,False,0.5188976526260376,,,,,,
3860,30,30,False,0.8881943225860596,,,,,,
3865,45,30,False,0.82856684923172,,,,,,
3871,43,32,False,0.5761217474937439,,,,,,
3872,64,30,False,0.768024742603302,,,,,,
3875,40,29,False,0.8716486692428589,,,,,,
3876,36,29,False,0.6414808034896851,,,,,,
3884,20,30,False,0.5637882947921753,,,,,,
3885,21,20,False,0.9660865664482117,,,,,,
3887,41,28,False,0.8931056261062622,,,,,,
3889,42,34,False,0.8483948707580566,,,,,,
3891,16,27,False,0.7387427687644958,,,,,,
3893,24,22,False,0.8984161615371704,,,,,,
3894,57,20,False,0.5961765646934509,,,,,,
3897,50,20,False,0.7432193756103516,,,,,,
3905,31,30,False,0.9612596035003662,,,,,,
3911,29,29,False,0.5372134447097778,,,,,,
3912,38,31,False,0.7326005697250366,,,,,,
3914,18,14,False,0.8263710141181946,,,,,,
3916,38,25,False,0.7548097372055054,,,,,,
3917,28,8,False,0.8159481883049011,,,,,,
3920,72,27,False,0.6116321086883545,,,,,,
3921,40,30,False,0.864834189414978,,,,,,
3923,59,13,False,0.8055239319801331,,,,,,
3924,23,23,False,0.7765650153160095,,,,,,
3926,36,33,False,0.8558672070503235,,,,,,
3927,51,29,False,0.6479793190956116,,,,,,
3929,48,29,False,0.6824202537536621,,,,,,
3930,23,35,False,0.6957610845565796,,,,,,
3933,56,31,False,0.6577566266059875,,,,,,
3936,40,57,False,0.7057831883430481,,,,,,
3938,39,22,False,0.9522607922554016,,,,,,
3940,98,12,False,0.9401270747184753,,,,,,
3941,45,24,False,0.9949986934661865,,,,,,
3944,32,35,False,0.892919659614563,,,,,,
3945,80,25,False,0.6636300683021545,,,,,,
3946,19,22,False,0.9186574220657349,,,,,,
3951,47,34,False,0.553472101688385,,,,,,
3952,33,34,False,0.709601640701294,,,,,,
3955,39,21,False,0.8472568392753601,,,,,,
3959,56,18,False,0.7305060029029846,,,,,,
3960,16,17,False,0.9281449913978577,,,,,,
3962,51,28,False,0.8023133277893066,,,,,,
3963,41,21,False,0.6116564273834229,,,,,,
3964,46,23,False,0.7964787483215332,,,,,,
3969,38,26,False,0.5548689961433411,,,,,,
3972,21,19,False,0.7823529839515686,,,,,,
3975,67,91,True,0.9440463781356812,66.0,74.0,True,False,2.5,21.5
3978,28,26,False,0.9320530295372009,,,,,,
3980,44,30,False,0.6590795516967773,,,,,,
3981,57,14,False,0.7619702219963074,,,,,,
3982,67,40,False,0.5343462824821472,,,,,,
3983,57,26,False,0.676798403263092,,,,,,
3984,36,23,False,0.908230721950531,,,,,,
3988,46,31,False,0.5014355778694153,,,,,,
3989,27,26,False,0.7643893361091614,,,,,,
3990,38,27,False,0.835584819316864,,,,,,
3991,64,26,False,0.8766983151435852,,,,,,
3992,49,27,False,0.8194289207458496,,,,,,
3995,38,31,False,0.9796767830848694,,,,,,
3997,63,28,True,0.966410219669342,47.0,55.0,False,False,12.5,22.5
4004,47,27,False,0.6559114456176758,,,,,,
4005,39,30,False,0.7044979333877563,,,,,,
4014,49,31,False,0.8915368914604187,,,,,,
4017,56,85,False,0.55315101146698,,,,,,
4019,49,29,False,0.6257103085517883,,,,,,
4021,43,32,False,0.8465777635574341,,,,,,
4036,49,22,False,0.9623099565505981,,,,,,
4038,42,22,False,0.6471829414367676,,,,,,
4039,45,23,False,0.6666262745857239,,,,,,
4041,48,28,False,0.9192609190940857,,,,,,
4042,97,29,False,0.8487550616264343,,,,,,
4048,71,9,False,0.5961256623268127,,,,,,
4049,69,40,False,0.6316863894462585,,,,,,
4052,52,30,False,0.7811583280563354,,,,,,
4056,18,16,False,0.9683770537376404,,,,,,
4059,59,23,False,0.9280592799186707,,,,,,
4061,33,28,False,0.8446363210678101,,,,,,
4062,41,24,True,0.9401070475578308,91.0,99.0,False,False,53.5,70.5
4066,29,29,False,0.7803915143013,,,,,,
4067,71,32,False,0.5457454323768616,,,,,,
4068,42,28,False,0.9072588682174683,,,,,,
4070,27,25,False,0.9735864996910095,,,,,,
4074,73,16,False,0.6936385631561279,,,,,,
4075,44,19,False,0.9251251816749573,,,,,,
4080,68,34,False,0.6859616041183472,,,,,,
4081,48,33,False,0.9191200137138367,,,,,,
4084,48,18,False,0.8668675422668457,,,,,,
4085,37,33,False,0.8045513033866882,,,,,,
4086,46,28,False,0.5803766846656799,,,,,,
4087,72,26,False,0.8743280172348022,,,,,,
4093,57,20,False,0.6858096122741699,,,,,,
4096,43,32,False,0.8364495038986206,,,,,,
4098,23,20,False,0.8992186188697815,,,,,,
4099,74,14,True,0.9337496757507324,66.0,74.0,True,False,4.5,55.5
4100,42,31,False,0.8480169177055359,,,,,,
4101,43,26,False,0.7500585913658142,,,,,,
4105,68,16,False,0.7474666833877563,,,,,,
4109,46,27,False,0.8396430015563965,,,,,,
4110,34,29,False,0.9003827571868896,,,,,,
4114,57,54,True,0.7688894271850586,56.0,64.0,True,True,2.5,5.5
4117,41,11,False,0.6674349308013916,,,,,,
4121,25,20,False,0.7210526466369629,,,,,,
4125,50,30,False,0.7467455267906189,,,,,,
4127,16,25,False,0.756834864616394,,,,,,
4132,47,32,False,0.9780686497688293,,,,,,
4133,73,28,False,0.7101745009422302,,,,,,
4134,43,28,False,0.530304491519928,,,,,,
4135,50,16,False,0.8574407696723938,,,,,,
4145,64,25,False,0.8764805793762207,,,,,,
4147,37,31,False,0.5919259190559387,,,,,,
4148,41,31,False,0.8446958065032959,,,,,,
4152,45,22,False,0.9033854007720947,,,,,,
4153,34,32,False,0.6052218079566956,,,,,,
4156,31,30,True,0.9448546171188354,29.0,37.0,True,True,1.5,2.5
4158,31,28,False,0.8082775473594666,,,,,,
4161,53,31,False,0.7755351066589355,,,,,,
4162,57,97,True,0.9765312075614929,56.0,64.0,True,False,2.5,37.5
4165,39,30,False,0.6610068678855896,,,,,,
4170,29,28,False,0.657662034034729,,,,,,
4171,42,34,False,0.9207305908203125,,,,,,
4173,29,31,False,0.976455807685852,,,,,,
4174,49,11,False,0.5943961143493652,,,,,,
4175,30,30,False,0.8012933135032654,,,,,,
4177,19,28,False,0.7693421840667725,,,,,,
4178,59,28,False,0.8496368527412415,,,,,,
4184,54,35,False,0.7311551570892334,,,,,,
4189,41,50,False,0.6141669750213623,,,,,,
4190,39,23,False,0.9943007230758667,,,,,,
4192,30,29,False,0.8108305335044861,,,,,,
4195,44,32,False,0.8262912631034851,,,,,,
4196,43,27,False,0.5679100155830383,,,,,,
4201,46,21,False,0.7634603977203369,,,,,,
4202,48,31,False,0.7875469326972961,,,,,,
4205,18,14,False,0.9201384782791138,,,,,,
4206,51,15,False,0.8205941915512085,,,,,,
4207,33,31,False,0.7180169224739075,,,,,,
4211,40,29,False,0.8293054699897766,,,,,,
4213,27,28,False,0.5815183520317078,,,,,,
4223,54,27,False,0.7237110137939453,,,,,,
4225,57,34,False,0.7916106581687927,,,,,,
4227,46,35,False,0.7685891389846802,,,,,,
4229,37,19,False,0.8649887442588806,,,,,,
4231,39,26,False,0.9097929000854492,,,,,,
4234,31,28,False,0.5537299513816833,,,,,,
4235,18,33,False,0.814396321773529,,,,,,
4238,41,21,False,0.6503820419311523,,,,,,
4239,32,29,False,0.8197129368782043,,,,,,
4240,61,22,False,0.764132559299469,,,,,,
4244,51,27,False,0.7789214253425598,,,,,,
4245,48,8,False,0.7184499502182007,,,,,,
4248,58,30,False,0.8479186296463013,,,,,,
4249,51,34,False,0.7682595252990723,,,,,,
4258,49,18,False,0.8218454718589783,,,,,,
4261,38,29,False,0.9728367924690247,,,,,,
4264,41,25,False,0.9103851914405823,,,,,,
4267,48,29,False,0.5538221001625061,,,,,,
4271,38,23,True,0.8819733262062073,92.0,100.0,False,False,57.5,72.5
4273,36,25,False,0.8757076859474182,,,,,,
4274,39,31,False,0.6009808778762817,,,,,,
4275,52,16,False,0.9045660495758057,,,,,,
4277,52,33,False,0.8211901187896729,,,,,,
4282,48,1,False,0.5429019331932068,,,,,,
4288,59,17,True,0.9227463603019714,59.0,67.0,True,False,3.5,45.5
4291,24,22,False,0.7237029075622559,,,,,,
4295,42,9,False,0.7312464714050293,,,,,,
4299,48,17,False,0.7378889322280884,,,,,,
4304,49,44,False,0.5297757387161255,,,,,,
4306,44,97,False,0.7687415480613708,,,,,,
4312,38,20,False,0.7577435374259949,,,,,,
4315,42,29,False,0.7377185821533203,,,,,,
4316,25,21,False,0.8966205716133118,,,,,,
4317,51,5,False,0.9036703109741211,,,,,,
4318,39,32,False,0.5003865957260132,,,,,,
4321,49,27,False,0.8562746047973633,,,,,,
4326,52,25,False,0.8654475212097168,,,,,,
4327,64,24,False,0.9042250514030457,,,,,,
4328,47,18,False,0.7689710259437561,,,,,,
4330,48,17,False,0.7879868149757385,,,,,,
4331,41,14,False,0.6091679334640503,,,,,,
4340,48,26,False,0.9431464672088623,,,,,,
4341,24,29,False,0.775611400604248,,,,,,
4342,29,27,False,0.8364430665969849,,,,,,
4344,41,30,False,0.9369379878044128,,,,,,
4345,50,32,False,0.8210851550102234,,,,,,
4348,45,27,False,0.9120010137557983,,,,,,
4352,97,25,False,0.64287269115448,,,,,,
4353,27,26,False,0.8010053038597107,,,,,,
4354,30,29,True,0.9653058052062988,30.0,38.0,True,True,3.5,4.5
4357,77,23,False,0.8609050512313843,,,,,,
4359,34,30,True,0.8767167329788208,32.0,40.0,True,True,1.5,5.5
4364,40,27,False,0.9092541933059692,,,,,,
4368,40,31,False,0.6998887658119202,,,,,,
4370,43,30,False,0.6798244714736938,,,,,,
4373,22,29,True,0.9872137308120728,20.0,28.0,True,True,1.5,5.5
4374,45,27,False,0.9532225131988525,,,,,,
4376,25,29,False,0.6459449529647827,,,,,,
4377,67,32,False,0.5129261016845703,,,,,,
4380,28,24,False,0.9159480929374695,,,,,,
4383,42,32,False,0.7472915053367615,,,,,,
4386,53,27,False,0.8846961855888367,,,,,,
4388,48,22,False,0.7526365518569946,,,,,,
4393,38,29,False,0.7486332654953003,,,,,,
4394,48,25,False,0.8177655339241028,,,,,,
4395,42,31,False,0.7779086828231812,,,,,,
4396,10,34,False,0.941728413105011,,,,,,
4398,45,8,False,0.8509994745254517,,,,,,
4402,65,24,False,0.5079768300056458,,,,,,
4403,66,1,False,0.7872384190559387,,,,,,
4405,57,93,False,0.7057285308837891,,,,,,
4406,56,23,False,0.9564639925956726,,,,,,
4409,61,21,False,0.6061224937438965,,,,,,
4411,71,17,False,0.5059480667114258,,,,,,
4415,37,31,False,0.9467321038246155,,,,,,
4417,16,24,False,0.9001442193984985,,,,,,
4419,42,25,False,0.9326218366622925,,,,,,
4424,44,24,False,0.6588892340660095,,,,,,
4425,28,26,False,0.9134981632232666,,,,,,
4426,53,30,False,0.6105771064758301,,,,,,
4428,53,18,False,0.8930345177650452,,,,,,
4432,52,0,False,0.7893730998039246,,,,,,
4436,49,19,False,0.9007049798965454,,,,,,
4437,44,25,False,0.9650068879127502,,,,,,
4438,54,26,False,0.861088752746582,,,,,,
4440,37,31,False,0.7796928882598877,,,,,,
4443,57,16,False,0.7965392470359802,,,,,,
4444,42,29,False,0.5960856080055237,,,,,,
4445,55,14,False,0.6041674017906189,,,,,,
4447,33,24,False,0.9805121421813965,,,,,,
4448,37,30,False,0.6152961254119873,,,,,,
4450,49,25,False,0.5569510459899902,,,,,,
4453,44,32,False,0.8747649788856506,,,,,,
4455,24,24,False,0.8697876930236816,,,,,,
4456,13,34,False,0.6358280777931213,,,,,,
4457,53,28,False,0.6526037454605103,,,,,,
4458,51,34,False,0.5365931391716003,,,,,,
4459,72,20,False,0.684933066368103,,,,,,
4463,21,19,False,0.8785071969032288,,,,,,
4464,32,37,False,0.5798840522766113,,,,,,
4467,44,17,False,0.9098947644233704,,,,,,
4470,52,24,False,0.9382367730140686,,,,,,
4477,48,15,False,0.95256108045578,,,,,,
4483,9,26,True,0.9476000666618347,9.0,17.0,True,False,3.5,13.5
4488,35,29,False,0.8749229311943054,,,,,,
4489,69,16,False,0.6132577657699585,,,,,,
4492,79,29,False,0.5334307551383972,,,,,,
4495,23,19,False,0.5120150446891785,,,,,,
4497,32,27,False,0.7090421319007874,,,,,,
4501,49,20,False,0.8013775944709778,,,,,,
4504,45,30,False,0.7192069292068481,,,,,,
4505,41,28,False,0.6974843144416809,,,,,,
4506,38,27,False,0.9467982649803162,,,,,,
4509,41,23,False,0.8635624051094055,,,,,,
4518,57,40,False,0.5067612528800964,,,,,,
4519,36,15,False,0.6798577308654785,,,,,,
4522,67,27,False,0.6984655857086182,,,,,,
4524,53,29,False,0.6039820909500122,,,,,,
4529,17,21,False,0.9489719867706299,,,,,,
4530,40,30,False,0.7920741438865662,,,,,,
4533,43,32,False,0.6685401797294617,,,,,,
4534,54,76,False,0.5765985250473022,,,,,,
4535,34,26,True,0.9598169326782227,32.0,40.0,True,False,1.5,9.5
4537,39,34,False,0.8657369017601013,,,,,,
4538,28,34,False,0.5028839111328125,,,,,,
4540,43,29,False,0.6428356766700745,,,,,,
4542,49,27,False,0.7880458235740662,,,,,,
4543,29,26,False,0.8553911447525024,,,,,,
4546,44,26,False,0.6297451853752136,,,,,,
4550,45,25,False,0.757799506187439,,,,,,
4552,58,26,False,0.5628868937492371,,,,,,
4554,34,27,False,0.7583129405975342,,,,,,
4555,54,22,False,0.6167191863059998,,,,,,
4556,43,25,True,0.9684939980506897,42.0,50.0,True,False,2.5,20.5
4557,37,30,False,0.5256851315498352,,,,,,
4558,47,23,False,0.887578010559082,,,,,,
4562,54,30,False,0.8335367441177368,,,,,,
4563,46,27,False,0.5971813201904297,,,,,,
4565,26,23,False,0.880237340927124,,,,,,
4569,35,28,False,0.8682526350021362,,,,,,
4571,53,49,True,0.8142069578170776,41.0,49.0,False,True,8.5,4.5
4573,51,16,False,0.7263476252555847,,,,,,
4575,63,89,False,0.9692398309707642,,,,,,
4576,42,19,False,0.7262440323829651,,,,,,
4577,40,24,False,0.7679884433746338,,,,,,
4581,38,30,False,0.7365249395370483,,,,,,
4583,26,22,False,0.9835831522941589,,,,,,
4585,59,24,False,0.7572724223136902,,,,,,
4587,60,22,False,0.9219178557395935,,,,,,
4589,42,32,False,0.7273692488670349,,,,,,
4594,45,33,True,0.9029232859611511,45.0,53.0,True,False,3.5,15.5
4595,45,33,False,0.7140724062919617,,,,,,
4596,98,16,False,0.9068648815155029,,,,,,
4599,20,29,False,0.93929523229599,,,,,,
4600,48,26,False,0.9238516688346863,,,,,,
4605,44,24,False,0.8505240082740784,,,,,,
4606,44,16,False,0.8746280074119568,,,,,,
4607,43,11,False,0.9057300090789795,,,,,,
4608,42,31,False,0.5684257745742798,,,,,,
4610,56,45,False,0.5455958247184753,,,,,,
4612,59,31,True,0.9250728487968445,58.0,66.0,True,False,2.5,30.5
4619,41,25,False,0.8897706270217896,,,,,,
4620,48,47,False,0.5597350597381592,,,,,,
4621,52,5,False,0.8914680480957031,,,,,,
4623,47,29,False,0.6768160462379456,,,,,,
4624,42,19,False,0.9080617427825928,,,,,,
4626,49,37,False,0.5603971481323242,,,,,,
4630,23,100,False,0.9831175804138184,,,,,,
4632,56,26,False,0.8938795328140259,,,,,,
4633,44,30,False,0.9244024157524109,,,,,,
4635,93,27,False,0.8982143402099609,,,,,,
4636,49,31,False,0.5419030785560608,,,,,,
4639,79,37,False,0.7474059462547302,,,,,,
4640,37,28,False,0.8171724677085876,,,,,,
4641,48,24,False,0.9345320463180542,,,,,,
4643,62,32,False,0.7150475978851318,,,,,,
4645,62,26,True,0.9275354146957397,60.0,68.0,True,False,1.5,37.5
4646,46,32,False,0.9035574793815613,,,,,,
4649,46,20,False,0.9887652397155762,,,,,,
4650,51,16,False,0.9123048186302185,,,,,,
4653,50,37,False,0.8580193519592285,,,,,,
4659,25,29,False,0.7618860602378845,,,,,,
4664,46,29,False,0.6386940479278564,,,,,,
4665,49,27,False,0.6904345154762268,,,,,,
4667,41,27,False,0.8395655155181885,,,,,,
4668,47,25,False,0.7736923694610596,,,,,,
4673,41,32,False,0.9029953479766846,,,,,,
4679,49,13,False,0.5082136988639832,,,,,,
4682,41,33,False,0.7578744888305664,,,,,,
4683,45,23,False,0.7726166248321533,,,,,,
4695,83,28,False,0.823635458946228,,,,,,
4698,47,24,False,0.862247884273529,,,,,,
4699,31,15,False,0.7927002310752869,,,,,,
4701,42,30,False,0.7065379023551941,,,,,,
4702,92,16,False,0.7528387904167175,,,,,,
4703,49,40,False,0.5529376864433289,,,,,,
4707,66,24,False,0.6329195499420166,,,,,,
4710,70,19,False,0.6190710067749023,,,,,,
4716,37,28,False,0.7841227054595947,,,,,,
4720,44,26,False,0.5965672731399536,,,,,,
4721,72,23,False,0.7623021006584167,,,,,,
4722,45,33,True,0.8728513717651367,87.0,95.0,False,False,45.5,57.5
4723,34,100,False,0.9029442071914673,,,,,,
4724,25,25,False,0.9882078766822815,,,,,,
4726,40,29,False,0.8708533644676208,,,,,,
4729,43,38,False,0.7587106227874756,,,,,,
4732,47,29,False,0.6714838147163391,,,,,,
4736,46,24,False,0.8490096926689148,,,,,,
4739,44,27,False,0.6950947642326355,,,,,,
4740,99,21,False,0.7740538120269775,,,,,,
4745,89,3,False,0.6310778856277466,,,,,,
4748,48,20,False,0.8990007042884827,,,,,,
4752,52,29,False,0.9599924683570862,,,,,,
4753,82,25,False,0.6613378524780273,,,,,,
4758,50,31,False,0.6169630885124207,,,,,,
4764,21,26,False,0.9695461988449097,,,,,,
4766,39,19,False,0.9428830742835999,,,,,,
4768,65,24,False,0.7186270952224731,,,,,,
4769,45,28,False,0.9348836541175842,,,,,,
4773,13,22,False,0.9140996932983398,,,,,,
4780,32,29,False,0.971738874912262,,,,,,
4781,45,19,False,0.8497357964515686,,,,,,
4782,55,27,False,0.9043149352073669,,,,,,
4785,27,27,False,0.8138949275016785,,,,,,
4786,46,31,False,0.9032540321350098,,,,,,
4787,23,26,False,0.9216569066047668,,,,,,
4788,96,100,False,0.6916316151618958,,,,,,
4792,49,28,False,0.9791517853736877,,,,,,
4793,72,12,False,0.7271122336387634,,,,,,
4794,57,19,False,0.8698492646217346,,,,,,
4797,23,37,False,0.7411368489265442,,,,,,
4803,44,37,False,0.7206240892410278,,,,,,
4804,55,26,False,0.8915677070617676,,,,,,
4806,22,32,False,0.7694835662841797,,,,,,
4808,45,29,False,0.7302980422973633,,,,,,
4809,41,46,False,0.539406955242157,,,,,,
4812,44,27,False,0.8561552166938782,,,,,,
4814,74,23,True,0.9383174777030945,66.0,74.0,True,False,4.5,46.5
4819,45,32,False,0.7234394550323486,,,,,,
4822,30,15,False,0.9309770464897156,,,,,,
4823,67,28,False,0.7259761095046997,,,,,,
4826,75,28,False,0.5582452416419983,,,,,,
4829,41,30,False,0.6671127676963806,,,,,,
4841,32,27,False,0.5176785588264465,,,,,,
4843,47,35,False,0.7384175658226013,,,,,,
4849,49,29,False,0.6008527278900146,,,,,,
4852,43,30,False,0.7167342901229858,,,,,,
4853,79,23,False,0.6542543172836304,,,,,,
4854,35,46,True,0.8313256502151489,33.0,41.0,True,False,1.5,9.5
4858,43,18,False,0.5821921825408936,,,,,,
4859,29,29,True,0.8742204904556274,28.0,36.0,True,True,2.5,2.5
4860,47,32,False,0.692173957824707,,,,,,
4862,51,34,False,0.6442117691040039,,,,,,
4863,29,28,False,0.9305320978164673,,,,,,
4865,25,18,False,0.9844092726707458,,,,,,
4866,48,15,False,0.9483053088188171,,,,,,
4867,55,27,False,0.6903160810470581,,,,,,
4869,46,29,False,0.6664716005325317,,,,,,
4870,32,23,False,0.9678024649620056,,,,,,
4873,38,41,False,0.777799665927887,,,,,,
4877,20,25,True,0.9876154661178589,75.0,83.0,False,False,58.5,53.5
4878,39,24,False,0.7734377980232239,,,,,,
4879,43,30,False,0.9297921657562256,,,,,,
4881,47,18,False,0.9533408284187317,,,,,,
4883,25,26,True,0.9053969979286194,25.0,33.0,True,True,3.5,2.5
4886,40,22,False,0.9315698742866516,,,,,,
4889,48,17,False,0.9363957643508911,,,,,,
4890,49,21,False,0.8770836591720581,,,,,,
4891,52,25,False,0.7364673018455505,,,,,,
4892,25,18,False,0.6586810350418091,,,,,,
4893,55,29,True,0.963702380657196,54.0,62.0,True,False,2.5,28.5
4896,21,22,False,0.795084536075592,,,,,,
4899,93,39,False,0.584115743637085,,,,,,
4901,32,33,False,0.759033203125,,,,,,
4902,44,27,False,0.759757936000824,,,,,,
4905,43,29,False,0.6645972728729248,,,,,,
4909,66,15,False,0.6715142726898193,,,,,,
4910,40,33,False,0.8301176428794861,,,,,,
4911,20,21,False,0.9527595043182373,,,,,,
4912,34,31,False,0.5451393723487854,,,,,,
4913,52,27,False,0.561358630657196,,,,,,
4916,48,22,False,0.8972879648208618,,,,,,
4921,24,21,False,0.9138824343681335,,,,,,
4925,26,26,True,0.9258425235748291,24.0,32.0,True,True,1.5,1.5
4927,56,29,False,0.8129008412361145,,,,,,
4934,81,29,False,0.8335856199264526,,,,,,
4940,61,28,False,0.6352448463439941,,,,,,
4941,45,26,False,0.7875103950500488,,,,,,
4946,40,20,False,0.642582893371582,,,,,,
4948,55,40,False,0.5086950063705444,,,,,,
4952,58,28,False,0.5998462438583374,,,,,,
4957,19,23,False,0.9248384237289429,,,,,,
4960,45,29,False,0.7813131809234619,,,,,,
4965,47,29,False,0.8513607382774353,,,,,,
4967,40,18,False,0.9757750034332275,,,,,,
4968,44,24,False,0.797931969165802,,,,,,
4973,24,21,False,0.9910774230957031,,,,,,
4974,48,3,False,0.7353609800338745,,,,,,
4975,46,12,False,0.7609170079231262,,,,,,
4981,53,33,False,0.7000138759613037,,,,,,
4983,44,29,False,0.6284061670303345,,,,,,
4984,47,30,True,0.9192661643028259,61.0,69.0,False,False,17.5,34.5
4986,86,17,False,0.7253150939941406,,,,,,
4987,34,29,False,0.9231049418449402,,,,,,
4988,21,33,False,0.7535364627838135,,,,,,
4991,14,24,False,0.9643107056617737,,,,,,
4992,33,28,False,0.9871446490287781,,,,,,
4997,67,22,True,0.8253854513168335,65.0,73.0,True,False,1.5,46.5
4998,45,23,False,0.713047981262207,,,,,,
5000,49,87,False,0.5690748691558838,,,,,,
5008,59,28,False,0.8579919338226318,,,,,,
5009,59,35,True,0.9304460883140564,58.0,66.0,True,False,2.5,26.5
5010,23,24,False,0.8100417852401733,,,,,,
5014,49,31,True,0.9418312311172485,48.0,56.0,True,False,2.5,20.5
5016,73,4,False,0.8464604020118713,,,,,,
5017,86,13,False,0.9220795035362244,,,,,,
5018,43,26,False,0.9359960556030273,,,,,,
5026,62,29,False,0.8842931389808655,,,,,,
5028,39,26,False,0.9736459255218506,,,,,,
5030,24,22,False,0.970741331577301,,,,,,
5031,49,26,False,0.5797414779663086,,,,,,
5032,18,22,False,0.8707293272018433,,,,,,
5035,41,24,False,0.9736819863319397,,,,,,
5037,35,24,False,0.911690354347229,,,,,,
5041,42,29,False,0.8840849995613098,,,,,,
5045,43,22,False,0.7606286406517029,,,,,,
5048,49,24,False,0.6685056686401367,,,,,,
5050,34,33,False,0.6473698616027832,,,,,,
5051,57,19,False,0.6207950115203857,,,,,,
5052,62,28,False,0.6160908341407776,,,,,,
5059,34,26,False,0.8564466238021851,,,,,,
5067,47,29,False,0.8115004897117615,,,,,,
5069,27,31,False,0.5670307278633118,,,,,,
5070,39,20,False,0.6908688545227051,,,,,,
5071,41,27,False,0.7811761498451233,,,,,,
5072,65,93,False,0.9288404583930969,,,,,,
5075,40,26,False,0.5225010514259338,,,,,,
5079,56,34,True,0.7727336287498474,55.0,63.0,True,False,2.5,24.5
5082,19,30,False,0.6743190288543701,,,,,,
5084,61,15,False,0.9272336959838867,,,,,,
5085,40,28,False,0.5723845958709717,,,,,,
5086,34,30,False,0.9748495817184448,,,,,,
5088,43,28,False,0.7010547518730164,,,,,,
5091,14,20,True,0.9423689842224121,12.0,20.0,True,True,1.5,4.5
5094,40,24,False,0.991060197353363,,,,,,
5095,41,18,False,0.8072279095649719,,,,,,
5096,56,0,False,0.8194903135299683,,,,,,
5099,45,13,False,0.7423965930938721,,,,,,
5107,36,30,False,0.840645968914032,,,,,,
5108,42,23,False,0.9326463937759399,,,,,,
5111,43,27,False,0.7385214567184448,,,,,,
5119,42,32,False,0.5674824714660645,,,,,,
5121,24,21,False,0.9032707810401917,,,,,,
5125,49,28,False,0.6349996328353882,,,,,,
5126,19,31,False,0.8439748883247375,,,,,,
5127,22,38,False,0.8133940696716309,,,,,,
5129,47,29,False,0.6928208470344543,,,,,,
5132,44,30,False,0.8438050746917725,,,,,,
5134,16,12,False,0.8872068524360657,,,,,,
5136,70,25,False,0.5190280675888062,,,,,,
5138,53,23,True,0.8376544713973999,52.0,60.0,True,False,2.5,32.5
5140,19,31,False,0.9637641310691833,,,,,,
5142,42,43,False,0.8736034631729126,,,,,,
5145,54,28,False,0.7575169205665588,,,,,,
5146,55,25,False,0.9098394513130188,,,,,,
5147,43,25,False,0.6142129898071289,,,,,,
5149,52,15,False,0.6799226403236389,,,,,,
5150,21,17,False,0.9097487926483154,,,,,,
5152,39,34,True,0.9373350739479065,38.0,46.0,True,False,2.5,7.5
5153,52,23,False,0.8809456825256348,,,,,,
5158,29,26,False,0.9669209718704224,,,,,,
5161,61,25,False,0.5705517530441284,,,,,,
5162,63,38,False,0.5522316098213196,,,,,,
5163,43,29,False,0.6580184102058411,,,,,,
5168,48,97,False,0.6789698004722595,,,,,,
5170,31,33,False,0.9520085453987122,,,,,,
5173,40,25,False,0.7682102918624878,,,,,,
5174,43,21,False,0.9222966432571411,,,,,,
5178,35,24,False,0.8567798137664795,,,,,,
5181,59,20,False,0.7358701229095459,,,,,,
5183,55,27,False,0.976780354976654,,,,,,
5185,81,23,False,0.7876103520393372,,,,,,
5187,44,17,False,0.7084104418754578,,,,,,
5188,37,21,False,0.771202564239502,,,,,,
5189,41,28,False,0.8115742206573486,,,,,,
5199,22,18,False,0.7431129813194275,,,,,,
5203,39,50,False,0.7703598737716675,,,,,,
5204,36,25,False,0.983030378818512,,,,,,
5205,41,25,False,0.7806520462036133,,,,,,
5207,50,30,False,0.8987035155296326,,,,,,
5210,45,28,False,0.9323614835739136,,,,,,
5211,30,26,False,0.8652374148368835,,,,,,
5213,37,27,False,0.9742366075515747,,,,,,
5214,80,32,False,0.9205894470214844,,,,,,
5215,51,12,False,0.5743553042411804,,,,,,
5217,22,17,False,0.9124014377593994,,,,,,
5218,42,30,False,0.5346096158027649,,,,,,
5219,45,28,False,0.7001487612724304,,,,,,
5221,40,27,False,0.9640814661979675,,,,,,
5222,55,31,False,0.7650241851806641,,,,,,
5223,41,32,False,0.7829760909080505,,,,,,
5228,29,29,True,0.9343385100364685,27.0,35.0,True,True,1.5,1.5
5229,31,8,False,0.9463290572166443,,,,,,
5233,40,25,False,0.9927954077720642,,,,,,
5237,18,14,False,0.9321954846382141,,,,,,
5239,31,32,False,0.5814975500106812,,,,,,
5245,48,12,True,0.9577473402023315,47.0,55.0,True,False,2.5,38.5
5246,48,31,False,0.9164751768112183,,,,,,
5247,38,27,False,0.8234953880310059,,,,,,
5252,48,33,False,0.7738789319992065,,,,,,
5253,51,99,False,0.7966032028198242,,,,,,
5256,45,29,False,0.801014244556427,,,,,,
5259,45,24,False,0.6302787661552429,,,,,,
5261,45,24,False,0.677047073841095,,,,,,
5268,57,26,False,0.9670978784561157,,,,,,
5270,52,28,False,0.5224812626838684,,,,,,
5276,38,22,False,0.6157683730125427,,,,,,
5280,64,22,True,0.937490701675415,24.0,32.0,False,True,36.5,5.5
5284,33,28,False,0.9438566565513611,,,,,,
5296,58,23,False,0.7928926348686218,,,,,,
5300,53,19,False,0.6445414423942566,,,,,,
5302,37,38,True,0.7041254043579102,36.0,44.0,True,True,2.5,1.5
5305,32,100,False,0.8976657390594482,,,,,,
5312,57,34,False,0.6521387696266174,,,,,,
5314,55,26,False,0.5402560234069824,,,,,,
5315,85,23,False,0.7202996015548706,,,,,,
5318,33,26,False,0.8732417225837708,,,,,,
5319,37,28,False,0.637697696685791,,,,,,
5327,75,19,False,0.5894513130187988,,,,,,
5330,46,32,False,0.65018230676651,,,,,,
5335,39,33,False,0.6160709261894226,,,,,,
5336,42,27,False,0.539725124835968,,,,,,
5337,47,27,False,0.9239663481712341,,,,,,
5344,48,32,False,0.9473831653594971,,,,,,
5345,51,22,False,0.9194349050521851,,,,,,
5348,32,32,False,0.7675690054893494,,,,,,
5350,53,26,False,0.7237359881401062,,,,,,
5351,51,37,False,0.870206892490387,,,,,,
5352,43,28,False,0.6730596423149109,,,,,,
5353,83,24,False,0.5690858364105225,,,,,,
5354,72,28,False,0.7391943335533142,,,,,,
5356,53,27,False,0.6337437629699707,,,,,,
5358,46,33,False,0.848923921585083,,,,,,
5360,29,22,False,0.9693695306777954,,,,,,
5362,40,40,False,0.689203143119812,,,,,,
5364,20,25,False,0.9611983895301819,,,,,,
5365,49,24,False,0.5915452837944031,,,,,,
5366,51,32,False,0.6042351722717285,,,,,,
5367,21,27,False,0.8826707601547241,,,,,,
5369,56,33,False,0.5045008659362793,,,,,,
5372,69,16,False,0.7664455771446228,,,,,,
5374,50,29,False,0.8283168077468872,,,,,,
5376,49,27,True,0.9703655242919922,48.0,56.0,True,False,2.5,24.5
5380,48,35,False,0.6853922009468079,,,,,,
5385,65,25,False,0.544491708278656,,,,,,
5389,46,33,False,0.9115161895751953,,,,,,
5394,43,17,False,0.9722946286201477,,,,,,
5397,63,32,False,0.8087465763092041,,,,,,
5401,30,18,False,0.9606274366378784,,,,,,
5402,40,25,False,0.6645649075508118,,,,,,
5403,31,20,False,0.9924019575119019,,,,,,
5404,96,30,False,0.8152763247489929,,,,,,
5405,47,10,False,0.6194341778755188,,,,,,
5406,50,47,False,0.8967583179473877,,,,,,
5408,66,14,False,0.7698771357536316,,,,,,
5409,52,32,False,0.8205853700637817,,,,,,
5411,62,24,False,0.6537371873855591,,,,,,
5412,43,24,False,0.9777677655220032,,,,,,
5413,42,32,False,0.7754837870597839,,,,,,
5414,15,24,False,0.9917250871658325,,,,,,
5418,47,23,False,0.5082269310951233,,,,,,
5421,23,22,False,0.7130780816078186,,,,,,
5422,50,28,False,0.527228593826294,,,,,,
5424,16,25,False,0.6297304630279541,,,,,,
5425,79,30,False,0.8486579656600952,,,,,,
5426,40,26,False,0.9845536947250366,,,,,,
5427,20,21,False,0.8983947038650513,,,,,,
5429,51,3,False,0.8087358474731445,,,,,,
5436,28,25,False,0.9230782389640808,,,,,,
5439,50,18,False,0.8145328164100647,,,,,,
5442,45,34,False,0.7620776891708374,,,,,,
5443,51,28,False,0.7852476835250854,,,,,,
5447,27,24,False,0.8885596394538879,,,,,,
5448,68,38,False,0.5954431891441345,,,,,,
5451,56,32,False,0.5310488343238831,,,,,,
5453,44,21,False,0.7801831960678101,,,,,,
5460,42,28,False,0.9015642404556274,,,,,,
5461,80,21,False,0.8426200747489929,,,,,,
5464,49,19,False,0.7622119784355164,,,,,,
5471,37,26,False,0.8557029962539673,,,,,,
5472,51,27,False,0.9510370492935181,,,,,,
5473,42,32,False,0.5743223428726196,,,,,,
5475,44,33,False,0.6312655806541443,,,,,,
5477,53,27,False,0.7676864266395569,,,,,,
5479,50,32,False,0.8974500894546509,,,,,,
5480,61,16,False,0.8053467273712158,,,,,,
5482,38,22,False,0.9905543923377991,,,,,,
5490,46,26,False,0.7375092506408691,,,,,,
5491,34,22,False,0.9933138489723206,,,,,,
5495,40,34,False,0.9592177867889404,,,,,,
5496,22,31,False,0.7747517228126526,,,,,,
5497,50,23,False,0.9249314069747925,,,,,,
5498,78,17,False,0.710141658782959,,,,,,
5500,38,12,False,0.8457867503166199,,,,,,
5501,54,29,False,0.967203676700592,,,,,,
5502,92,24,False,0.7282665967941284,,,,,,
5508,45,29,False,0.5608749985694885,,,,,,
5509,48,27,False,0.6982123255729675,,,,,,
5511,59,36,False,0.611408531665802,,,,,,
5512,9,25,False,0.9850324392318726,,,,,,
5513,23,31,False,0.7216734290122986,,,,,,
5517,65,29,True,0.6968111395835876,64.0,72.0,True,False,2.5,38.5
5519,42,33,False,0.5691621899604797,,,,,,
5520,44,29,False,0.9613606333732605,,,,,,
5525,97,24,False,0.8289396166801453,,,,,,
5526,66,27,False,0.9476364850997925,,,,,,
5528,35,23,False,0.9764385223388672,,,,,,
5530,43,29,False,0.7437819838523865,,,,,,
5533,16,28,False,0.9631091952323914,,,,,,
5534,37,29,False,0.6542512774467468,,,,,,
5538,61,26,False,0.902104377746582,,,,,,
5539,33,25,False,0.7772994041442871,,,,,,
5540,39,29,False,0.5722835659980774,,,,,,
5541,86,28,False,0.5614268779754639,,,,,,
5544,54,17,False,0.9001954197883606,,,,,,
5546,48,23,False,0.7932535409927368,,,,,,
5547,48,18,False,0.516382098197937,,,,,,
5548,38,25,True,0.8310570120811462,70.0,78.0,False,False,35.5,48.5
5549,100,24,False,0.5023666024208069,,,,,,
5550,54,24,False,0.8147399425506592,,,,,,
5551,48,48,False,0.629728376865387,,,,,,
5552,34,24,False,0.6515172123908997,,,,,,
5553,49,25,False,0.5449085831642151,,,,,,
5554,39,26,False,0.9622884392738342,,,,,,
5558,40,2,False,0.8438273072242737,,,,,,
5559,44,25,False,0.7879379987716675,,,,,,
5564,33,23,False,0.9279959201812744,,,,,,
5574,29,26,False,0.8779175281524658,,,,,,
5578,40,33,False,0.7197906970977783,,,,,,
5579,26,28,False,0.9780666828155518,,,,,,
5581,40,29,False,0.7970021963119507,,,,,,
5582,31,28,True,0.8792102932929993,30.0,38.0,True,True,2.5,5.5
5583,31,31,False,0.9195656776428223,,,,,,
5587,54,30,False,0.6096087098121643,,,,,,
5594,36,31,True,0.9686001539230347,35.0,43.0,True,False,2.5,7.5
5595,46,26,False,0.9143555760383606,,,,,,
5597,47,30,False,0.8569382429122925,,,,,,
5598,36,6,False,0.8530452251434326,,,,,,
5599,52,31,False,0.9885745644569397,,,,,,
5600,69,25,False,0.7364951968193054,,,,,,
5602,42,33,False,0.7521150708198547,,,,,,
5603,93,27,False,0.7982219457626343,,,,,,
5606,41,29,False,0.7866264581680298,,,,,,
5607,26,24,False,0.8151560425758362,,,,,,
5608,77,33,False,0.5336453318595886,,,,,,
5611,37,26,False,0.980471134185791,,,,,,
5621,48,32,False,0.8579522967338562,,,,,,
5622,93,23,False,0.6121418476104736,,,,,,
5623,28,24,False,0.8862079381942749,,,,,,
5627,40,21,False,0.6704117059707642,,,,,,
5628,35,29,False,0.7582764625549316,,,,,,
5633,70,29,False,0.5815446376800537,,,,,,
5639,22,20,False,0.7610170245170593,,,,,,
5642,34,23,False,0.8563823103904724,,,,,,
5645,30,22,False,0.6513257622718811,,,,,,
5649,43,22,False,0.7461927533149719,,,,,,
5653,39,35,False,0.887015163898468,,,,,,
5655,45,22,False,0.7821527123451233,,,,,,
5656,39,23,False,0.5761010050773621,,,,,,
5663,25,25,True,0.9698584079742432,25.0,33.0,True,True,3.5,3.5
5664,42,36,False,0.8659627437591553,,,,,,
5669,36,29,False,0.9380786418914795,,,,,,
5673,39,21,False,0.9366159439086914,,,,,,
5674,46,26,False,0.8067695498466492,,,,,,
5676,31,27,False,0.7616752982139587,,,,,,
5683,44,34,True,0.9444357752799988,43.0,51.0,True,False,2.5,12.5
5688,46,22,False,0.8719378709793091,,,,,,
5692,61,21,False,0.551730215549469,,,,,,
5693,42,27,False,0.8152737617492676,,,,,,
5695,60,24,True,0.9577943086624146,59.0,67.0,True,False,2.5,38.5
5700,45,19,False,0.8524327874183655,,,,,,
5701,21,19,False,0.821744441986084,,,,,,
5702,67,23,False,0.7456557154655457,,,,,,
5704,61,28,False,0.5929419994354248,,,,,,
5706,34,24,False,0.9805948138237,,,,,,
5707,52,25,False,0.802102267742157,,,,,,
5710,49,29,False,0.718220591545105,,,,,,
5714,45,31,False,0.585602343082428,,,,,,
5718,32,29,False,0.8230857849121094,,,,,,
5722,63,28,False,0.5099864602088928,,,,,,
5726,33,30,False,0.6091110706329346,,,,,,
5729,14,29,False,0.6274606585502625,,,,,,
5733,40,29,False,0.9163932800292969,,,,,,
5738,57,46,False,0.8226845860481262,,,,,,
5739,43,15,False,0.734874963760376,,,,,,
5740,30,29,False,0.708125114440918,,,,,,
5741,25,21,False,0.9783061146736145,,,,,,
5751,38,26,False,0.9839233756065369,,,,,,
5752,39,28,False,0.8240967988967896,,,,,,
5753,43,33,True,0.7071029543876648,12.0,20.0,False,False,27.5,17.5
5754,55,40,False,0.6477046012878418,,,,,,
5755,43,32,True,0.8871861100196838,23.0,31.0,False,True,16.5,5.5
5757,48,20,False,0.9543766379356384,,,,,,
5758,37,38,False,0.8486708998680115,,,,,,
5762,49,25,False,0.7537388801574707,,,,,,
5764,80,36,False,0.5894514918327332,,,,,,
5766,49,24,False,0.8776617050170898,,,,,,
5769,47,4,False,0.6099358797073364,,,,,,
5771,47,14,False,0.5669286251068115,,,,,,
5772,41,36,False,0.5192561745643616,,,,,,
5775,46,27,False,0.9269731044769287,,,,,,
5782,62,43,False,0.5233457088470459,,,,,,
5786,35,24,False,0.6153926849365234,,,,,,
5789,20,19,False,0.8592828512191772,,,,,,
5791,50,27,False,0.538158655166626,,,,,,
5793,51,16,False,0.896170437335968,,,,,,
5794,81,28,False,0.956613302230835,,,,,,
5796,40,29,False,0.954963743686676,,,,,,
5797,61,25,False,0.8547261357307434,,,,,,
5801,47,26,False,0.5544704794883728,,,,,,
5802,47,12,False,0.7404252886772156,,,,,,
5804,44,27,True,0.9364429116249084,43.0,51.0,True,False,2.5,19.5
5809,42,31,False,0.8474026918411255,,,,,,
5815,67,40,False,0.5292061567306519,,,,,,
5816,38,30,False,0.5235784649848938,,,,,,
5819,39,22,False,0.8259519934654236,,,,,,
5822,55,13,True,0.9349936842918396,54.0,62.0,True,False,2.5,44.5
5824,50,32,False,0.6276808381080627,,,,,,
5825,63,30,False,0.6894428730010986,,,,,,
5829,59,29,True,0.626616358757019,12.0,20.0,False,False,43.5,13.5
5831,45,28,False,0.5499666333198547,,,,,,
5835,47,0,False,0.6134753823280334,,,,,,
5842,20,26,False,0.7002881765365601,,,,,,
5843,40,14,False,0.6733605265617371,,,,,,
5844,51,24,False,0.5342462658882141,,,,,,
5847,57,14,False,0.8570782542228699,,,,,,
5850,34,23,False,0.9384486079216003,,,,,,
5851,53,21,False,0.7399846911430359,,,,,,
5854,33,24,True,0.9952651262283325,32.0,40.0,True,False,2.5,11.5
5858,46,13,False,0.918520987033844,,,,,,
5860,27,100,False,0.8206287026405334,,,,,,
5861,58,33,False,0.9339000582695007,,,,,,
5863,17,15,False,0.9475224614143372,,,,,,
5864,37,26,False,0.7707661390304565,,,,,,
5865,35,28,False,0.9383776187896729,,,,,,
5870,47,9,False,0.5999024510383606,,,,,,
5875,46,28,False,0.9169727563858032,,,,,,
5876,42,23,False,0.7203680276870728,,,,,,
5878,41,30,False,0.5084649324417114,,,,,,
5879,29,27,False,0.8872629404067993,,,,,,
5880,44,100,False,0.7679587006568909,,,,,,
5881,36,25,False,0.5819758176803589,,,,,,
5883,47,32,False,0.878211498260498,,,,,,
5887,65,26,False,0.5960147380828857,,,,,,
5888,43,20,False,0.5328656435012817,,,,,,
5891,36,30,False,0.7790535092353821,,,,,,
5895,39,24,False,0.8218562602996826,,,,,,
5901,33,27,False,0.7915961742401123,,,,,,
5905,46,26,False,0.6409444808959961,,,,,,
5906,50,26,False,0.7093615531921387,,,,,,
5907,27,31,False,0.8510839939117432,,,,,,
5909,100,23,False,0.7704805135726929,,,,,,
5910,56,25,False,0.7170352339744568,,,,,,
5912,74,19,False,0.6356501579284668,,,,,,
5920,37,14,False,0.6870883703231812,,,,,,
5921,54,10,False,0.8343638181686401,,,,,,
5931,59,30,False,0.6369754672050476,,,,,,
5932,56,24,False,0.8661609888076782,,,,,,
5934,35,34,False,0.708694577217102,,,,,,
5936,42,9,False,0.8929488658905029,,,,,,
5939,47,29,False,0.981376588344574,,,,,,
5940,35,31,False,0.5395752191543579,,,,,,
5943,47,31,False,0.7195050120353699,,,,,,
5945,22,30,False,0.6295173764228821,,,,,,
5949,43,37,False,0.6256690621376038,,,,,,
5951,48,23,False,0.7435358762741089,,,,,,
5952,35,32,False,0.9492919445037842,,,,,,
5953,42,15,False,0.863187313079834,,,,,,
5955,11,16,False,0.8135541677474976,,,,,,
5960,27,24,False,0.9608866572380066,,,,,,
5962,84,30,False,0.7736034989356995,,,,,,
5964,23,21,False,0.8949146866798401,,,,,,
5967,41,36,False,0.7630066871643066,,,,,,
5973,44,25,False,0.9583709239959717,,,,,,
5974,39,28,False,0.8260287046432495,,,,,,
5975,51,23,False,0.5463781356811523,,,,,,
5977,51,30,False,0.7992177605628967,,,,,,
5982,38,31,False,0.8677384257316589,,,,,,
5985,35,28,False,0.9452473521232605,,,,,,
5988,21,17,False,0.9338172078132629,,,,,,
5990,44,18,False,0.9545904994010925,,,,,,
5992,41,28,False,0.9585440158843994,,,,,,
5993,64,21,False,0.563022255897522,,,,,,
5995,44,17,False,0.8562825322151184,,,,,,
5998,33,29,False,0.581754744052887,,,,,,
5999,40,35,False,0.5216147899627686,,,,,,
6005,63,32,False,0.737593948841095,,,,,,
6006,75,26,False,0.9720041751861572,,,,,,
6008,37,28,False,0.8692537546157837,,,,,,
6009,39,26,False,0.6875153183937073,,,,,,
6012,41,30,False,0.6972967982292175,,,,,,
6014,47,27,False,0.7398977875709534,,,,,,
6017,43,27,False,0.8731638193130493,,,,,,
6018,33,21,False,0.9347947835922241,,,,,,
6019,48,22,False,0.8294860124588013,,,,,,
6022,43,19,False,0.8926569223403931,,,,,,
6025,35,26,False,0.9181210994720459,,,,,,
6026,48,29,False,0.654413104057312,,,,,,
6027,42,23,False,0.7870165705680847,,,,,,
6029,45,33,False,0.8224002122879028,,,,,,
6030,21,23,False,0.9038147926330566,,,,,,
6041,34,18,False,0.9238459467887878,,,,,,
6043,40,23,False,0.9948010444641113,,,,,,
6045,49,16,False,0.8835411071777344,,,,,,
6046,61,18,False,0.8339754343032837,,,,,,
6047,42,17,False,0.7059054374694824,,,,,,
6048,29,31,False,0.8933883309364319,,,,,,
6050,60,30,False,0.8978827595710754,,,,,,
6052,22,19,False,0.9380979537963867,,,,,,
6055,36,26,False,0.9769559502601624,,,,,,
6058,56,17,False,0.5670637488365173,,,,,,
6062,68,29,True,0.9720994830131531,65.0,73.0,True,False,0.5,39.5
6065,70,22,False,0.8164750337600708,,,,,,
6066,48,26,False,0.6268093585968018,,,,,,
6067,42,26,False,0.8513396382331848,,,,,,
6068,32,30,False,0.6722465753555298,,,,,,
6072,46,25,False,0.7302715182304382,,,,,,
6074,39,28,False,0.8861293196678162,,,,,,
6075,47,27,False,0.7693790197372437,,,,,,
6077,42,39,False,0.5467153787612915,,,,,,
6078,42,27,False,0.9307219386100769,,,,,,
6080,66,27,False,0.6058695912361145,,,,,,
6083,49,24,False,0.8288114070892334,,,,,,
6085,73,21,False,0.7941062450408936,,,,,,
6087,49,17,False,0.7030937075614929,,,,,,
6088,54,29,False,0.6524351239204407,,,,,,
6089,62,94,False,0.8978915214538574,,,,,,
6090,44,31,False,0.7311113476753235,,,,,,
6095,71,12,False,0.8583763241767883,,,,,,
6096,18,15,False,0.6731188297271729,,,,,,
6103,45,28,False,0.6604582071304321,,,,,,
6107,79,30,False,0.6260418891906738,,,,,,
6108,27,27,False,0.6850609183311462,,,,,,
6109,32,33,False,0.7965027689933777,,,,,,
6115,27,20,False,0.9303162097930908,,,,,,
6118,42,23,False,0.91881263256073,,,,,,
6119,40,23,False,0.8357564806938171,,,,,,
6121,32,22,False,0.7391653656959534,,,,,,
6124,29,25,True,0.8776217699050903,23.0,31.0,True,True,2.5,1.5
6126,54,29,False,0.5327163338661194,,,,,,
6128,39,31,False,0.6368988752365112,,,,,,
6133,42,22,False,0.8315350413322449,,,,,,
6135,50,28,False,0.6946732401847839,,,,,,
6137,52,28,False,0.8454375267028809,,,,,,
6140,50,27,False,0.6323599815368652,,,,,,
6141,35,29,False,0.7500490546226501,,,,,,
6143,43,29,False,0.765691876411438,,,,,,
6144,66,26,False,0.8685370683670044,,,,,,
6146,67,28,False,0.8257558941841125,,,,,,
6147,82,20,False,0.7493603229522705,,,,,,
6148,49,36,False,0.9270679950714111,,,,,,
6151,49,36,False,0.678295373916626,,,,,,
6156,49,18,False,0.9494478106498718,,,,,,
6158,29,27,False,0.9019783735275269,,,,,,
6164,26,26,False,0.9287283420562744,,,,,,
6166,48,28,False,0.9158204793930054,,,,,,
6168,29,27,False,0.6911672353744507,,,,,,
6172,44,26,False,0.612292468547821,,,,,,
6175,64,25,False,0.5214067101478577,,,,,,
6179,49,40,False,0.7664244174957275,,,,,,
6180,55,34,False,0.5482584834098816,,,,,,
6183,17,20,False,0.8895539045333862,,,,,,
6184,77,37,False,0.6571419835090637,,,,,,
6186,63,18,False,0.6723524928092957,,,,,,
6190,41,32,False,0.6333755254745483,,,,,,
6191,47,23,False,0.655661940574646,,,,,,
6192,47,33,False,0.6660282015800476,,,,,,
6197,45,31,False,0.7107815146446228,,,,,,
6198,40,25,False,0.8075165748596191,,,,,,
6199,26,22,False,0.8943294286727905,,,,,,
6201,27,23,True,0.989134669303894,25.0,33.0,True,True,1.5,5.5
6206,48,24,False,0.7525988221168518,,,,,,
6208,40,23,False,0.9194446206092834,,,,,,
6209,36,24,False,0.8758211731910706,,,,,,
6212,39,27,False,0.7453989386558533,,,,,,
6214,44,36,False,0.5157480239868164,,,,,,
6218,46,39,False,0.6093841791152954,,,,,,
6220,53,27,False,0.6152801513671875,,,,,,
6222,49,31,False,0.8982428312301636,,,,,,
6227,61,33,False,0.6557592153549194,,,,,,
6234,49,22,False,0.8833168745040894,,,,,,
6235,46,27,False,0.8967618346214294,,,,,,
6237,50,32,False,0.6221352815628052,,,,,,
6239,46,39,False,0.6879838705062866,,,,,,
6240,47,33,False,0.7509912252426147,,,,,,
6241,55,28,False,0.5877331495285034,,,,,,
6242,39,17,False,0.7959541082382202,,,,,,
6243,51,23,False,0.7835521101951599,,,,,,
6244,41,31,False,0.6006686091423035,,,,,,
6248,50,27,False,0.6377283930778503,,,,,,
6249,17,15,False,0.9043592810630798,,,,,,
6251,43,19,False,0.6560821533203125,,,,,,
6254,26,24,False,0.5669942498207092,,,,,,
6256,20,18,False,0.574712336063385,,,,,,
6259,37,25,False,0.5694892406463623,,,,,,
6260,44,30,False,0.5515772700309753,,,,,,
6261,48,19,False,0.6262397170066833,,,,,,
6263,51,42,False,0.5715004205703735,,,,,,
6264,97,0,False,0.6504219770431519,,,,,,
6266,60,26,False,0.8805031180381775,,,,,,
6267,85,23,False,0.8488021492958069,,,,,,
6269,34,26,False,0.7565516233444214,,,,,,
6270,51,28,False,0.5155089497566223,,,,,,
6271,52,27,False,0.8296276926994324,,,,,,
6272,44,38,False,0.6982212662696838,,,,,,
6273,48,29,False,0.6624228954315186,,,,,,
6274,23,21,False,0.8967164158821106,,,,,,
6279,43,20,False,0.7473627328872681,,,,,,
6284,21,30,False,0.846683144569397,,,,,,
6285,37,30,False,0.5764455199241638,,,,,,
6286,46,27,False,0.9094005227088928,,,,,,
6288,60,28,False,0.8518542051315308,,,,,,
6290,17,27,True,0.7528401613235474,17.0,25.0,True,False,3.5,6.5
6291,51,27,False,0.8704578876495361,,,,,,
6292,49,16,False,0.8961144685745239,,,,,,
6294,21,24,False,0.9011552333831787,,,,,,
6295,45,30,False,0.8784759640693665,,,,,,
6300,35,21,False,0.537990927696228,,,,,,
6301,35,91,False,0.7960891723632812,,,,,,
6304,48,27,False,0.8617503643035889,,,,,,
6305,51,13,False,0.5810428857803345,,,,,,
6306,53,31,False,0.5706510543823242,,,,,,
6307,45,10,False,0.8385021090507507,,,,,,
6308,24,22,False,0.8134283423423767,,,,,,
6309,34,28,False,0.8964625597000122,,,,,,
6310,62,29,False,0.8504619598388672,,,,,,
6311,38,26,False,0.6185906529426575,,,,,,
6312,40,27,False,0.9421533942222595,,,,,,
6313,44,31,False,0.6544287800788879,,,,,,
6315,25,24,False,0.6657369136810303,,,,,,
6319,49,27,False,0.5703524351119995,,,,,,
6326,34,25,False,0.9377550482749939,,,,,,
6327,56,24,False,0.5673171877861023,,,,,,
6328,46,23,False,0.6452544331550598,,,,,,
6329,38,23,False,0.9414622783660889,,,,,,
6333,25,19,False,0.9279203414916992,,,,,,
6334,50,28,False,0.7325944304466248,,,,,,
6336,97,23,False,0.8142814636230469,,,,,,
6337,45,21,False,0.8190890550613403,,,,,,
6338,46,23,False,0.9327391386032104,,,,,,
6342,42,24,False,0.5665704607963562,,,,,,
6347,26,22,False,0.9876825213432312,,,,,,
6348,51,11,False,0.6059889197349548,,,,,,
6349,45,22,False,0.8499364852905273,,,,,,
6351,42,29,False,0.805368959903717,,,,,,
6352,26,22,False,0.9404674768447876,,,,,,
6360,37,31,False,0.6679851412773132,,,,,,
6361,47,14,False,0.9486867785453796,,,,,,
6362,49,16,False,0.8259892463684082,,,,,,
6363,43,28,False,0.8113255500793457,,,,,,
6364,43,29,False,0.7984797358512878,,,,,,
6367,56,32,False,0.9093537926673889,,,,,,
6373,39,25,True,0.9850871562957764,37.0,45.0,True,False,1.5,15.5
6375,41,29,False,0.8857436776161194,,,,,,
6376,53,23,False,0.8245038986206055,,,,,,
6377,44,34,True,0.8653212785720825,9.0,17.0,False,False,31.5,21.5
6378,28,25,False,0.8375056385993958,,,,,,
6379,39,23,False,0.882619321346283,,,,,,
6383,95,28,False,0.8631280660629272,,,,,,
6394,50,96,False,0.7245766520500183,,,,,,
6395,11,27,False,0.8942788243293762,,,,,,
6403,47,25,False,0.8513198494911194,,,,,,
6407,48,22,False,0.5686245560646057,,,,,,
6413,38,27,False,0.917402982711792,,,,,,
6417,52,30,True,0.5677364468574524,20.0,28.0,False,False,28.5,6.5
6427,59,95,False,0.8759260773658752,,,,,,
6430,22,27,False,0.9127916097640991,,,,,,
6431,43,26,False,0.9424233436584473,,,,,,
6434,38,32,False,0.6236318945884705,,,,,,
6438,36,24,False,0.8216376304626465,,,,,,
6440,60,25,False,0.8471094369888306,,,,,,
6442,56,1,False,0.7696227431297302,,,,,,
6445,41,27,False,0.9527931213378906,,,,,,
6446,25,32,False,0.9086307287216187,,,,,,
6447,88,20,False,0.8063442707061768,,,,,,
6449,47,27,False,0.8331851363182068,,,,,,
6451,28,24,False,0.758080780506134,,,,,,
6459,45,19,False,0.8195067644119263,,,,,,
6460,32,28,True,0.9665067791938782,30.0,38.0,True,True,1.5,5.5
6463,41,27,False,0.6499682068824768,,,,,,
6468,24,22,False,0.9135792255401611,,,,,,
6470,23,23,False,0.8115275502204895,,,,,,
6473,23,21,False,0.9605350494384766,,,,,,
6474,29,26,True,0.9522053003311157,28.0,36.0,True,True,2.5,5.5
6480,35,33,True,0.9794536232948303,35.0,43.0,True,True,3.5,5.5
6489,57,27,False,0.8065226078033447,,,,,,
6491,31,30,False,0.8356702923774719,,,,,,
6493,88,22,False,0.6060553789138794,,,,,,
6495,40,24,False,0.9832187294960022,,,,,,
6499,40,25,False,0.9816692471504211,,,,,,
6500,31,25,True,0.7556766867637634,29.0,37.0,True,False,1.5,7.5
6506,39,32,False,0.7032178640365601,,,,,,
6509,39,28,True,0.9876254200935364,38.0,46.0,True,False,2.5,13.5
6511,38,13,True,0.9528120756149292,68.0,76.0,False,False,33.5,58.5
6514,39,25,False,0.9883307218551636,,,,,,
6519,40,24,False,0.5966005921363831,,,,,,
6520,43,0,False,0.6944710612297058,,,,,,
6523,76,28,False,0.7010290026664734,,,,,,
6525,48,28,True,0.7866964340209961,77.0,85.0,False,False,32.5,52.5
6526,30,29,False,0.6534702181816101,,,,,,
6527,44,30,False,0.6955262422561646,,,,,,
6528,41,31,False,0.728113055229187,,,,,,
6529,48,29,False,0.650257408618927,,,,,,
6531,64,16,False,0.6627087593078613,,,,,,
6533,24,24,False,0.8285548090934753,,,,,,
6534,73,29,False,0.8197650909423828,,,,,,
6544,65,18,False,0.6327887177467346,,,,,,
6545,44,28,False,0.5889059901237488,,,,,,
6546,33,6,False,0.9414520263671875,,,,,,
6549,51,28,False,0.7140107154846191,,,,,,
6550,38,25,False,0.8948140740394592,,,,,,
6556,38,31,False,0.7799277901649475,,,,,,
6563,43,24,False,0.9633192420005798,,,,,,
6564,36,26,False,0.9840011596679688,,,,,,
6566,24,28,False,0.7860646843910217,,,,,,
6567,44,27,False,0.6617820858955383,,,,,,
6568,58,29,False,0.7663449048995972,,,,,,
6569,42,32,False,0.5809736847877502,,,,,,
6576,46,32,False,0.5655865669250488,,,,,,
6578,40,23,False,0.7409428358078003,,,,,,
6579,47,25,False,0.5357283353805542,,,,,,
6580,41,28,False,0.7106142640113831,,,,,,
6582,42,21,False,0.598150908946991,,,,,,
6585,51,22,False,0.842241644859314,,,,,,
6586,29,29,False,0.6857627034187317,,,,,,
6587,42,24,False,0.823377251625061,,,,,,
6588,48,22,False,0.9315155744552612,,,,,,
6589,81,27,False,0.6721855401992798,,,,,,
6590,74,25,False,0.862292468547821,,,,,,
6592,44,35,False,0.5339983701705933,,,,,,
6595,44,25,False,0.8594877123832703,,,,,,
6601,28,25,False,0.9744841456413269,,,,,,
6605,42,25,False,0.9617448449134827,,,,,,
6606,32,31,False,0.531154453754425,,,,,,
6608,45,23,False,0.9821406602859497,,,,,,
6616,36,24,False,0.8447179198265076,,,,,,
6617,59,11,False,0.6773045659065247,,,,,,
6618,41,28,True,0.9418983459472656,40.0,48.0,True,False,2.5,15.5
6619,42,24,False,0.7040393352508545,,,,,,
6620,50,15,False,0.7610998153686523,,,,,,
6622,41,18,False,0.5286797285079956,,,,,,
6624,40,24,False,0.9555405974388123,,,,,,
6625,76,21,False,0.818415641784668,,,,,,
6629,40,13,False,0.5702306032180786,,,,,,
6630,41,26,False,0.7150619029998779,,,,,,
6635,38,30,False,0.9029392600059509,,,,,,
6636,43,18,False,0.7894092798233032,,,,,,
6638,33,31,False,0.7709160447120667,,,,,,
6640,48,24,False,0.9741641283035278,,,,,,
6641,49,25,False,0.9154103398323059,,,,,,
6643,29,21,False,0.8609457015991211,,,,,,
6644,52,30,False,0.798379123210907,,,,,,
6645,49,26,False,0.8994187712669373,,,,,,
6647,28,22,False,0.9213835000991821,,,,,,
6648,24,20,False,0.9839162230491638,,,,,,
6649,93,24,False,0.9130755066871643,,,,,,
6651,55,30,False,0.8943238854408264,,,,,,
6652,40,18,False,0.6657704710960388,,,,,,
6656,33,19,False,0.6993480920791626,,,,,,
6660,50,31,False,0.5518680810928345,,,,,,
6662,58,23,False,0.9370297789573669,,,,,,
6665,50,19,False,0.7201685905456543,,,,,,
6666,46,27,False,0.5060635805130005,,,,,,
6668,55,42,False,0.565997838973999,,,,,,
6672,42,23,False,0.6919934153556824,,,,,,
6673,54,25,False,0.8851907849311829,,,,,,
6674,45,34,False,0.8994258642196655,,,,,,
6676,48,35,False,0.540647029876709,,,,,,
6678,43,23,False,0.9877668619155884,,,,,,
6679,42,32,False,0.6330286264419556,,,,,,
6681,41,25,False,0.8200236558914185,,,,,,
6683,44,32,True,0.9291686415672302,7.0,15.0,False,False,33.5,21.5
6685,76,28,False,0.8221179842948914,,,,,,
6686,53,27,False,0.7944461703300476,,,,,,
6689,31,28,False,0.8689450025558472,,,,,,
6690,60,29,False,0.7654986381530762,,,,,,
6692,55,18,False,0.936575710773468,,,,,,
6695,58,22,True,0.9204897284507751,57.0,65.0,True,False,2.5,38.5
6696,59,39,False,0.5854493975639343,,,,,,
6697,36,33,False,0.7520662546157837,,,,,,
6698,39,40,False,0.6193564534187317,,,,,,
6702,39,28,False,0.8324505686759949,,,,,,
6709,38,29,False,0.5571140050888062,,,,,,
6711,50,24,False,0.9345503449440002,,,,,,
6712,37,42,False,0.5178557634353638,,,,,,
6718,25,0,False,0.8550463318824768,,,,,,
6721,68,24,False,0.8712524175643921,,,,,,
6724,51,44,True,0.9420093297958374,62.0,70.0,False,False,14.5,21.5
6725,20,20,False,0.8779417872428894,,,,,,
6730,37,29,False,0.5403794646263123,,,,,,
6732,29,26,False,0.8532171249389648,,,,,,
6733,60,33,False,0.7720194458961487,,,,,,
6736,86,22,False,0.7768715620040894,,,,,,
6737,4,24,False,0.98231041431427,,,,,,
6742,46,27,False,0.6378036737442017,,,,,,
6747,42,27,False,0.7407853007316589,,,,,,
6749,56,29,False,0.5954999923706055,,,,,,
6755,50,25,False,0.757796049118042,,,,,,
6756,87,33,False,0.8048770427703857,,,,,,
6762,34,28,False,0.593805193901062,,,,,,
6764,49,31,False,0.8819267153739929,,,,,,
6765,37,42,False,0.5402328372001648,,,,,,
6768,48,25,False,0.8937819004058838,,,,,,
6769,43,30,True,0.895137369632721,39.0,47.0,True,False,0.5,12.5
6770,84,12,False,0.837678849697113,,,,,,
6772,40,28,False,0.6776872277259827,,,,,,
6775,43,23,False,0.9042377471923828,,,,,,
6778,39,31,False,0.7668349742889404,,,,,,
6779,39,26,False,0.9426997303962708,,,,,,
6781,49,24,False,0.7080316543579102,,,,,,
6785,59,21,False,0.9424735307693481,,,,,,
6786,49,23,False,0.8542846441268921,,,,,,
6790,55,29,False,0.9543616771697998,,,,,,
6791,22,39,True,0.8769855499267578,20.0,28.0,True,False,1.5,15.5
6792,31,29,False,0.8995822668075562,,,,,,
6794,42,33,False,0.6128674745559692,,,,,,
6795,33,20,False,0.9399690628051758,,,,,,
6796,27,26,False,0.8625454306602478,,,,,,
6803,47,31,False,0.521504282951355,,,,,,
6804,80,35,False,0.7417544722557068,,,,,,
6808,48,28,False,0.7348167896270752,,,,,,
6811,66,28,False,0.5135992169380188,,,,,,
6812,60,21,False,0.5207018852233887,,,,,,
6815,45,31,False,0.8566576242446899,,,,,,
6817,39,28,False,0.8068116307258606,,,,,,
6819,22,25,False,0.9463815689086914,,,,,,
6822,45,31,False,0.5991874933242798,,,,,,
6823,73,10,False,0.7099698781967163,,,,,,
6825,47,27,False,0.7320843935012817,,,,,,
6828,26,13,True,0.9239843487739563,68.0,76.0,False,False,45.5,58.5
6829,41,25,False,0.8473094701766968,,,,,,
6830,34,23,False,0.8407370448112488,,,,,,
6831,22,19,False,0.9480884671211243,,,,,,
6833,52,19,False,0.8409561514854431,,,,,,
6838,55,29,False,0.6211566925048828,,,,,,
6840,82,22,False,0.7836636900901794,,,,,,
6842,52,27,False,0.78825443983078,,,,,,
6843,38,23,False,0.9150761961936951,,,,,,
6845,40,29,False,0.9199205040931702,,,,,,
6846,29,26,False,0.9406870603561401,,,,,,
6849,41,26,False,0.854192852973938,,,,,,
6856,47,34,False,0.7025519609451294,,,,,,
6857,38,27,True,0.9476031064987183,38.0,46.0,True,False,3.5,14.5
6858,39,37,False,0.7753753662109375,,,,,,
6862,38,27,False,0.550637423992157,,,,,,
6863,48,22,False,0.5295726656913757,,,,,,
6864,65,23,False,0.5007463097572327,,,,,,
6868,19,17,False,0.9023888111114502,,,,,,
6869,40,22,False,0.5341233611106873,,,,,,
6875,51,14,False,0.8452908396720886,,,,,,
6876,42,20,False,0.7857768535614014,,,,,,
6877,25,26,False,0.8328419327735901,,,,,,
6879,43,27,False,0.6269674897193909,,,,,,
6882,35,32,False,0.6225282549858093,,,,,,
6883,67,26,False,0.9499476552009583,,,,,,
6885,76,27,False,0.6575911641120911,,,,,,
6888,27,0,False,0.7852995991706848,,,,,,
6893,39,91,False,0.8832201957702637,,,,,,
6895,92,31,False,0.9337497353553772,,,,,,
6899,89,16,False,0.7314656972885132,,,,,,
6901,29,26,False,0.9343170523643494,,,,,,
6904,37,20,False,0.6230581402778625,,,,,,
6906,15,25,False,0.8384045958518982,,,,,,
6911,39,26,False,0.8719779849052429,,,,,,
6912,52,34,False,0.560642421245575,,,,,,
6917,57,15,True,0.9605061411857605,46.0,54.0,False,False,7.5,34.5
6918,78,29,False,0.6897631287574768,,,,,,
6920,52,19,False,0.5186242461204529,,,,,,
6921,26,28,False,0.8857699632644653,,,,,,
6922,48,33,False,0.8276788592338562,,,,,,
6927,64,24,False,0.576851487159729,,,,,,
6931,48,24,False,0.6727834343910217,,,,,,
6935,40,25,True,0.9466181397438049,64.0,72.0,False,False,27.5,42.5
6936,43,18,False,0.8518127202987671,,,,,,
6937,41,29,False,0.7765265107154846,,,,,,
6941,35,23,False,0.894144594669342,,,,,,
6942,79,23,False,0.7737852334976196,,,,,,
6943,45,28,False,0.725640058517456,,,,,,
6944,54,27,False,0.6185397505760193,,,,,,
6946,31,27,False,0.8328016400337219,,,,,,
6949,26,21,False,0.9660038948059082,,,,,,
6950,38,28,False,0.7474146485328674,,,,,,
6951,40,13,False,0.7671570181846619,,,,,,
6953,43,25,True,0.9880214929580688,42.0,50.0,True,False,2.5,20.5
6954,30,20,False,0.8270197510719299,,,,,,
6955,43,10,True,0.8720775246620178,64.0,72.0,False,False,24.5,57.5
6959,29,25,False,0.938144862651825,,,,,,
6963,58,24,False,0.5691463351249695,,,,,,
6964,40,21,False,0.9864985942840576,,,,,,
6966,41,23,False,0.9507114291191101,,,,,,
6971,35,32,False,0.6325178742408752,,,,,,
6974,52,45,False,0.630542516708374,,,,,,
6976,45,27,False,0.8147982358932495,,,,,,
6978,35,24,False,0.9711833596229553,,,,,,
6980,40,26,False,0.922894299030304,,,,,,
6984,38,0,False,0.8289564251899719,,,,,,
6990,39,29,False,0.5723446607589722,,,,,,
6993,87,25,False,0.5373995304107666,,,,,,
6995,58,33,False,0.709044337272644,,,,,,
6997,47,25,False,0.6506704688072205,,,,,,
6998,50,23,False,0.8330715298652649,,,,,,
7000,40,30,False,0.5978534817695618,,,,,,
7005,49,31,False,0.6788536906242371,,,,,,
7007,43,30,False,0.7982679009437561,,,,,,
7009,43,32,False,0.7098762392997742,,,,,,
7013,44,26,False,0.7399419546127319,,,,,,
7016,47,30,False,0.8634406328201294,,,,,,
7019,98,26,False,0.7059153318405151,,,,,,
7020,27,28,True,0.9565070271492004,25.0,33.0,True,True,1.5,0.5
7022,12,12,False,0.8759846687316895,,,,,,
7026,45,16,False,0.8754416704177856,,,,,,
7027,43,24,False,0.7062320113182068,,,,,,
7029,36,28,False,0.9154312014579773,,,,,,
7030,91,25,False,0.5258172154426575,,,,,,
7031,42,35,False,0.5985339283943176,,,,,,
7033,41,27,False,0.7291967272758484,,,,,,
7036,47,29,False,0.9613293409347534,,,,,,
7039,62,79,False,0.943282961845398,,,,,,
7042,45,30,False,0.8695139288902283,,,,,,
7049,48,26,False,0.6515761613845825,,,,,,
7051,35,100,False,0.8885887265205383,,,,,,
7056,46,26,False,0.7205999493598938,,,,,,
7059,29,22,False,0.9627304077148438,,,,,,
7063,43,30,False,0.8661731481552124,,,,,,
7065,39,21,False,0.5629560947418213,,,,,,
7066,54,23,False,0.7134504318237305,,,,,,
7071,45,16,False,0.8971465229988098,,,,,,
7074,53,30,False,0.6864767074584961,,,,,,
7076,47,10,False,0.9235737323760986,,,,,,
7078,31,32,False,0.7730924487113953,,,,,,
7079,31,30,False,0.7793415784835815,,,,,,
7080,37,32,False,0.7396518588066101,,,,,,
7081,92,23,False,0.8697567582130432,,,,,,
7085,50,29,False,0.9620177149772644,,,,,,
7086,41,32,False,0.5686591267585754,,,,,,
7089,41,18,False,0.724741518497467,,,,,,
7091,28,24,False,0.8519863486289978,,,,,,
7092,46,22,False,0.9145574569702148,,,,,,
7094,27,23,False,0.9647206664085388,,,,,,
7095,36,33,False,0.720164954662323,,,,,,
7096,98,26,False,0.852020800113678,,,,,,
7104,76,12,False,0.7714329957962036,,,,,,
7111,41,23,False,0.9563738107681274,,,,,,
7112,56,25,False,0.9351940155029297,,,,,,
7114,40,35,False,0.6264773607254028,,,,,,
7117,52,28,False,0.8496651649475098,,,,,,
7119,95,26,False,0.6226549744606018,,,,,,
7121,69,23,False,0.9191219210624695,,,,,,
7125,75,22,True,0.9843360185623169,70.0,78.0,True,False,1.5,51.5
7129,46,19,False,0.9664203524589539,,,,,,
7130,33,26,False,0.725940465927124,,,,,,
7135,36,29,False,0.9265345931053162,,,,,,
7139,55,28,False,0.7500219941139221,,,,,,
7140,59,26,False,0.9403050541877747,,,,,,
7143,62,22,False,0.8226494789123535,,,,,,
7145,56,36,False,0.7681717276573181,,,,,,
7147,49,21,False,0.6307511925697327,,,,,,
7151,84,17,False,0.7826363444328308,,,,,,
7152,46,32,False,0.6984553337097168,,,,,,
7154,48,21,False,0.6790388226509094,,,,,,
7155,43,25,False,0.9166086316108704,,,,,,
7156,38,26,False,0.9456385374069214,,,,,,
7158,43,27,False,0.596724808216095,,,,,,
7164,96,100,False,0.8489055037498474,,,,,,
7166,44,28,False,0.8733331561088562,,,,,,
7174,53,28,True,0.919302225112915,52.0,60.0,True,False,2.5,27.5
7177,27,24,False,0.889559268951416,,,,,,
7178,81,23,False,0.9632744193077087,,,,,,
7179,44,25,False,0.746637761592865,,,,,,
7181,46,29,False,0.775726318359375,,,,,,
7183,33,27,False,0.7755889296531677,,,,,,
7184,58,24,False,0.8183662295341492,,,,,,
7187,47,21,False,0.9932030439376831,,,,,,
7195,59,20,False,0.8648730516433716,,,,,,
7196,48,26,False,0.9267044067382812,,,,,,
7201,53,26,False,0.8557829856872559,,,,,,
7202,49,27,False,0.6257990598678589,,,,,,
7203,42,27,False,0.7639491558074951,,,,,,
7205,34,35,False,0.6063390374183655,,,,,,
7210,50,26,True,0.7753700017929077,49.0,57.0,True,False,2.5,26.5
7211,44,30,False,0.7819921970367432,,,,,,
7215,46,31,False,0.7336346507072449,,,,,,
7217,38,30,False,0.7973656058311462,,,,,,
7220,31,21,False,0.7474277019500732,,,,,,
7224,21,18,False,0.7882978320121765,,,,,,
7227,54,13,False,0.707886278629303,,,,,,
7228,45,16,False,0.8894457221031189,,,,,,
7229,38,34,False,0.5236849188804626,,,,,,
7232,45,18,False,0.7100245356559753,,,,,,
7234,70,9,False,0.741918683052063,,,,,,
7238,61,13,False,0.7773251533508301,,,,,,
7240,80,26,False,0.843479335308075,,,,,,
7241,35,24,False,0.5498929619789124,,,,,,
7243,51,31,True,0.8831456303596497,50.0,58.0,True,False,2.5,22.5
7246,94,97,False,0.8744215965270996,,,,,,
7247,36,29,False,0.8980277180671692,,,,,,
7251,25,24,False,0.9660861492156982,,,,,,
7262,44,28,False,0.8684558868408203,,,,,,
7264,47,31,True,0.8438156843185425,30.0,38.0,False,True,13.5,2.5
7268,38,28,False,0.9491786360740662,,,,,,
7278,39,23,False,0.9801287055015564,,,,,,
7280,24,33,False,0.7067010402679443,,,,,,
7282,30,26,False,0.9411998987197876,,,,,,
7285,21,19,False,0.6035664677619934,,,,,,
7287,51,21,False,0.8765192031860352,,,,,,
7288,55,26,False,0.723486065864563,,,,,,
7289,61,13,False,0.8322041630744934,,,,,,
7290,62,27,False,0.8731417655944824,,,,,,
7292,32,27,False,0.6664355397224426,,,,,,
7293,22,29,False,0.8469077944755554,,,,,,
7297,44,29,False,0.9642671346664429,,,,,,
7299,90,35,False,0.6938052773475647,,,,,,
7305,57,33,False,0.6768621206283569,,,,,,
7306,58,28,False,0.6181095242500305,,,,,,
7308,27,23,False,0.7947300672531128,,,,,,
7311,29,29,False,0.8820358514785767,,,,,,
7312,30,33,False,0.7488896250724792,,,,,,
7320,77,3,False,0.5080143213272095,,,,,,
7323,84,16,False,0.6210433840751648,,,,,,
7325,27,23,False,0.9529105424880981,,,,,,
7326,56,28,False,0.6481947302818298,,,,,,
7327,82,28,False,0.5321727991104126,,,,,,
7328,27,28,False,0.7930285930633545,,,,,,
7331,52,28,False,0.6692323684692383,,,,,,
7332,26,20,False,0.9490209817886353,,,,,,
7336,48,34,False,0.5540168285369873,,,,,,
7337,43,31,False,0.8899139165878296,,,,,,
7339,33,32,False,0.5258790254592896,,,,,,
7340,52,17,False,0.7348767518997192,,,,,,
7348,34,23,False,0.9956588745117188,,,,,,
7350,19,22,False,0.6939375400543213,,,,,,
7353,19,24,False,0.760347306728363,,,,,,
7354,61,28,False,0.8184553384780884,,,,,,
7356,60,25,False,0.690962016582489,,,,,,
7362,60,28,False,0.8610111474990845,,,,,,
7364,41,30,False,0.6877286434173584,,,,,,
7365,43,30,False,0.8292198181152344,,,,,,
7367,48,16,False,0.6195360422134399,,,,,,
7375,27,30,False,0.696684718132019,,,,,,
7376,30,27,False,0.9041236042976379,,,,,,
7380,41,29,False,0.736091136932373,,,,,,
7383,43,29,False,0.9318006634712219,,,,,,
7386,47,19,False,0.8234057426452637,,,,,,
7387,54,17,False,0.8867021203041077,,,,,,
7392,41,30,False,0.678543746471405,,,,,,
7393,72,98,False,0.779304563999176,,,,,,
7401,45,31,False,0.8280299305915833,,,,,,
7402,52,18,False,0.5968897342681885,,,,,,
7406,53,24,False,0.7171769142150879,,,,,,
7407,12,28,False,0.6383181810379028,,,,,,
7409,34,31,False,0.9612895846366882,,,,,,
7411,67,23,False,0.6092217564582825,,,,,,
7415,45,22,False,0.5597015023231506,,,,,,
7418,34,25,False,0.7854211926460266,,,,,,
7419,41,32,False,0.5773987174034119,,,,,,
7425,84,26,False,0.5038925409317017,,,,,,
7426,35,26,False,0.9841200709342957,,,,,,
7428,38,20,False,0.8322798013687134,,,,,,
7431,41,9,False,0.7938688397407532,,,,,,
7433,42,26,False,0.5011687874794006,,,,,,
7436,62,44,False,0.5420840978622437,,,,,,
7440,60,28,False,0.8533740639686584,,,,,,
7441,61,32,False,0.7575984001159668,,,,,,
7444,42,15,False,0.7515285015106201,,,,,,
7449,24,21,False,0.8956231474876404,,,,,,
7450,37,34,False,0.8004411458969116,,,,,,
7452,42,25,False,0.7433182597160339,,,,,,
7453,63,21,True,0.9710982441902161,62.0,70.0,True,False,2.5,44.5
7456,49,29,False,0.96138995885849,,,,,,
7457,53,16,False,0.6616174578666687,,,,,,
7460,46,23,False,0.84696364402771,,,,,,
7462,40,0,False,0.8116871118545532,,,,,,
7463,51,24,False,0.5027020573616028,,,,,,
7464,31,27,False,0.9216764569282532,,,,,,
7465,67,23,False,0.7484297752380371,,,,,,
7466,33,29,True,0.9712056517601013,31.0,39.0,True,True,1.5,5.5
7469,78,29,False,0.7940578460693359,,,,,,
7470,59,6,False,0.7840506434440613,,,,,,
7472,23,30,False,0.7934257388114929,,,,,,
7474,78,31,False,0.5996266603469849,,,,,,
7476,51,23,False,0.6619549989700317,,,,,,
7478,62,37,False,0.5569623708724976,,,,,,
7480,54,3,False,0.8053501844406128,,,,,,
7481,44,16,False,0.7266054749488831,,,,,,
7485,55,21,False,0.8428564667701721,,,,,,
7489,46,29,True,0.8750517964363098,45.0,53.0,True,False,2.5,19.5
7491,53,45,False,0.5870751142501831,,,,,,
7492,54,26,False,0.7167417407035828,,,,,,
7496,53,43,False,0.6120673418045044,,,,,,
7506,69,31,False,0.7218855023384094,,,,,,
7510,51,31,False,0.5688543319702148,,,,,,
7511,40,9,False,0.931851863861084,,,,,,
7512,28,24,False,0.9561631679534912,,,,,,
7513,39,34,False,0.7203662991523743,,,,,,
7514,35,25,False,0.983831524848938,,,,,,
7518,71,25,False,0.8994264006614685,,,,,,
7521,97,29,False,0.9541991353034973,,,,,,
7526,45,7,False,0.8106867074966431,,,,,,
7528,58,28,False,0.5355201959609985,,,,,,
7530,46,36,False,0.7289590835571289,,,,,,
7533,34,25,True,0.927413821220398,32.0,40.0,True,False,1.5,10.5
7537,39,25,False,0.9374246001243591,,,,,,
7538,53,30,False,0.8268629312515259,,,,,,
7540,36,28,False,0.7719036340713501,,,,,,
7546,51,26,True,0.9688768982887268,50.0,58.0,True,False,2.5,27.5
7549,20,28,False,0.9577045440673828,,,,,,
7552,27,29,False,0.6434090733528137,,,,,,
7553,42,23,False,0.7296539545059204,,,,,,
7554,44,37,False,0.5148382782936096,,,,,,
7555,43,27,False,0.6770382523536682,,,,,,
7556,42,26,False,0.8364144563674927,,,,,,
7557,98,30,False,0.6949908137321472,,,,,,
7562,55,19,False,0.8437073230743408,,,,,,
7565,46,18,False,0.7608904242515564,,,,,,
7566,44,24,False,0.5642867684364319,,,,,,
7569,53,27,False,0.6382585763931274,,,,,,
7571,40,30,False,0.7036721706390381,,,,,,
7575,33,29,False,0.785875678062439,,,,,,
7579,33,32,False,0.6301770210266113,,,,,,
7581,48,30,False,0.7096531987190247,,,,,,
7582,27,24,False,0.9732541441917419,,,,,,
7584,48,30,False,0.6149190068244934,,,,,,
7585,46,28,False,0.7424758076667786,,,,,,
7586,40,32,True,0.8546479344367981,13.0,21.0,False,False,23.5,15.5
7592,39,25,False,0.7666738033294678,,,,,,
7594,43,27,False,0.8671479225158691,,,,,,
7601,25,24,False,0.7175024151802063,,,,,,
7602,49,29,False,0.7117229104042053,,,,,,
7603,58,27,False,0.7124720215797424,,,,,,
7605,45,26,False,0.5556621551513672,,,,,,
7606,31,17,False,0.6781728267669678,,,,,,
7609,24,24,True,0.8754857182502747,22.0,30.0,True,True,1.5,1.5
7619,33,24,False,0.9590006470680237,,,,,,
7620,23,24,False,0.9811567664146423,,,,,,
7623,49,23,False,0.6808778047561646,,,,,,
7625,34,90,False,0.8104590773582458,,,,,,
7627,60,28,True,0.9232885241508484,59.0,67.0,True,False,2.5,34.5
7633,46,27,True,0.8857842683792114,45.0,53.0,True,False,2.5,21.5
7635,46,25,False,0.8326960802078247,,,,,,
7640,37,31,False,0.5435423254966736,,,,,,
7643,40,33,True,0.8864213824272156,30.0,38.0,False,True,6.5,0.5
7645,42,29,False,0.535810112953186,,,,,,
7646,84,92,False,0.6140333414077759,,,,,,
7647,60,17,False,0.7107740640640259,,,,,,
7654,53,33,False,0.8359214663505554,,,,,,
7656,45,23,False,0.5755600929260254,,,,,,
7663,45,36,False,0.7607226967811584,,,,,,
7664,52,98,False,0.7988907098770142,,,,,,
7673,43,22,False,0.9123276472091675,,,,,,
7674,26,39,False,0.7207927703857422,,,,,,
7675,49,24,True,0.9463971853256226,48.0,56.0,True,False,2.5,27.5
7677,46,26,False,0.8543520569801331,,,,,,
7679,41,26,False,0.9719420075416565,,,,,,
7681,37,22,False,0.9568829536437988,,,,,,
7682,26,23,False,0.9320093393325806,,,,,,
7686,14,22,False,0.6293190717697144,,,,,,
7688,21,28,False,0.7315043210983276,,,,,,
7690,35,28,False,0.79880291223526,,,,,,
7694,37,25,False,0.9532482028007507,,,,,,
7699,49,23,False,0.6401864886283875,,,,,,
7701,57,12,False,0.9421961903572083,,,,,,
7705,27,25,False,0.9009114503860474,,,,,,
7706,60,17,False,0.8899927735328674,,,,,,
7707,28,24,False,0.5806368589401245,,,,,,
7710,48,23,False,0.504296064376831,,,,,,
7713,43,21,False,0.8552076816558838,,,,,,
7715,40,31,False,0.6945469975471497,,,,,,
7716,29,25,False,0.8796888589859009,,,,,,
7723,48,26,False,0.72611403465271,,,,,,
7725,45,13,False,0.8615817427635193,,,,,,
7733,24,21,False,0.7602562308311462,,,,,,
7734,16,29,False,0.804097592830658,,,,,,
7737,39,32,False,0.7093510627746582,,,,,,
7748,33,33,False,0.5414088368415833,,,,,,
7749,42,24,False,0.5887041687965393,,,,,,
7754,47,10,False,0.5087496638298035,,,,,,
7755,63,33,False,0.9343373775482178,,,,,,
7756,26,23,False,0.9857866764068604,,,,,,
7757,47,26,False,0.764218807220459,,,,,,
7758,46,20,False,0.8369514346122742,,,,,,
7759,39,30,False,0.5904436707496643,,,,,,
7761,41,29,False,0.9592861533164978,,,,,,
7764,23,33,False,0.504752516746521,,,,,,
7765,52,29,False,0.7405825853347778,,,,,,
7767,48,29,False,0.848638653755188,,,,,,
7769,53,24,False,0.6182959675788879,,,,,,
7772,47,26,False,0.9438582062721252,,,,,,
7773,40,28,False,0.8439716100692749,,,,,,
7775,21,26,False,0.7837876677513123,,,,,,
7780,51,23,False,0.5986337661743164,,,,,,
7784,50,27,False,0.8219675421714783,,,,,,
7787,64,23,False,0.9053389430046082,,,,,,
7788,53,38,False,0.6138335466384888,,,,,,
7789,48,23,False,0.5447837710380554,,,,,,
7790,21,31,False,0.834018886089325,,,,,,
7794,43,25,False,0.8954518437385559,,,,,,
7795,50,25,False,0.784580409526825,,,,,,
7798,48,38,False,0.5435037016868591,,,,,,
7800,42,30,False,0.8728442788124084,,,,,,
7803,28,29,False,0.6438515782356262,,,,,,
7805,59,27,False,0.730664849281311,,,,,,
7807,39,28,False,0.6968057751655579,,,,,,
7809,38,25,False,0.6085407137870789,,,,,,
7811,45,29,False,0.918289065361023,,,,,,
7812,23,21,False,0.5376870036125183,,,,,,
7814,45,32,False,0.842157781124115,,,,,,
7818,41,33,False,0.8930220603942871,,,,,,
7820,39,28,False,0.9233070015907288,,,,,,
7823,43,17,False,0.9059193730354309,,,,,,
7824,34,36,True,0.8411937952041626,33.0,41.0,True,True,2.5,0.5
7829,50,29,True,0.9689640998840332,40.0,48.0,False,False,6.5,14.5
7830,64,23,False,0.756623387336731,,,,,,
7833,52,18,False,0.775650143623352,,,,,,
7835,39,24,False,0.7421351075172424,,,,,,
7836,41,27,False,0.8064035177230835,,,,,,
7837,53,30,False,0.6995839476585388,,,,,,
7838,21,29,True,0.8799698948860168,19.0,27.0,True,False,1.5,6.5
7842,42,16,False,0.6778420805931091,,,,,,
7843,32,32,True,0.9408063888549805,30.0,38.0,True,True,1.5,1.5
7844,51,44,False,0.5705981254577637,,,,,,
7845,42,22,False,0.5662127733230591,,,,,,
7850,37,22,False,0.69933021068573,,,,,,
7852,90,26,False,0.7053970694541931,,,,,,
7853,72,31,False,0.6086617708206177,,,,,,
7855,61,24,False,0.9320788383483887,,,,,,
7856,27,25,False,0.9324977397918701,,,,,,
7858,32,25,False,0.7644726634025574,,,,,,
7860,17,37,False,0.6446966528892517,,,,,,
7861,48,24,False,0.759201169013977,,,,,,
7862,44,36,False,0.5776003003120422,,,,,,
7870,46,28,False,0.532364547252655,,,,,,
7871,46,41,False,0.6497165560722351,,,,,,
7872,29,27,False,0.6120007038116455,,,,,,
7876,49,30,False,0.9496244192123413,,,,,,
7877,56,32,True,0.9382609128952026,54.0,62.0,True,False,1.5,25.5
7880,53,24,False,0.643519401550293,,,,,,
7883,47,20,False,0.8032228946685791,,,,,,
7888,36,29,False,0.6849641799926758,,,,,,
7891,44,23,False,0.6561686396598816,,,,,,
7896,51,34,False,0.6014769673347473,,,,,,
7898,73,30,False,0.8215264081954956,,,,,,
7900,67,31,True,0.7353962063789368,64.0,72.0,True,False,0.5,36.5
7905,46,19,False,0.6459631323814392,,,,,,
7907,39,26,True,0.6547895073890686,66.0,74.0,False,False,30.5,43.5
7908,38,36,False,0.6063823103904724,,,,,,
7911,48,28,False,0.63163822889328,,,,,,
7912,52,27,False,0.7964422106742859,,,,,,
7913,34,26,False,0.7824258208274841,,,,,,
7919,83,24,False,0.526434063911438,,,,,,
7921,45,22,False,0.8599160313606262,,,,,,
7923,48,34,False,0.814017653465271,,,,,,
7924,40,28,False,0.8954512476921082,,,,,,
7925,37,25,False,0.7603607177734375,,,,,,
7926,50,27,False,0.8949911594390869,,,,,,
7928,68,32,False,0.9565203785896301,,,,,,
7930,41,31,False,0.6838093400001526,,,,,,
7931,62,19,False,0.739561140537262,,,,,,
7932,26,22,False,0.8848332166671753,,,,,,
7940,39,22,False,0.9580289721488953,,,,,,
7942,46,24,False,0.9439624547958374,,,,,,
7944,53,25,True,0.8937777876853943,52.0,60.0,True,False,2.5,30.5
7945,41,26,False,0.7425280213356018,,,,,,
7949,81,20,True,0.9427569508552551,83.0,91.0,True,False,5.5,66.5
7955,56,28,False,0.5810803771018982,,,,,,
7958,27,23,False,0.7842061519622803,,,,,,
7959,43,23,False,0.5694050192832947,,,,,,
7960,32,20,False,0.7528886795043945,,,,,,
7962,45,23,False,0.6757633686065674,,,,,,
7963,24,22,False,0.8663225173950195,,,,,,
7964,41,19,True,0.9094850420951843,59.0,67.0,False,False,21.5,43.5
7966,28,26,False,0.9530633091926575,,,,,,
7969,35,31,False,0.8886732459068298,,,,,,
7970,54,34,False,0.5878521203994751,,,,,,
7971,22,26,False,0.6096914410591125,,,,,,
7972,59,30,False,0.7133086323738098,,,,,,
7973,50,22,False,0.8301553130149841,,,,,,
7974,18,28,False,0.5783807039260864,,,,,,
7976,51,29,False,0.807116687297821,,,,,,
7977,54,25,False,0.5562006831169128,,,,,,
7981,50,23,False,0.78987717628479,,,,,,
7982,92,30,False,0.7017518281936646,,,,,,
7983,82,9,False,0.7376569509506226,,,,,,
7988,40,31,False,0.6912853121757507,,,,,,
7989,71,20,False,0.9831746220588684,,,,,,
7991,50,36,False,0.5661178827285767,,,,,,
7998,44,31,False,0.844244658946991,,,,,,
8001,56,30,False,0.5757225751876831,,,,,,
8002,53,31,False,0.5344293713569641,,,,,,
8006,37,27,False,0.9801514148712158,,,,,,
8008,39,31,False,0.5966878533363342,,,,,,
8009,30,14,False,0.9457609057426453,,,,,,
8011,20,16,False,0.8920537829399109,,,,,,
8014,58,35,False,0.6177548766136169,,,,,,
8015,36,18,False,0.837781548500061,,,,,,
8018,35,34,False,0.5152844190597534,,,,,,
8019,45,20,False,0.8046044707298279,,,,,,
8021,19,16,False,0.601019024848938,,,,,,
8022,50,24,False,0.761157751083374,,,,,,
8026,45,17,False,0.97621750831604,,,,,,
8027,39,28,False,0.7582069635391235,,,,,,
8028,50,26,False,0.6261473894119263,,,,,,
8031,51,34,False,0.6145329475402832,,,,,,
8032,97,30,False,0.628755509853363,,,,,,
8034,38,27,False,0.7651711702346802,,,,,,
8035,46,27,False,0.9743154048919678,,,,,,
8038,34,26,False,0.9236373901367188,,,,,,
8040,65,21,False,0.9583186507225037,,,,,,
8042,42,22,False,0.6286675930023193,,,,,,
8043,69,19,False,0.7056793570518494,,,,,,
8045,53,24,False,0.5942922830581665,,,,,,
8046,29,31,True,0.9384811520576477,29.0,37.0,True,True,3.5,1.5
8047,51,24,False,0.7937752604484558,,,,,,
8048,42,32,False,0.757706880569458,,,,,,
8049,38,53,False,0.5014761090278625,,,,,,
8051,20,34,False,0.7240035533905029,,,,,,
8053,30,26,False,0.9841576814651489,,,,,,
8056,88,26,False,0.5702809691429138,,,,,,
8057,52,30,False,0.9165043234825134,,,,,,
8058,44,26,False,0.8498929142951965,,,,,,
8059,36,33,False,0.6740269064903259,,,,,,
8060,30,26,False,0.9110010862350464,,,,,,
8061,39,29,True,0.7699743509292603,29.0,37.0,False,True,6.5,3.5
8063,65,21,False,0.9179741740226746,,,,,,
8064,48,18,False,0.746410071849823,,,,,,
8065,39,21,False,0.8666868805885315,,,,,,
8067,31,25,False,0.802588164806366,,,,,,
8068,45,13,False,0.8377645611763,,,,,,
8088,20,25,False,0.6945652961730957,,,,,,
8090,31,91,False,0.7191882729530334,,,,,,
8093,47,13,False,0.6462081074714661,,,,,,
8095,31,28,False,0.6977936029434204,,,,,,
8098,65,29,True,0.9188387989997864,62.0,70.0,True,False,0.5,36.5
8100,64,27,False,0.8427765369415283,,,,,,
8102,67,26,False,0.6406587958335876,,,,,,
8103,35,30,False,0.8606138229370117,,,,,,
8104,90,24,False,0.7003759145736694,,,,,,
8110,46,48,False,0.7135722041130066,,,,,,
8114,82,22,False,0.7752097249031067,,,,,,
8119,46,31,False,0.6697151064872742,,,,,,
8121,33,26,False,0.8139817118644714,,,,,,
8122,15,35,False,0.8431677222251892,,,,,,
8123,53,25,True,0.9658317565917969,52.0,60.0,True,False,2.5,30.5
8124,56,35,False,0.6284157037734985,,,,,,
8127,72,22,False,0.822699785232544,,,,,,
8128,21,19,False,0.9207712411880493,,,,,,
8132,48,17,False,0.7812122106552124,,,,,,
8137,56,18,False,0.826867401599884,,,,,,
8141,17,29,False,0.6769165992736816,,,,,,
8148,46,26,False,0.8219777941703796,,,,,,
8153,32,26,False,0.8987730145454407,,,,,,
8155,60,26,False,0.762691080570221,,,,,,
8157,27,27,True,0.9221210479736328,90.0,98.0,False,False,66.5,66.5
8158,55,26,False,0.656283438205719,,,,,,
8162,54,82,False,0.5686651468276978,,,,,,
8163,30,27,True,0.9541391134262085,29.0,37.0,True,True,2.5,5.5
8168,50,29,False,0.5897286534309387,,,,,,
8170,38,31,True,0.9571858048439026,38.0,46.0,True,False,3.5,10.5
8172,22,29,False,0.863827645778656,,,,,,
8173,29,28,False,0.5693610906600952,,,,,,
8174,30,31,False,0.8976995944976807,,,,,,
8180,42,45,False,0.6508647799491882,,,,,,
8181,25,22,False,0.9586530327796936,,,,,,
8183,52,36,False,0.6364582180976868,,,,,,
8185,43,16,False,0.683046817779541,,,,,,
8189,29,11,False,0.8832230567932129,,,,,,
8191,24,23,False,0.749407947063446,,,,,,
8197,41,28,False,0.7344878911972046,,,,,,
8202,56,28,False,0.8526145815849304,,,,,,
8207,60,22,False,0.9587129354476929,,,,,,
8211,39,32,False,0.8118828535079956,,,,,,
8212,38,12,False,0.8769723773002625,,,,,,
8213,71,25,False,0.5763350129127502,,,,,,
8216,54,14,False,0.8782004714012146,,,,,,
8217,51,100,False,0.9346001148223877,,,,,,
8220,40,27,False,0.8411557078361511,,,,,,
8221,27,21,False,0.6052480340003967,,,,,,
8222,23,21,False,0.9221077561378479,,,,,,
8223,46,29,False,0.5391475558280945,,,,,,
8225,50,27,False,0.9472311735153198,,,,,,
8230,74,28,True,0.9024606347084045,66.0,74.0,True,False,4.5,41.5
8232,45,35,False,0.6859163045883179,,,,,,
8239,62,22,False,0.8394023776054382,,,,,,
8241,48,32,False,0.8600813150405884,,,,,,
8242,60,18,False,0.8101367354393005,,,,,,
8243,55,28,False,0.8362522721290588,,,,,,
8247,47,29,False,0.8235959410667419,,,,,,
8248,53,25,False,0.8476930260658264,,,,,,
8249,56,20,False,0.5181717872619629,,,,,,
8252,33,25,False,0.7921188473701477,,,,,,
8253,31,31,False,0.7177311182022095,,,,,,
8254,12,23,False,0.6322243809700012,,,,,,
8255,34,34,False,0.8994384407997131,,,,,,
8257,45,29,False,0.8672154545783997,,,,,,
8258,40,29,False,0.9783381819725037,,,,,,
8262,46,1,False,0.8111531138420105,,,,,,
8264,49,24,False,0.9575160145759583,,,,,,
8265,33,28,False,0.7808489799499512,,,,,,
8266,49,23,False,0.5937657356262207,,,,,,
8267,28,28,False,0.7323775887489319,,,,,,
8269,79,24,False,0.8219948410987854,,,,,,
8272,39,31,False,0.835996150970459,,,,,,
8277,48,30,False,0.7737581133842468,,,,,,
8279,39,30,False,0.6742583513259888,,,,,,
8280,58,23,False,0.8598152995109558,,,,,,
8283,47,31,False,0.9045012593269348,,,,,,
8285,38,33,True,0.9435295462608337,37.0,45.0,True,False,2.5,7.5
8287,43,22,False,0.9328364133834839,,,,,,
8291,21,28,False,0.9373244047164917,,,,,,
8292,38,23,False,0.9902334213256836,,,,,,
8293,40,25,False,0.5458099246025085,,,,,,
8295,32,26,False,0.9467980265617371,,,,,,
8296,47,27,False,0.9358399510383606,,,,,,
8298,42,27,False,0.9073941111564636,,,,,,
8301,41,31,False,0.879908561706543,,,,,,
8303,52,20,False,0.8097688555717468,,,,,,
8306,36,28,False,0.518623411655426,,,,,,
8313,41,13,False,0.9023213386535645,,,,,,
8317,58,0,False,0.682999849319458,,,,,,
8319,34,28,False,0.93987637758255,,,,,,
8321,59,15,False,0.7934992909431458,,,,,,
8327,28,25,False,0.8920441269874573,,,,,,
8331,36,25,False,0.770569384098053,,,,,,
8332,27,26,False,0.906835675239563,,,,,,
8333,42,4,False,0.9255834221839905,,,,,,
8339,69,31,True,0.7937277555465698,64.0,72.0,True,False,1.5,36.5
8340,32,30,False,0.7939440011978149,,,,,,
8342,47,28,False,0.9411978125572205,,,,,,
8347,48,30,False,0.7321882247924805,,,,,,
8349,43,32,False,0.515434205532074,,,,,,
8351,54,28,False,0.5471720099449158,,,,,,
8354,51,32,False,0.6563297510147095,,,,,,
8356,94,16,False,0.7150030732154846,,,,,,
8360,34,29,False,0.8563690781593323,,,,,,
8363,44,26,False,0.8899582624435425,,,,,,
8367,92,33,False,0.9325805902481079,,,,,,
8370,40,28,False,0.5666685700416565,,,,,,
8371,22,16,False,0.9807595610618591,,,,,,
8375,48,5,False,0.8074337244033813,,,,,,
8376,96,27,False,0.8805423378944397,,,,,,
8377,44,24,False,0.8387956023216248,,,,,,
8380,28,24,False,0.8841673135757446,,,,,,
8386,48,0,False,0.5913866758346558,,,,,,
8387,27,21,False,0.8361244797706604,,,,,,
8388,50,22,False,0.9112608432769775,,,,,,
8390,35,33,False,0.7645279765129089,,,,,,
8396,37,23,False,0.8885388970375061,,,,,,
8398,45,18,False,0.8048879504203796,,,,,,
8402,62,30,False,0.8005903959274292,,,,,,
8404,38,28,False,0.8951209187507629,,,,,,
8405,44,29,False,0.6782026886940002,,,,,,
8410,38,31,False,0.9391534924507141,,,,,,
8416,47,28,False,0.743553876876831,,,,,,
8417,61,26,True,0.8315765261650085,60.0,68.0,True,False,2.5,37.5
8419,48,29,False,0.6900616884231567,,,,,,
8420,54,25,False,0.7864726185798645,,,,,,
8421,52,31,False,0.7180166840553284,,,,,,
8422,46,20,False,0.7959790229797363,,,,,,
8423,77,25,False,0.7937643527984619,,,,,,
8425,40,16,False,0.7425093054771423,,,,,,
8426,36,33,False,0.6952224969863892,,,,,,
8427,54,95,False,0.757510244846344,,,,,,
8428,48,30,False,0.8529784679412842,,,,,,
8429,42,16,False,0.8070307970046997,,,,,,
8430,40,28,False,0.9453990459442139,,,,,,
8431,46,22,False,0.9567031860351562,,,,,,
8432,43,38,False,0.5832358598709106,,,,,,
8433,45,31,False,0.9601874947547913,,,,,,
8435,43,17,False,0.8851945400238037,,,,,,
8443,45,34,False,0.6120139956474304,,,,,,
8444,28,22,False,0.9702854752540588,,,,,,
8447,58,100,False,0.8127233982086182,,,,,,
8448,59,37,True,0.937884509563446,52.0,60.0,True,False,3.5,18.5
8449,44,23,False,0.7213543653488159,,,,,,
8453,58,25,False,0.9425170421600342,,,,,,
8454,29,25,True,0.9831594228744507,27.0,35.0,True,True,1.5,5.5
8455,38,31,False,0.5784448385238647,,,,,,
8461,50,19,False,0.7684770822525024,,,,,,
8465,37,28,False,0.7285967469215393,,,,,,
8467,39,27,False,0.8414732217788696,,,,,,
8468,30,38,False,0.6580337285995483,,,,,,
8473,71,25,False,0.7906540036201477,,,,,,
8476,44,34,True,0.9195806980133057,43.0,51.0,True,False,2.5,12.5
8477,57,29,True,0.9823498129844666,56.0,64.0,True,False,2.5,30.5
8478,39,33,False,0.7051376104354858,,,,,,
8479,39,27,False,0.8726146817207336,,,,,,
8480,42,30,False,0.7429300546646118,,,,,,
8481,83,22,False,0.5242536664009094,,,,,,
8487,46,0,False,0.6428501605987549,,,,,,
8488,51,23,False,0.7184033393859863,,,,,,
8490,43,30,False,0.884836733341217,,,,,,
8492,53,94,False,0.909538984298706,,,,,,
8495,43,27,False,0.8831901550292969,,,,,,
8496,33,33,False,0.6516629457473755,,,,,,
8502,82,18,True,0.8540787696838379,82.0,90.0,True,False,3.5,67.5
8503,37,25,False,0.6277236938476562,,,,,,
8507,51,28,False,0.8496873378753662,,,,,,
8511,53,16,False,0.893020510673523,,,,,,
8512,32,22,False,0.6381983757019043,,,,,,
8514,55,73,False,0.5390086770057678,,,,,,
8517,39,27,False,0.8013874292373657,,,,,,
8519,42,28,False,0.5364387631416321,,,,,,
8520,42,27,False,0.9684993624687195,,,,,,
8521,30,26,False,0.8740130662918091,,,,,,
8526,40,35,False,0.6130911111831665,,,,,,
8529,45,24,False,0.7552728056907654,,,,,,
8530,41,31,False,0.8760560154914856,,,,,,
8533,27,31,False,0.7390497922897339,,,,,,
8535,28,30,False,0.626228928565979,,,,,,
8537,39,22,False,0.944514811038971,,,,,,
8541,50,8,False,0.8234333395957947,,,,,,
8542,79,24,False,0.9686810970306396,,,,,,
8544,27,24,False,0.8659232258796692,,,,,,
8545,28,30,False,0.75481116771698,,,,,,
8546,37,25,False,0.7648951411247253,,,,,,
8547,38,25,False,0.6954588294029236,,,,,,
8548,55,27,False,0.8457472324371338,,,,,,
8549,47,24,False,0.849926769733429,,,,,,
8553,62,40,False,0.7026756405830383,,,,,,
8554,63,26,False,0.7908998131752014,,,,,,
8555,25,17,False,0.9075887799263,,,,,,
8556,58,22,False,0.569150447845459,,,,,,
8558,42,26,False,0.8025029897689819,,,,,,
8561,60,29,False,0.5532659888267517,,,,,,
8562,42,31,False,0.7700203657150269,,,,,,
8563,50,21,False,0.5268532037734985,,,,,,
8564,54,29,False,0.7681171298027039,,,,,,
8565,55,24,False,0.7871001362800598,,,,,,
8567,61,23,False,0.7377804517745972,,,,,,
8569,42,15,False,0.9387171268463135,,,,,,
8574,41,30,False,0.700599193572998,,,,,,
8576,39,26,False,0.687303364276886,,,,,,
8578,22,24,False,0.5068649053573608,,,,,,
8582,53,27,False,0.6248034834861755,,,,,,
8584,31,12,False,0.7604016065597534,,,,,,
8585,46,32,False,0.7713816165924072,,,,,,
8586,49,27,False,0.9049814343452454,,,,,,
8591,37,24,False,0.8110986948013306,,,,,,
8592,57,26,False,0.7060191035270691,,,,,,
8595,40,23,False,0.6452534198760986,,,,,,
8599,44,28,False,0.549370527267456,,,,,,
8613,28,26,False,0.9652969241142273,,,,,,
8618,42,25,False,0.765254557132721,,,,,,
8619,44,29,False,0.678575873374939,,,,,,
8620,46,28,False,0.8791842460632324,,,,,,
8622,52,25,False,0.5455150604248047,,,,,,
8626,56,24,False,0.5408526062965393,,,,,,
8631,39,26,False,0.9542953372001648,,,,,,
8632,65,92,False,0.5318267941474915,,,,,,
8633,73,24,True,0.9730358123779297,26.0,34.0,False,True,43.5,5.5
8634,29,25,False,0.6683741211891174,,,,,,
8638,62,26,True,0.960607647895813,61.0,69.0,True,False,2.5,38.5
8641,20,27,False,0.7864173054695129,,,,,,
8648,31,21,False,0.7107675671577454,,,,,,
8650,22,28,False,0.7919806241989136,,,,,,
8652,20,28,False,0.549969494342804,,,,,,
8655,42,23,False,0.7696416974067688,,,,,,
8658,36,28,False,0.7725328207015991,,,,,,
8659,47,27,False,0.6972561478614807,,,,,,
8661,45,37,False,0.5028072595596313,,,,,,
8662,44,24,False,0.7956830859184265,,,,,,
8665,50,26,False,0.6666728258132935,,,,,,
8667,25,22,False,0.9788616895675659,,,,,,
8669,66,28,False,0.7247865796089172,,,,,,
8670,52,25,False,0.7918918132781982,,,,,,
8671,21,30,False,0.7302094101905823,,,,,,
8672,38,34,False,0.7953854203224182,,,,,,
8674,70,40,False,0.5854626893997192,,,,,,
8677,13,18,False,0.9182128310203552,,,,,,
8680,52,32,False,0.9182772040367126,,,,,,
8683,42,23,False,0.5982771515846252,,,,,,
8687,50,14,False,0.6212170124053955,,,,,,
8689,29,28,False,0.8116395473480225,,,,,,
8690,47,19,False,0.7759692668914795,,,,,,
8691,47,31,False,0.8536592125892639,,,,,,
8692,46,29,False,0.6762804985046387,,,,,,
8693,36,35,False,0.6433875560760498,,,,,,
8704,26,24,False,0.9767910242080688,,,,,,
8705,75,22,False,0.9039323329925537,,,,,,
8707,44,28,False,0.8080484867095947,,,,,,
8708,47,27,False,0.9526395797729492,,,,,,
8709,53,31,False,0.8176950216293335,,,,,,
8711,45,23,False,0.5339400768280029,,,,,,
8712,40,30,False,0.5609785318374634,,,,,,
8713,51,29,False,0.6527259945869446,,,,,,
8714,49,7,False,0.928178071975708,,,,,,
8719,45,29,False,0.7947260737419128,,,,,,
8720,47,29,False,0.558485746383667,,,,,,
8724,45,46,False,0.511162519454956,,,,,,
8725,46,25,False,0.6081921458244324,,,,,,
8726,48,19,False,0.8214971423149109,,,,,,
8728,56,27,False,0.7747719883918762,,,,,,
8729,78,26,True,0.8772220611572266,76.0,84.0,True,False,1.5,53.5
8730,48,15,False,0.9263176918029785,,,,,,
8732,38,28,False,0.9167653918266296,,,,,,
8738,40,33,False,0.9215667843818665,,,,,,
8746,43,28,False,0.7828050851821899,,,,,,
8747,49,42,True,0.8110796809196472,48.0,56.0,True,False,2.5,9.5
8751,37,24,False,0.9674166440963745,,,,,,
8754,99,19,False,0.6559479832649231,,,,,,
8755,35,28,False,0.6436160206794739,,,,,,
8758,42,29,False,0.5893384218215942,,,,,,
8759,79,84,False,0.7526242136955261,,,,,,
8763,43,28,False,0.7185919284820557,,,,,,
8769,45,17,False,0.8348900079727173,,,,,,
8770,52,12,False,0.9465797543525696,,,,,,
8777,46,24,False,0.9913886189460754,,,,,,
8786,47,2,False,0.604574978351593,,,,,,
8787,66,32,False,0.7928582429885864,,,,,,
8789,55,14,False,0.9285874962806702,,,,,,
8793,60,99,False,0.770909309387207,,,,,,
8795,26,23,False,0.7255828380584717,,,,,,
8797,41,41,True,0.8092268109321594,37.0,45.0,True,True,0.5,0.5
8798,70,83,False,0.891241729259491,,,,,,
8802,44,29,False,0.6221281290054321,,,,,,
8804,45,24,True,0.8931987285614014,44.0,52.0,True,False,2.5,23.5
8806,56,17,False,0.7264825105667114,,,,,,
8810,26,29,False,0.7180712223052979,,,,,,
8812,50,33,False,0.7990063428878784,,,,,,
8814,46,27,False,0.7922511100769043,,,,,,
8815,53,26,False,0.5425916314125061,,,,,,
8817,42,9,False,0.520789384841919,,,,,,
8823,36,27,False,0.529656171798706,,,,,,
8825,50,28,False,0.7123684883117676,,,,,,
8827,64,19,False,0.9329374432563782,,,,,,
8829,46,35,False,0.5631376504898071,,,,,,
8834,54,29,False,0.9540784358978271,,,,,,
8835,57,24,False,0.7868584990501404,,,,,,
8840,46,27,False,0.7458707094192505,,,,,,
8842,30,20,False,0.9854838252067566,,,,,,
8848,34,23,False,0.9952332377433777,,,,,,
8849,49,30,False,0.619120717048645,,,,,,
8851,56,29,False,0.9759562015533447,,,,,,
8852,78,16,True,0.9590462446212769,59.0,67.0,False,False,15.5,46.5
8854,46,3,False,0.8735620975494385,,,,,,
8856,47,30,False,0.5267215967178345,,,,,,
8857,12,11,False,0.716067910194397,,,,,,
8862,40,36,False,0.8594051599502563,,,,,,
8865,41,33,True,0.9194889664649963,37.0,45.0,True,False,0.5,7.5
8866,63,22,False,0.6065998673439026,,,,,,
8868,43,30,False,0.5212913155555725,,,,,,
8870,56,27,False,0.6571887135505676,,,,,,
8874,19,25,False,0.8070980906486511,,,,,,
8875,22,21,False,0.8445760607719421,,,,,,
8881,49,31,False,0.5942879319190979,,,,,,
8882,41,23,False,0.995945155620575,,,,,,
8884,46,24,False,0.8876472115516663,,,,,,
8885,23,24,False,0.8632289171218872,,,,,,
8887,56,28,False,0.8757538795471191,,,,,,
8892,29,21,False,0.875843346118927,,,,,,
8893,31,27,False,0.7264664173126221,,,,,,
8897,28,26,False,0.6375731229782104,,,,,,
8907,66,20,False,0.6355697512626648,,,,,,
8909,42,27,False,0.7973241806030273,,,,,,
8910,46,26,False,0.6178668737411499,,,,,,
8920,56,31,False,0.8182311654090881,,,,,,
8921,34,28,False,0.8368412256240845,,,,,,
8923,55,26,False,0.9756282567977905,,,,,,
8925,46,26,False,0.793456494808197,,,,,,
8928,27,32,False,0.7154221534729004,,,,,,
8929,47,25,False,0.8091956377029419,,,,,,
8935,57,14,False,0.6591731309890747,,,,,,
8940,56,24,False,0.9194436073303223,,,,,,
8944,56,29,False,0.5150814652442932,,,,,,
8946,29,29,False,0.5976801514625549,,,,,,
8949,46,4,False,0.7005869746208191,,,,,,
8951,42,15,False,0.9281976819038391,,,,,,
8953,19,25,False,0.8465637564659119,,,,,,
8954,38,24,False,0.7318128347396851,,,,,,
8956,43,17,False,0.9757019281387329,,,,,,
8957,37,29,False,0.8511344790458679,,,,,,
8961,42,27,False,0.835099995136261,,,,,,
8964,40,31,False,0.7968126535415649,,,,,,
8968,22,20,False,0.9245778322219849,,,,,,
8972,39,27,False,0.789289116859436,,,,,,
8974,49,18,False,0.9306830167770386,,,,,,
8978,40,25,False,0.8838330507278442,,,,,,
8980,11,12,False,0.7763979434967041,,,,,,
8982,58,17,False,0.9151677489280701,,,,,,
8987,51,25,False,0.695570170879364,,,,,,
8988,92,28,False,0.7134699821472168,,,,,,
8993,48,16,False,0.9147810339927673,,,,,,
9000,13,6,False,0.9450064897537231,,,,,,
9002,61,24,False,0.8830667734146118,,,,,,
9004,80,11,False,0.862810492515564,,,,,,
9009,49,29,False,0.5019205212593079,,,,,,
9011,26,24,False,0.5808602571487427,,,,,,
9014,42,21,False,0.8930606245994568,,,,,,
9015,51,35,False,0.7161450982093811,,,,,,
9016,57,30,False,0.8541077971458435,,,,,,
9018,47,29,False,0.8501994013786316,,,,,,
9019,55,32,False,0.6656725406646729,,,,,,
9022,49,19,False,0.640462338924408,,,,,,
9024,20,25,False,0.8293775320053101,,,,,,
9027,63,16,False,0.687375545501709,,,,,,
9034,47,50,False,0.5266528725624084,,,,,,
9037,17,32,False,0.7192681431770325,,,,,,
9038,35,27,True,0.9549925923347473,31.0,39.0,True,False,0.5,7.5
9039,48,28,False,0.7314832806587219,,,,,,
9040,97,33,False,0.6774166822433472,,,,,,
9045,59,24,False,0.7415177226066589,,,,,,
9046,83,30,False,0.8409346342086792,,,,,,
9048,49,13,False,0.8366707563400269,,,,,,
9049,44,23,False,0.9354868531227112,,,,,,
9054,49,16,False,0.8160571455955505,,,,,,
9056,23,20,False,0.8304358720779419,,,,,,
9057,52,22,False,0.6505545973777771,,,,,,
9059,46,22,False,0.7878063321113586,,,,,,
9061,52,24,False,0.7522251009941101,,,,,,
9062,14,25,False,0.6301588416099548,,,,,,
9064,57,27,False,0.5497820973396301,,,,,,
9068,38,21,False,0.8926791548728943,,,,,,
9069,52,29,False,0.592138409614563,,,,,,
9071,42,35,True,0.8725058436393738,41.0,49.0,True,False,2.5,9.5
9072,41,27,False,0.8263429403305054,,,,,,
9074,40,11,False,0.5755988359451294,,,,,,
9075,46,20,False,0.6082319021224976,,,,,,
9078,57,37,False,0.6633030772209167,,,,,,
9081,63,11,False,0.864098072052002,,,,,,
9085,19,21,False,0.7772526741027832,,,,,,
9089,23,24,True,0.8851736187934875,23.0,31.0,True,True,3.5,2.5
9093,26,14,False,0.94294673204422,,,,,,
9094,49,29,False,0.9085233807563782,,,,,,
9096,46,29,False,0.7678577899932861,,,,,,
9097,74,24,False,0.8749380111694336,,,,,,
9098,33,28,False,0.9392253160476685,,,,,,
9099,50,32,False,0.5570628643035889,,,,,,
9103,43,21,True,0.9426209330558777,42.0,50.0,True,False,2.5,24.5
9105,45,11,False,0.8815666437149048,,,,,,
9106,50,27,False,0.6544379591941833,,,,,,
9111,27,26,False,0.8805295825004578,,,,,,
9114,20,20,False,0.9328726530075073,,,,,,
9115,30,30,False,0.6136654615402222,,,,,,
9116,56,34,False,0.6153671145439148,,,,,,
9118,68,24,False,0.5619103312492371,,,,,,
9126,36,18,False,0.9849191904067993,,,,,,
9131,46,33,False,0.6548821330070496,,,,,,
9134,56,24,False,0.7554777264595032,,,,,,
9136,44,38,False,0.5902583599090576,,,,,,
9138,41,23,False,0.7572845816612244,,,,,,
9141,45,27,False,0.5509465336799622,,,,,,
9143,60,31,False,0.8469540476799011,,,,,,
9145,36,29,False,0.7846013903617859,,,,,,
9148,29,25,False,0.8500520586967468,,,,,,
9151,51,11,False,0.6269785165786743,,,,,,
9153,45,14,False,0.7310031652450562,,,,,,
9155,49,20,False,0.8979543447494507,,,,,,
9159,56,29,False,0.5535690784454346,,,,,,
9161,60,11,False,0.5334879755973816,,,,,,
9162,46,38,False,0.7238829135894775,,,,,,
9164,43,32,False,0.7623125910758972,,,,,,
9166,44,19,False,0.7724382281303406,,,,,,
9167,41,18,False,0.7724413275718689,,,,,,
9169,15,13,False,0.7787449359893799,,,,,,
9170,47,27,False,0.5489760637283325,,,,,,
9172,14,23,False,0.7997970581054688,,,,,,
9179,47,40,False,0.6248336434364319,,,,,,
9185,58,73,False,0.6718663573265076,,,,,,
9189,40,28,True,0.8548973202705383,69.0,77.0,False,False,32.5,44.5
9194,49,26,False,0.7209196090698242,,,,,,
9196,51,28,False,0.8850216865539551,,,,,,
9200,15,19,False,0.93890780210495,,,,,,
9202,45,31,False,0.8905916810035706,,,,,,
9207,29,27,False,0.888911783695221,,,,,,
9210,39,33,False,0.6315901279449463,,,,,,
9211,38,24,False,0.5669574737548828,,,,,,
9216,40,41,False,0.8298202157020569,,,,,,
9218,41,27,False,0.504440188407898,,,,,,
9221,24,23,False,0.8991672992706299,,,,,,
9224,41,25,False,0.7118070721626282,,,,,,
9225,37,26,False,0.6508691310882568,,,,,,
9227,16,18,False,0.8939631581306458,,,,,,
9229,43,30,False,0.7256737351417542,,,,,,
9235,58,25,False,0.628095805644989,,,,,,
9237,78,12,False,0.8420923948287964,,,,,,
9241,93,31,False,0.8310293555259705,,,,,,
9244,46,21,False,0.6746017932891846,,,,,,
9253,86,34,False,0.9112571477890015,,,,,,
9257,19,24,False,0.9786317348480225,,,,,,
9258,32,14,False,0.833432674407959,,,,,,
9259,35,28,True,0.9680424928665161,34.0,42.0,True,False,2.5,9.5
9260,46,30,False,0.5624842047691345,,,,,,
9263,74,15,False,0.7323636412620544,,,,,,
9266,41,30,False,0.809420108795166,,,,,,
9272,39,24,False,0.9453292489051819,,,,,,
9274,39,25,False,0.8265267014503479,,,,,,
9283,49,24,False,0.7533517479896545,,,,,,
9285,41,33,False,0.5509049296379089,,,,,,
9289,48,26,False,0.9298205971717834,,,,,,
9293,15,15,True,0.7287384271621704,13.0,21.0,True,True,1.5,1.5
9295,55,20,False,0.8873787522315979,,,,,,
9297,64,29,False,0.8013095259666443,,,,,,
9300,24,23,False,0.7617805600166321,,,,,,
9303,29,23,False,0.7109833359718323,,,,,,
9304,46,0,False,0.8100713491439819,,,,,,
9305,46,24,False,0.9882060289382935,,,,,,
9308,83,9,False,0.6152188777923584,,,,,,
9323,53,24,False,0.5643442869186401,,,,,,
9325,32,28,False,0.7994135022163391,,,,,,
9330,61,31,False,0.6236443519592285,,,,,,
9331,37,30,False,0.651043176651001,,,,,,
9333,37,32,False,0.6257303953170776,,,,,,
9337,53,6,False,0.8281267285346985,,,,,,
9339,56,22,False,0.6014262437820435,,,,,,
9344,30,30,False,0.6085422039031982,,,,,,
9351,49,33,False,0.7606109976768494,,,,,,
9352,43,33,False,0.9078099727630615,,,,,,
9355,41,22,False,0.6643601059913635,,,,,,
9356,20,25,False,0.5436400175094604,,,,,,
9357,55,25,False,0.6760340929031372,,,,,,
9358,49,26,False,0.8585988879203796,,,,,,
9360,30,30,True,0.95110023021698,29.0,37.0,True,True,2.5,2.5
9363,43,31,False,0.883089005947113,,,,,,
9365,17,27,False,0.9181429147720337,,,,,,
9366,41,16,False,0.5776417255401611,,,,,,
9368,32,29,False,0.7639845609664917,,,,,,
9369,42,30,False,0.6642447710037231,,,,,,
9373,59,33,False,0.5260469913482666,,,,,,
9375,62,36,False,0.6699283123016357,,,,,,
9378,84,35,False,0.8781639933586121,,,,,,
9383,29,22,False,0.9909130334854126,,,,,,
9386,45,26,False,0.7255156636238098,,,,,,
9389,52,8,False,0.8194311261177063,,,,,,
9394,49,30,False,0.8415191769599915,,,,,,
9398,54,25,False,0.5386168360710144,,,,,,
9407,32,20,False,0.9497266411781311,,,,,,
9409,45,30,False,0.7076542377471924,,,,,,
9412,57,15,False,0.7259446978569031,,,,,,
9415,26,29,False,0.5833320021629333,,,,,,
9419,38,35,False,0.8908972144126892,,,,,,
9425,62,25,False,0.8751575350761414,,,,,,
9428,43,20,False,0.8041310906410217,,,,,,
9430,48,22,True,0.9540715217590332,53.0,61.0,False,False,8.5,34.5
9434,42,1,False,0.7796963453292847,,,,,,
9435,43,17,False,0.9127597212791443,,,,,,
9436,43,28,False,0.7877758145332336,,,,,,
9438,57,27,False,0.5551396608352661,,,,,,
9441,47,24,False,0.9489421844482422,,,,,,
9442,81,29,True,0.9007557034492493,73.0,81.0,True,False,4.5,47.5
9445,25,20,False,0.9838972091674805,,,,,,
9447,40,27,False,0.9830266833305359,,,,,,
9448,70,16,False,0.8147280812263489,,,,,,
9451,25,23,False,0.952523946762085,,,,,,
9452,31,27,False,0.9008715748786926,,,,,,
9456,18,33,False,0.932805597782135,,,,,,
9459,51,17,False,0.8568388223648071,,,,,,
9460,20,22,False,0.9676809906959534,,,,,,
9461,66,89,False,0.7205128073692322,,,,,,
9462,64,34,False,0.5820523500442505,,,,,,
9463,17,29,True,0.9319962859153748,17.0,25.0,True,False,3.5,8.5
9466,51,16,False,0.9711257815361023,,,,,,
9472,50,29,False,0.8962281942367554,,,,,,
9475,12,17,False,0.8149662613868713,,,,,,
9477,29,20,False,0.969108521938324,,,,,,
9479,42,24,False,0.7018938064575195,,,,,,
9482,24,30,False,0.7430968880653381,,,,,,
9489,41,27,False,0.9133777022361755,,,,,,
9490,62,10,True,0.8522072434425354,58.0,66.0,True,False,0.5,51.5
9491,36,28,False,0.9194055199623108,,,,,,
9494,42,19,False,0.8409616947174072,,,,,,
9498,37,24,False,0.9009861350059509,,,,,,
9500,36,28,False,0.8963209986686707,,,,,,
9501,16,25,False,0.9247081875801086,,,,,,
9502,95,20,False,0.6274743676185608,,,,,,
9503,45,34,False,0.606406033039093,,,,,,
9507,67,14,False,0.7669678330421448,,,,,,
9513,42,31,False,0.5779807567596436,,,,,,
9514,49,17,False,0.9446898698806763,,,,,,
9516,46,28,False,0.6856797337532043,,,,,,
9519,52,12,False,0.7425700426101685,,,,,,
9523,49,25,False,0.770321786403656,,,,,,
9524,49,32,False,0.8039405345916748,,,,,,
9525,38,25,False,0.6609076857566833,,,,,,
9529,40,20,False,0.6899619102478027,,,,,,
9530,43,32,False,0.6906105875968933,,,,,,
9534,45,20,False,0.6347209215164185,,,,,,
9535,24,21,False,0.7967774271965027,,,,,,
9540,32,37,False,0.7523894906044006,,,,,,
9542,24,20,False,0.7771727442741394,,,,,,
9546,45,52,False,0.8598656058311462,,,,,,
9547,29,28,False,0.5963752269744873,,,,,,
9548,49,23,False,0.8510045409202576,,,,,,
9549,46,15,False,0.9238724708557129,,,,,,
9550,34,27,False,0.8972575664520264,,,,,,
9552,39,24,False,0.9920170307159424,,,,,,
9553,39,40,False,0.6230028867721558,,,,,,
9554,32,25,False,0.7645339965820312,,,,,,
9555,37,31,False,0.5264905691146851,,,,,,
9556,39,29,False,0.9112227559089661,,,,,,
9558,34,24,False,0.9790685176849365,,,,,,
9561,39,33,False,0.5608908534049988,,,,,,
9565,35,32,False,0.8736388087272644,,,,,,
9566,30,29,False,0.6383852958679199,,,,,,
9572,38,0,False,0.5384159088134766,,,,,,
9573,23,23,False,0.7747016549110413,,,,,,
9574,78,32,False,0.8938869833946228,,,,,,
9578,27,25,False,0.7547634243965149,,,,,,
9580,29,21,False,0.9758113622665405,,,,,,
9584,40,33,False,0.6126853823661804,,,,,,
9585,20,29,False,0.639572024345398,,,,,,
9591,44,27,False,0.9552114009857178,,,,,,
9593,44,25,False,0.7327893972396851,,,,,,
9594,45,1,False,0.6901189088821411,,,,,,
9598,49,33,False,0.606145977973938,,,,,,
9601,77,27,False,0.8691984415054321,,,,,,
9606,52,27,False,0.6862378120422363,,,,,,
9607,34,31,True,0.8824004530906677,33.0,41.0,True,True,2.5,5.5
9610,50,17,False,0.7045532464981079,,,,,,
9611,52,33,False,0.7233277559280396,,,,,,
9612,68,19,False,0.9089405536651611,,,,,,
9619,34,14,False,0.6732336282730103,,,,,,
9624,65,25,False,0.9237971901893616,,,,,,
9626,41,11,False,0.7454996705055237,,,,,,
9628,48,25,False,0.8701111078262329,,,,,,
9631,51,35,False,0.5336799025535583,,,,,,
9635,25,25,False,0.985285222530365,,,,,,
9638,46,27,False,0.5864142775535583,,,,,,
9641,38,20,False,0.5358967185020447,,,,,,
9653,88,28,False,0.7525218725204468,,,,,,
9657,14,13,False,0.6312358379364014,,,,,,
9659,45,18,False,0.6633160710334778,,,,,,
9663,38,24,False,0.8742885589599609,,,,,,
9665,53,31,False,0.7514891028404236,,,,,,
9666,41,30,False,0.6575335264205933,,,,,,
9670,33,29,False,0.9483351111412048,,,,,,
9671,24,30,False,0.9652390480041504,,,,,,
9673,40,29,False,0.6623506546020508,,,,,,
9675,49,28,False,0.6342815160751343,,,,,,
9677,29,29,False,0.7196352481842041,,,,,,
9678,48,19,False,0.6883462071418762,,,,,,
9679,48,37,False,0.7497041821479797,,,,,,
9681,55,32,True,0.9037392735481262,38.0,46.0,False,False,13.5,9.5
9684,26,23,False,0.9321831464767456,,,,,,
9685,63,98,False,0.8338056206703186,,,,,,
9686,46,26,False,0.6126827001571655,,,,,,
9689,43,11,False,0.7105903625488281,,,,,,
9690,38,35,True,0.9548761248588562,37.0,45.0,True,True,2.5,5.5
9692,22,24,True,0.9783157110214233,21.0,29.0,True,True,2.5,0.5
9696,46,27,False,0.5552026033401489,,,,,,
9697,43,5,False,0.6095944046974182,,,,,,
9702,50,27,False,0.7593275308609009,,,,,,
9704,22,26,False,0.6336431503295898,,,,,,
9708,47,34,False,0.5303065776824951,,,,,,
9710,44,32,False,0.6669905185699463,,,,,,
9713,52,32,False,0.5828823447227478,,,,,,
9714,45,23,False,0.6194908618927002,,,,,,
9715,34,31,False,0.8228861093521118,,,,,,
9722,49,18,False,0.9312233328819275,,,,,,
9725,24,19,False,0.7517945170402527,,,,,,
9727,20,16,False,0.9617296457290649,,,,,,
9729,68,25,False,0.988038182258606,,,,,,
9730,43,16,False,0.7254769802093506,,,,,,
9731,12,8,False,0.8680793046951294,,,,,,
9732,75,27,False,0.6857201457023621,,,,,,
9737,54,23,False,0.9731300473213196,,,,,,
9740,57,26,False,0.9160354137420654,,,,,,
9746,46,34,False,0.7464329600334167,,,,,,
9749,39,28,False,0.7470305562019348,,,,,,
9750,42,55,True,0.6730875968933105,49.0,57.0,False,True,10.5,2.5
9751,37,26,False,0.9503740668296814,,,,,,
9758,48,23,False,0.7986226677894592,,,,,,
9760,47,18,False,0.7877782583236694,,,,,,
9761,75,24,True,0.6243056654930115,86.0,94.0,False,False,14.5,65.5
9762,54,15,False,0.9109159708023071,,,,,,
9767,47,32,False,0.5013972520828247,,,,,,
9773,85,24,False,0.7868896722793579,,,,,,
9774,53,22,False,0.9509022831916809,,,,,,
9779,41,28,False,0.6413009762763977,,,,,,
9781,46,25,False,0.9264923334121704,,,,,,
9783,90,26,False,0.9836461544036865,,,,,,
9784,38,16,False,0.8523744940757751,,,,,,
9788,45,27,False,0.6925560832023621,,,,,,
9789,41,25,False,0.8101069331169128,,,,,,
9792,25,30,False,0.9537657499313354,,,,,,
9793,41,32,False,0.676899254322052,,,,,,
9794,30,28,False,0.9344165921211243,,,,,,
9795,41,26,False,0.550976037979126,,,,,,
9796,76,18,True,0.9639222025871277,46.0,54.0,False,False,26.5,31.5
9798,41,31,False,0.9182713627815247,,,,,,
9803,29,37,False,0.7235469222068787,,,,,,
9804,49,19,False,0.8499053120613098,,,,,,
9805,52,24,False,0.8986189365386963,,,,,,
9807,53,31,False,0.794759213924408,,,,,,
9809,45,30,False,0.8986404538154602,,,,,,
9812,50,21,True,0.9122642278671265,49.0,57.0,True,False,2.5,31.5
9814,47,24,False,0.8936311602592468,,,,,,
9816,49,17,False,0.8656095862388611,,,,,,
9817,28,29,False,0.8576756119728088,,,,,,
9818,54,28,False,0.72206711769104,,,,,,
9819,36,30,False,0.7708998918533325,,,,,,
9821,36,28,False,0.9257359504699707,,,,,,
9822,54,27,False,0.6691930890083313,,,,,,
9825,50,34,False,0.7986817359924316,,,,,,
9826,38,22,False,0.9697644710540771,,,,,,
9827,43,37,False,0.7241323590278625,,,,,,
9828,47,18,False,0.9355107545852661,,,,,,
9829,84,15,False,0.7665418386459351,,,,,,
9832,39,28,False,0.705042839050293,,,,,,
9836,26,23,False,0.939501941204071,,,,,,
9837,35,27,False,0.6183721423149109,,,,,,
9838,49,34,True,0.7772021889686584,36.0,44.0,False,True,9.5,5.5
9840,62,25,False,0.7089720368385315,,,,,,
9841,34,24,False,0.7758083939552307,,,,,,
9843,49,1,False,0.700995683670044,,,,,,
9844,20,21,False,0.8365497589111328,,,,,,
9845,56,29,False,0.7049682140350342,,,,,,
9851,42,29,False,0.6063100099563599,,,,,,
9854,26,25,False,0.7231654524803162,,,,,,
9856,58,30,False,0.627913236618042,,,,,,
9859,31,28,False,0.9266434907913208,,,,,,
9861,52,29,False,0.61082524061203,,,,,,
9863,28,20,True,0.8905103206634521,22.0,30.0,True,True,2.5,5.5
9866,48,30,False,0.8420189023017883,,,,,,
9876,43,19,False,0.833233118057251,,,,,,
9877,43,28,False,0.7464497089385986,,,,,,
9878,36,22,False,0.9625544548034668,,,,,,
9880,70,26,False,0.8282071352005005,,,,,,
9882,48,16,False,0.9410052299499512,,,,,,
9883,65,27,False,0.7688078284263611,,,,,,
9886,44,22,False,0.8843890428543091,,,,,,
9889,20,35,False,0.716274082660675,,,,,,
9892,49,28,False,0.7666326761245728,,,,,,
9893,98,29,False,0.8456324338912964,,,,,,
9898,50,21,False,0.539717972278595,,,,,,
9899,32,29,False,0.962630569934845,,,,,,
9903,25,24,True,0.8986456990242004,23.0,31.0,True,True,1.5,2.5
9908,43,29,True,0.9197360277175903,43.0,51.0,True,False,3.5,17.5
9913,43,21,False,0.8099258542060852,,,,,,
9914,48,29,False,0.5352434515953064,,,,,,
9916,48,27,False,0.5904995203018188,,,,,,
9920,48,21,False,0.6648701429367065,,,,,,
9922,74,33,False,0.5798901915550232,,,,,,
9923,31,31,False,0.628921627998352,,,,,,
9924,52,11,False,0.8583592772483826,,,,,,
9927,52,29,False,0.5830601453781128,,,,,,
9929,21,20,False,0.972085177898407,,,,,,
9930,55,31,False,0.5604466199874878,,,,,,
9932,49,21,False,0.8438666462898254,,,,,,
9933,59,29,False,0.767428994178772,,,,,,
9934,66,19,False,0.6780285239219666,,,,,,
9940,47,17,False,0.8571346402168274,,,,,,
9941,12,29,False,0.9101325273513794,,,,,,
9942,46,24,False,0.5765559077262878,,,,,,
9943,44,31,False,0.7571836709976196,,,,,,
9944,42,24,False,0.7970617413520813,,,,,,
9945,45,31,False,0.7903373837471008,,,,,,
9946,20,26,True,0.8840187788009644,20.0,28.0,True,True,3.5,2.5
9947,60,92,True,0.9149972796440125,59.0,67.0,True,False,2.5,29.5
9949,36,25,True,0.8779918551445007,15.0,23.0,False,False,17.5,6.5
9950,57,28,False,0.803151547908783,,,,,,
9951,39,24,False,0.9913501739501953,,,,,,
9956,23,19,False,0.6103842258453369,,,,,,
9958,34,23,False,0.7926381230354309,,,,,,
9960,55,21,False,0.632236897945404,,,,,,
9961,58,35,False,0.5689632296562195,,,,,,
9963,43,32,False,0.8936499357223511,,,,,,
9966,70,15,False,0.7673049569129944,,,,,,
9968,45,25,False,0.7990357279777527,,,,,,
9970,43,26,False,0.8140131831169128,,,,,,
9972,52,27,False,0.6977440118789673,,,,,,
9973,49,25,False,0.9318466186523438,,,,,,
9974,55,18,False,0.9046658277511597,,,,,,
9977,45,27,False,0.6975914239883423,,,,,,
9979,44,24,False,0.9902770519256592,,,,,,
9981,41,26,True,0.9147619605064392,41.0,49.0,True,False,3.5,18.5
9990,38,24,False,0.9942031502723694,,,,,,
9999,75,14,False,0.5450872182846069,,,,,,
10007,73,27,False,0.6662073135375977,,,,,,
10009,71,37,False,0.8237406015396118,,,,,,
10010,21,28,False,0.8134462833404541,,,,,,
10025,37,15,False,0.6409075260162354,,,,,,
10031,37,22,False,0.8853944540023804,,,,,,
10034,48,23,False,0.6230612993240356,,,,,,
10035,24,22,False,0.7005149722099304,,,,,,
10036,42,75,False,0.6225770115852356,,,,,,
10041,39,31,False,0.7250164151191711,,,,,,
10042,40,24,False,0.6070910096168518,,,,,,
10043,45,17,False,0.6445479393005371,,,,,,
10046,38,26,False,0.9236976504325867,,,,,,
10049,23,23,False,0.8626284599304199,,,,,,
10051,34,28,False,0.5340839624404907,,,,,,
10052,28,24,False,0.9344930648803711,,,,,,
10057,55,30,True,0.9109272360801697,53.0,61.0,True,False,1.5,26.5
10058,30,30,False,0.8756005764007568,,,,,,
10059,49,31,False,0.6391170620918274,,,,,,
10060,24,10,False,0.8729960918426514,,,,,,
10063,43,33,False,0.5577784180641174,,,,,,
10065,42,28,False,0.7546747326850891,,,,,,
10066,46,31,False,0.5282244682312012,,,,,,
10067,45,10,False,0.7175197005271912,,,,,,
10068,51,1,False,0.5620368719100952,,,,,,
10069,14,33,False,0.8068525791168213,,,,,,
10070,33,28,False,0.7735438346862793,,,,,,
10071,25,22,False,0.9303585886955261,,,,,,
10077,47,34,True,0.8625034093856812,46.0,54.0,True,False,2.5,15.5
10081,54,23,False,0.8189282417297363,,,,,,
10083,52,33,False,0.6192596554756165,,,,,,
10086,42,29,False,0.5953978300094604,,,,,,
10088,37,28,False,0.9774399995803833,,,,,,
10101,38,32,False,0.5588446855545044,,,,,,
10102,57,31,False,0.5087558627128601,,,,,,
10103,48,29,False,0.6512773633003235,,,,,,
10105,19,15,False,0.9535415172576904,,,,,,
10106,36,33,False,0.9318834543228149,,,,,,
10108,27,23,False,0.9099259972572327,,,,,,
10118,37,27,False,0.9430736303329468,,,,,,
10120,40,20,False,0.9064003825187683,,,,,,
10122,32,28,False,0.96037757396698,,,,,,
10123,43,28,False,0.979548454284668,,,,,,
10125,46,15,False,0.566535472869873,,,,,,
10127,54,28,False,0.8904880881309509,,,,,,
10129,47,24,False,0.9197677969932556,,,,,,
10131,42,19,False,0.5761665105819702,,,,,,
10133,52,28,False,0.6014735102653503,,,,,,
10134,68,31,False,0.789026141166687,,,,,,
10137,25,27,False,0.7497293949127197,,,,,,
10139,51,26,False,0.7820683121681213,,,,,,
10144,47,29,False,0.5608939528465271,,,,,,
10145,36,10,False,0.6684912443161011,,,,,,
10146,43,24,False,0.8293378353118896,,,,,,
10147,45,12,False,0.6443270444869995,,,,,,
10149,22,21,False,0.9827728271484375,,,,,,
10152,87,31,False,0.6315746903419495,,,,,,
10156,45,28,False,0.7295642495155334,,,,,,
10157,37,21,False,0.6995736956596375,,,,,,
10158,40,2,False,0.5871837735176086,,,,,,
10161,76,80,False,0.6585910320281982,,,,,,
10162,45,29,False,0.5610843896865845,,,,,,
10165,43,27,False,0.8677636384963989,,,,,,
10167,45,21,False,0.7298446893692017,,,,,,
10170,41,32,False,0.7154362797737122,,,,,,
10172,71,100,False,0.8347874283790588,,,,,,
10178,45,17,False,0.8832212686538696,,,,,,
10181,48,33,True,0.8170943856239319,64.0,72.0,False,False,19.5,34.5
10182,43,29,False,0.9112458825111389,,,,,,
10184,45,12,False,0.5322048664093018,,,,,,
10187,56,26,False,0.5782230496406555,,,,,,
10189,18,25,False,0.8467497825622559,,,,,,
10191,50,28,False,0.8266863822937012,,,,,,
10192,42,17,False,0.9461109042167664,,,,,,
10200,22,20,False,0.9894044399261475,,,,,,
10202,21,34,False,0.7714716792106628,,,,,,
10205,39,32,False,0.5200939774513245,,,,,,
10209,68,26,False,0.823613166809082,,,,,,
10217,24,29,False,0.8004090785980225,,,,,,
10218,47,25,False,0.8810067772865295,,,,,,
10219,35,30,False,0.5973315238952637,,,,,,
10221,36,28,False,0.7536265850067139,,,,,,
10222,53,22,False,0.7360202074050903,,,,,,
10226,49,21,False,0.7551441788673401,,,,,,
10229,63,27,False,0.7906668782234192,,,,,,
10231,45,36,False,0.837782084941864,,,,,,
10234,57,18,True,0.8917316794395447,56.0,64.0,True,False,2.5,41.5
10236,52,23,False,0.8651446104049683,,,,,,
10237,50,25,False,0.8018180727958679,,,,,,
10238,46,25,False,0.5911225080490112,,,,,,
10241,27,27,False,0.9833539724349976,,,,,,
10242,41,27,False,0.9126532673835754,,,,,,
10243,22,21,True,0.6614027619361877,20.0,28.0,True,True,1.5,2.5
10245,56,26,False,0.6742596626281738,,,,,,
10249,26,23,False,0.9827309250831604,,,,,,
10250,43,87,False,0.5425785779953003,,,,,,
10252,33,31,False,0.5785742402076721,,,,,,
10253,43,24,False,0.8373510837554932,,,,,,
10255,37,26,False,0.7461197376251221,,,,,,
10256,55,25,False,0.6238466501235962,,,,,,
10257,46,25,False,0.7695248126983643,,,,,,
10260,28,24,False,0.8191969394683838,,,,,,
10263,52,21,False,0.8938224911689758,,,,,,
10266,38,30,False,0.8384571075439453,,,,,,
10268,40,28,False,0.8854894042015076,,,,,,
10269,53,26,True,0.8832011818885803,51.0,59.0,True,False,1.5,28.5
10270,47,32,False,0.6786966919898987,,,,,,
10271,35,29,False,0.660987138748169,,,,,,
10272,43,41,False,0.6133424639701843,,,,,,
10273,63,22,False,0.9143932461738586,,,,,,
10275,38,29,False,0.8388658165931702,,,,,,
10278,21,23,False,0.9732417464256287,,,,,,
10281,46,26,False,0.5100802183151245,,,,,,
10283,78,10,False,0.6716614961624146,,,,,,
10284,51,100,False,0.7449895739555359,,,,,,
10285,54,31,False,0.7961171269416809,,,,,,
10286,74,23,False,0.7886533737182617,,,,,,
10287,44,29,False,0.8215323686599731,,,,,,
10293,64,92,False,0.8861281871795654,,,,,,
10299,48,25,False,0.5508121252059937,,,,,,
10302,20,24,False,0.8515685796737671,,,,,,
10303,37,34,False,0.6880385875701904,,,,,,
10304,94,25,False,0.6836736798286438,,,,,,
10305,45,30,False,0.5527867078781128,,,,,,
10306,25,23,False,0.6381267309188843,,,,,,
10311,57,25,False,0.865142285823822,,,,,,
10315,63,28,False,0.7533075213432312,,,,,,
10320,34,23,False,0.9939524531364441,,,,,,
10328,55,29,False,0.7490872740745544,,,,,,
10330,28,24,False,0.9831120371818542,,,,,,
10331,47,54,True,0.9572613835334778,46.0,54.0,True,True,2.5,4.5
10334,45,25,False,0.6527848839759827,,,,,,
10335,82,30,False,0.5065032839775085,,,,,,
10337,26,25,False,0.9623783826828003,,,,,,
10339,40,1,False,0.5458648204803467,,,,,,
10341,27,25,False,0.9402348399162292,,,,,,
10343,38,43,True,0.8837697505950928,49.0,57.0,False,False,14.5,9.5
10347,15,16,False,0.7079470753669739,,,,,,
10348,39,32,False,0.9004077911376953,,,,,,
10351,46,27,False,0.7944808602333069,,,,,,
10353,50,23,False,0.5641102194786072,,,,,,
10354,33,27,False,0.7509797811508179,,,,,,
10356,46,25,False,0.8778986930847168,,,,,,
10360,37,30,False,0.8089824318885803,,,,,,
10366,61,26,False,0.687877893447876,,,,,,
10367,34,25,False,0.8859014511108398,,,,,,
10368,56,26,False,0.7067599892616272,,,,,,
10372,48,30,False,0.7784452438354492,,,,,,
10373,34,23,False,0.9049752354621887,,,,,,
10376,71,18,False,0.9142269492149353,,,,,,
10377,53,34,True,0.8710511922836304,52.0,60.0,True,False,2.5,21.5
10378,49,18,False,0.6415355801582336,,,,,,
10380,42,31,True,0.9590006470680237,41.0,49.0,True,False,2.5,13.5
10383,44,26,False,0.58474200963974,,,,,,
10384,24,25,False,0.9575366377830505,,,,,,
10390,43,36,True,0.7236363291740417,17.0,25.0,False,False,22.5,15.5
10393,35,24,False,0.9872050285339355,,,,,,
10394,40,47,False,0.6555273532867432,,,,,,
10395,67,25,False,0.5400794744491577,,,,,,
10402,41,26,False,0.9848568439483643,,,,,,
10406,19,15,False,0.8266145586967468,,,,,,
10408,30,36,False,0.763377845287323,,,,,,
10410,49,15,False,0.5297716856002808,,,,,,
10411,45,31,False,0.8631929159164429,,,,,,
10415,63,31,False,0.7760801911354065,,,,,,
10417,50,30,False,0.7835395932197571,,,,,,
10418,43,8,False,0.7122999429702759,,,,,,
10421,76,38,False,0.6097671389579773,,,,,,
10422,60,36,False,0.5868020057678223,,,,,,
10429,43,26,False,0.6326366066932678,,,,,,
10430,45,27,False,0.6342421770095825,,,,,,
10434,45,17,False,0.7295384407043457,,,,,,
10435,49,22,False,0.7212488651275635,,,,,,
10437,25,14,False,0.8466653823852539,,,,,,
10438,33,36,False,0.5613946914672852,,,,,,
10444,54,16,False,0.9147305488586426,,,,,,
10446,43,19,False,0.560259222984314,,,,,,
10447,51,25,False,0.9208470582962036,,,,,,
10448,45,38,False,0.8463999629020691,,,,,,
10449,24,18,False,0.9891512393951416,,,,,,
10450,51,35,False,0.539790153503418,,,,,,
10455,83,29,False,0.9339229464530945,,,,,,
10459,26,32,False,0.7186879515647888,,,,,,
10460,25,22,False,0.9344005584716797,,,,,,
10463,24,21,False,0.9327794909477234,,,,,,
10464,47,30,False,0.5933415293693542,,,,,,
10465,61,24,True,0.9413928985595703,23.0,31.0,False,True,34.5,2.5
10466,42,31,False,0.8145421743392944,,,,,,
10467,45,28,False,0.8631327152252197,,,,,,
10472,48,21,False,0.5336884260177612,,,,,,
10473,35,30,True,0.9533362984657288,34.0,42.0,True,False,2.5,7.5
10474,75,27,False,0.7205601334571838,,,,,,
10477,70,92,False,0.863725483417511,,,,,,
10478,43,29,False,0.77839195728302,,,,,,
10479,45,22,False,0.6917946934700012,,,,,,
10480,50,34,False,0.5804873108863831,,,,,,
10481,65,31,False,0.7059595584869385,,,,,,
10482,90,25,False,0.825145959854126,,,,,,
10483,55,22,False,0.5432790517807007,,,,,,
10493,98,30,False,0.7949969172477722,,,,,,
10496,50,31,False,0.7880076766014099,,,,,,
10497,28,28,False,0.8563304543495178,,,,,,
10499,47,32,False,0.5424371361732483,,,,,,
10501,41,30,False,0.579383373260498,,,,,,
10502,48,30,False,0.737440288066864,,,,,,
10504,27,21,False,0.9828113317489624,,,,,,
10510,45,39,False,0.6897612810134888,,,,,,
10516,93,27,False,0.7378467917442322,,,,,,
10520,47,26,False,0.923882246017456,,,,,,
10522,24,22,True,0.9353513717651367,23.0,31.0,True,True,2.5,4.5
10529,88,25,False,0.6905166506767273,,,,,,
10531,43,24,False,0.7523965835571289,,,,,,
10535,59,16,False,0.9638968110084534,,,,,,
10538,27,27,False,0.5478528141975403,,,,,,
10540,45,29,False,0.8608521223068237,,,,,,
10544,43,27,False,0.8944645524024963,,,,,,
10548,49,21,False,0.8777762055397034,,,,,,
10549,36,20,False,0.724814236164093,,,,,,
10553,46,39,True,0.548835039138794,71.0,79.0,False,False,28.5,35.5
10554,55,30,False,0.8307976722717285,,,,,,
10557,30,26,False,0.8718799352645874,,,,,,
10558,17,15,False,0.8204458355903625,,,,,,
10560,20,30,False,0.8640069365501404,,,,,,
10564,36,22,False,0.9839988350868225,,,,,,
10566,39,30,False,0.7259166836738586,,,,,,
10568,26,26,False,0.7640171051025391,,,,,,
10569,45,16,False,0.9570545554161072,,,,,,
10572,24,21,False,0.7810025811195374,,,,,,
10573,34,27,False,0.6186251044273376,,,,,,
10575,66,0,False,0.6173924803733826,,,,,,
10583,42,32,False,0.6800335049629211,,,,,,
10585,33,24,False,0.8073427677154541,,,,,,
10586,53,30,False,0.7337168455123901,,,,,,
10588,39,36,False,0.8458868861198425,,,,,,
10590,50,24,False,0.7635543942451477,,,,,,
10591,49,24,False,0.7092116475105286,,,,,,
10594,77,26,False,0.8753733038902283,,,,,,
10598,27,26,False,0.7807934880256653,,,,,,
10599,93,35,False,0.6722414493560791,,,,,,
10601,43,29,False,0.7375460267066956,,,,,,
10603,75,26,False,0.5190021395683289,,,,,,
10605,75,27,False,0.9183356761932373,,,,,,
10607,68,45,False,0.5281009078025818,,,,,,
10609,56,17,False,0.9566669464111328,,,,,,
10612,28,25,False,0.9515812993049622,,,,,,
10616,93,18,False,0.5555341839790344,,,,,,
10617,34,31,False,0.5397228002548218,,,,,,
10618,40,30,False,0.8295428156852722,,,,,,
10619,63,21,False,0.7716174125671387,,,,,,
10623,44,24,False,0.6133292317390442,,,,,,
10624,43,33,False,0.7429180145263672,,,,,,
10625,51,23,False,0.8583991527557373,,,,,,
10628,30,26,False,0.9650386571884155,,,,,,
10632,46,29,False,0.9521737694740295,,,,,,
10633,57,19,False,0.8586296439170837,,,,,,
10637,83,30,False,0.5642462372779846,,,,,,
10639,25,22,False,0.5422204732894897,,,,,,
10641,51,44,True,0.6257199645042419,13.0,21.0,False,False,34.5,27.5
10643,47,28,True,0.8681570887565613,42.0,50.0,True,False,1.5,17.5
10644,46,29,False,0.596152126789093,,,,,,
10645,21,27,False,0.5734263062477112,,,,,,
10649,39,19,False,0.9235917329788208,,,,,,
10650,50,14,False,0.8087689280509949,,,,,,
10652,66,33,True,0.6116277575492859,64.0,72.0,True,False,1.5,34.5
10653,37,24,False,0.9468376040458679,,,,,,
10658,48,16,False,0.6785503029823303,,,,,,
10661,29,26,False,0.9901480078697205,,,,,,
10663,46,41,False,0.7249549627304077,,,,,,
10664,25,24,False,0.980140745639801,,,,,,
10665,40,25,False,0.6451243758201599,,,,,,
10666,44,25,False,0.5939371585845947,,,,,,
10668,29,26,False,0.6306638717651367,,,,,,
10669,49,24,False,0.8135693073272705,,,,,,
10670,43,17,False,0.5743213295936584,,,,,,
10671,37,29,False,0.6131157279014587,,,,,,
10674,83,16,False,0.7859162092208862,,,,,,
10675,38,25,False,0.6189430952072144,,,,,,
10676,74,24,False,0.8860805630683899,,,,,,
10678,21,28,False,0.8789953589439392,,,,,,
10682,72,26,True,0.9150482416152954,54.0,62.0,False,False,14.5,31.5
10683,26,25,False,0.831810712814331,,,,,,
10684,37,27,False,0.7678901553153992,,,,,,
10685,86,30,False,0.722278356552124,,,,,,
10686,49,24,False,0.9660505056381226,,,,,,
10688,43,20,False,0.8215939998626709,,,,,,
10695,46,30,False,0.802746593952179,,,,,,
10696,65,22,False,0.8831378221511841,,,,,,
10699,39,27,False,0.9519661068916321,,,,,,
10701,65,95,False,0.9269501566886902,,,,,,
10704,49,28,False,0.761361300945282,,,,,,
10706,14,27,False,0.8622753620147705,,,,,,
10708,47,12,False,0.7954242825508118,,,,,,
10709,43,36,True,0.9429675340652466,42.0,50.0,True,False,2.5,9.5
10711,25,32,False,0.8580878973007202,,,,,,
10712,35,20,False,0.9274199604988098,,,,,,
10714,49,31,False,0.6963621377944946,,,,,,
10716,45,28,False,0.7312877774238586,,,,,,
10717,47,0,False,0.7077913284301758,,,,,,
10718,50,19,False,0.7875748872756958,,,,,,
10720,34,27,False,0.6968221068382263,,,,,,
10721,79,23,False,0.7476351261138916,,,,,,
10727,25,22,False,0.978082537651062,,,,,,
10729,43,32,True,0.9562792778015137,47.0,55.0,False,False,7.5,18.5
10736,72,26,False,0.6837886571884155,,,,,,
10737,44,18,False,0.830870509147644,,,,,,
10738,67,26,False,0.8121182918548584,,,,,,
10740,44,19,False,0.5136427879333496,,,,,,
10741,45,2,False,0.8637797832489014,,,,,,
10742,41,42,False,0.5563053488731384,,,,,,
10743,36,34,False,0.5460649132728577,,,,,,
10746,40,33,False,0.54238361120224,,,,,,
10748,45,25,False,0.9726305603981018,,,,,,
10749,36,35,False,0.7074549794197083,,,,,,
10750,37,26,False,0.9466453790664673,,,,,,
10753,42,11,False,0.6662002205848694,,,,,,
10754,48,27,False,0.6482190489768982,,,,,,
10757,45,19,False,0.9679752588272095,,,,,,
10759,68,29,False,0.7958138585090637,,,,,,
10764,53,27,False,0.6776534914970398,,,,,,
10767,23,19,False,0.9805535078048706,,,,,,
10768,49,29,True,0.9514135122299194,48.0,56.0,True,False,2.5,22.5
10769,16,17,True,0.8863365054130554,16.0,24.0,True,True,3.5,2.5
10771,87,35,False,0.8231156468391418,,,,,,
10777,49,24,True,0.8650904297828674,48.0,56.0,True,False,2.5,27.5
10779,40,25,False,0.8897372484207153,,,,,,
10780,86,30,True,0.9841672778129578,13.0,21.0,False,False,69.5,13.5
10781,40,40,False,0.5907056331634521,,,,,,
10783,52,28,False,0.640036404132843,,,,,,
10785,42,25,False,0.995455265045166,,,,,,
10787,79,13,False,0.9532446265220642,,,,,,
10789,38,25,False,0.9754106998443604,,,,,,
10791,37,22,False,0.9874885678291321,,,,,,
10793,49,28,False,0.568178117275238,,,,,,
10797,39,27,False,0.9224516153335571,,,,,,
10798,52,28,False,0.6220396757125854,,,,,,
10801,49,22,False,0.7529343962669373,,,,,,
10802,40,23,False,0.7013520002365112,,,,,,
10803,25,23,False,0.961741030216217,,,,,,
10810,88,32,False,0.7614389657974243,,,,,,
10811,25,23,False,0.9870103597640991,,,,,,
10812,28,28,False,0.9683187007904053,,,,,,
10813,42,26,False,0.933931291103363,,,,,,
10815,47,1,False,0.8602263331413269,,,,,,
10817,39,23,False,0.9886208176612854,,,,,,
10820,62,29,False,0.8211327195167542,,,,,,
10822,32,23,False,0.976093053817749,,,,,,
10825,39,43,False,0.7114340662956238,,,,,,
10829,38,41,False,0.8568320870399475,,,,,,
10830,57,25,False,0.5983269810676575,,,,,,
10832,17,25,False,0.9643843770027161,,,,,,
10833,26,24,False,0.9083025455474854,,,,,,
10834,38,16,False,0.7318631410598755,,,,,,
10837,17,22,False,0.8239227533340454,,,,,,
10839,31,26,False,0.9717857241630554,,,,,,
10842,45,29,False,0.8408095240592957,,,,,,
10850,33,27,True,0.9422606229782104,79.0,87.0,False,False,49.5,55.5
10853,26,23,False,0.8300422430038452,,,,,,
10856,73,29,False,0.5484904646873474,,,,,,
10860,18,15,False,0.9449834823608398,,,,,,
10866,33,31,True,0.9374237656593323,32.0,40.0,True,True,2.5,4.5
10868,85,30,False,0.8889821171760559,,,,,,
10871,45,20,False,0.8964505791664124,,,,,,
10873,85,39,False,0.6324294805526733,,,,,,
10884,44,27,True,0.7443382143974304,43.0,51.0,True,False,2.5,19.5
10886,76,26,False,0.6072843074798584,,,,,,
10887,36,24,False,0.7836620211601257,,,,,,
10889,37,23,False,0.9939536452293396,,,,,,
10893,62,36,False,0.5854082107543945,,,,,,
10895,57,26,False,0.6088829040527344,,,,,,
10898,42,40,False,0.6190282702445984,,,,,,
10899,83,32,False,0.6442698836326599,,,,,,
10900,69,17,False,0.6193131804466248,,,,,,
10903,47,20,False,0.5937387943267822,,,,,,
10904,43,32,False,0.6545612215995789,,,,,,
10908,96,27,False,0.6814957857131958,,,,,,
10909,97,8,False,0.5698273181915283,,,,,,
10912,50,26,False,0.5576931834220886,,,,,,
10916,46,28,False,0.7101681232452393,,,,,,
10918,50,0,False,0.8267269134521484,,,,,,
10923,41,24,False,0.9773856997489929,,,,,,
10927,44,39,False,0.6843005418777466,,,,,,
10929,31,32,False,0.6998588442802429,,,,,,
10930,39,28,False,0.7791341543197632,,,,,,
10933,46,27,False,0.8046718239784241,,,,,,
10934,79,28,False,0.7967024445533752,,,,,,
10935,47,27,True,0.8725424408912659,65.0,73.0,False,False,21.5,41.5
10936,55,24,False,0.6057144403457642,,,,,,
10938,47,26,False,0.6051393747329712,,,,,,
10939,42,29,False,0.7335641384124756,,,,,,
10940,38,39,False,0.6317245364189148,,,,,,
10941,39,30,False,0.6156697869300842,,,,,,
10945,56,96,True,0.9677338004112244,55.0,63.0,True,False,2.5,37.5
10946,63,24,False,0.5775580406188965,,,,,,
10950,71,29,True,0.8739650845527649,69.0,77.0,True,False,1.5,43.5
10955,36,27,True,0.8861939311027527,35.0,43.0,True,False,2.5,11.5
10956,52,19,False,0.8252716064453125,,,,,,
10958,41,43,False,0.5182836055755615,,,,,,
10959,38,27,False,0.8888890743255615,,,,,,
10967,62,27,False,0.921949565410614,,,,,,
10974,43,33,False,0.5188345909118652,,,,,,
10977,16,25,False,0.8843572735786438,,,,,,
10980,41,31,False,0.6998935341835022,,,,,,
10981,22,18,True,0.9484310746192932,20.0,28.0,True,True,1.5,5.5
10982,59,15,False,0.9166823625564575,,,,,,
10987,30,28,False,0.5525379180908203,,,,,,
10989,61,19,False,0.9476721286773682,,,,,,
10990,76,29,False,0.7203629016876221,,,,,,
10991,36,31,False,0.7563895583152771,,,,,,
10993,39,28,False,0.7105203866958618,,,,,,
10995,39,27,False,0.9029523730278015,,,,,,
10997,33,32,False,0.5784142017364502,,,,,,
10998,58,28,True,0.9140557050704956,44.0,52.0,False,False,10.5,19.5
11003,39,0,False,0.5972992777824402,,,,,,
11004,61,28,False,0.7554218769073486,,,,,,
11007,30,26,True,0.9202746152877808,28.0,36.0,True,True,1.5,5.5
11010,25,29,False,0.9564275741577148,,,,,,
11012,77,96,False,0.745858907699585,,,,,,
11014,72,11,False,0.6672463417053223,,,,,,
11015,30,27,False,0.6935123801231384,,,,,,
11017,48,25,False,0.9082829356193542,,,,,,
11018,52,36,False,0.5026509761810303,,,,,,
11023,90,22,False,0.7753804922103882,,,,,,
11024,77,30,True,0.9356855154037476,54.0,62.0,False,False,19.5,27.5
11025,18,26,False,0.9071530699729919,,,,,,
11026,24,21,False,0.9681576490402222,,,,,,
11028,88,22,False,0.6491208076477051,,,,,,
11029,46,32,False,0.821412980556488,,,,,,
11030,49,36,False,0.532864511013031,,,,,,
11039,36,27,False,0.5117582678794861,,,,,,
11046,39,33,False,0.6354678273200989,,,,,,
11048,52,28,False,0.635313868522644,,,,,,
11058,13,15,False,0.9772130846977234,,,,,,
11059,26,23,False,0.9815757274627686,,,,,,
11062,26,27,False,0.843036949634552,,,,,,
11063,47,23,False,0.7130835652351379,,,,,,
11069,41,26,False,0.9849863648414612,,,,,,
11072,52,36,False,0.5933759212493896,,,,,,
11076,43,38,False,0.8528696298599243,,,,,,
11079,65,28,False,0.5778942704200745,,,,,,
11081,54,35,False,0.5785601735115051,,,,,,
11083,40,32,False,0.9295476675033569,,,,,,
11084,52,15,False,0.7410393357276917,,,,,,
11087,46,42,False,0.6124266982078552,,,,,,
11091,80,25,True,0.9336922764778137,60.0,68.0,False,False,16.5,38.5
11092,40,23,False,0.6393409967422485,,,,,,
11094,33,15,False,0.7216367721557617,,,,,,
11095,41,27,False,0.9242976307868958,,,,,,
11102,33,19,False,0.7038782238960266,,,,,,
11104,48,35,False,0.5511782169342041,,,,,,
11109,49,33,False,0.6816247701644897,,,,,,
11110,39,42,False,0.630021333694458,,,,,,
11113,46,5,False,0.6274377703666687,,,,,,
11115,36,16,False,0.9683060646057129,,,,,,
11117,41,33,False,0.8028032779693604,,,,,,
11118,33,24,False,0.933694064617157,,,,,,
11120,51,32,False,0.7044247388839722,,,,,,
11122,44,25,False,0.9350928068161011,,,,,,
11131,44,22,False,0.9540408253669739,,,,,,
11132,51,30,True,0.9190871715545654,50.0,58.0,True,False,2.5,23.5
11136,49,34,True,0.960588812828064,9.0,17.0,False,False,36.5,21.5
11137,44,27,False,0.8454957604408264,,,,,,
11138,48,23,False,0.7532591223716736,,,,,,
11142,41,21,False,0.5995892286300659,,,,,,
11145,42,31,False,0.6100398302078247,,,,,,
11146,18,24,False,0.8743934631347656,,,,,,
11147,45,27,False,0.7909323573112488,,,,,,
11148,41,25,False,0.8837489485740662,,,,,,
11153,25,21,False,0.571060836315155,,,,,,
11154,36,35,False,0.5169952511787415,,,,,,
11160,39,24,False,0.9696120023727417,,,,,,
11165,33,24,False,0.7041488289833069,,,,,,
11166,42,26,False,0.9704745411872864,,,,,,
11168,25,27,False,0.95536869764328,,,,,,
11169,28,27,False,0.8818826675415039,,,,,,
11170,60,32,True,0.9545355439186096,59.0,67.0,True,False,2.5,30.5
11173,49,30,False,0.8334714770317078,,,,,,
11175,32,29,False,0.918592631816864,,,,,,
11176,40,23,False,0.9660871624946594,,,,,,
11177,48,24,False,0.9784989356994629,,,,,,
11180,44,28,False,0.8699327111244202,,,,,,
11181,42,17,False,0.8403401374816895,,,,,,
11186,38,29,False,0.87803715467453,,,,,,
11189,36,32,True,0.9067746996879578,34.0,42.0,True,True,1.5,5.5
11192,31,23,False,0.8164190649986267,,,,,,
11198,25,22,False,0.9758388996124268,,,,,,
11199,39,28,False,0.6578930020332336,,,,,,
11200,53,32,True,0.9424999952316284,14.0,22.0,False,False,35.5,14.5
11202,16,18,False,0.8056728839874268,,,,,,
11206,40,28,False,0.7312871813774109,,,,,,
11209,35,25,False,0.9032378196716309,,,,,,
11212,80,23,False,0.9153742790222168,,,,,,
11213,18,27,False,0.8165169954299927,,,,,,
11215,48,23,False,0.9504101276397705,,,,,,
11219,50,28,False,0.8053811192512512,,,,,,
11220,43,23,False,0.9005048871040344,,,,,,
11222,26,25,True,0.9397133588790894,24.0,32.0,True,True,1.5,2.5
11224,30,29,False,0.7276948690414429,,,,,,
11233,69,32,False,0.5376541614532471,,,,,,
11236,49,45,False,0.5468704104423523,,,,,,
11237,43,39,False,0.7383953332901001,,,,,,
11239,49,25,False,0.8592976331710815,,,,,,
11240,20,21,False,0.918194055557251,,,,,,
11243,50,18,False,0.9459697604179382,,,,,,
11245,56,34,False,0.7164134383201599,,,,,,
11246,44,37,False,0.8318197727203369,,,,,,
11247,40,31,False,0.78431636095047,,,,,,
11248,40,26,False,0.6278115510940552,,,,,,
11249,48,32,False,0.6616933941841125,,,,,,
11250,49,28,False,0.7682720422744751,,,,,,
11256,41,32,False,0.7892143130302429,,,,,,
11263,53,26,False,0.9001337885856628,,,,,,
11267,58,31,False,0.7294480800628662,,,,,,
11268,29,25,False,0.8878951668739319,,,,,,
11269,50,30,False,0.7495342493057251,,,,,,
11270,29,26,False,0.8538546562194824,,,,,,
11273,38,15,False,0.7795824408531189,,,,,,
11276,45,35,False,0.7188025116920471,,,,,,
11278,39,28,True,0.779475748538971,80.0,88.0,False,False,44.5,55.5
11286,23,29,False,0.851736843585968,,,,,,
11288,41,24,False,0.8014180064201355,,,,,,
11292,28,24,False,0.9308039546012878,,,,,,
11295,40,30,False,0.7890101671218872,,,,,,
11300,47,32,False,0.8907032012939453,,,,,,
11301,21,26,False,0.7723842263221741,,,,,,
11307,50,26,False,0.7965347170829773,,,,,,
11308,41,28,False,0.867210865020752,,,,,,
11310,36,31,False,0.7560839056968689,,,,,,
11311,28,27,False,0.7696638107299805,,,,,,
11312,72,31,False,0.9390489459037781,,,,,,
11313,29,28,False,0.8887434601783752,,,,,,
11316,55,9,False,0.5987845063209534,,,,,,
11317,27,26,True,0.9680655002593994,14.0,22.0,False,False,9.5,8.5
11319,36,28,False,0.8592917323112488,,,,,,
11324,58,54,False,0.6828246712684631,,,,,,
11326,36,25,False,0.5355905890464783,,,,,,
11331,51,1,False,0.8407866358757019,,,,,,
11334,75,28,False,0.6366896033287048,,,,,,
11335,26,22,False,0.8859487175941467,,,,,,
11338,19,23,False,0.9548454880714417,,,,,,
11342,43,26,False,0.652817964553833,,,,,,
11344,19,42,False,0.6161518692970276,,,,,,
11345,44,30,False,0.9237711429595947,,,,,,
11347,56,27,False,0.7089247107505798,,,,,,
11348,47,19,False,0.9173923134803772,,,,,,
11349,56,7,False,0.7578256726264954,,,,,,
11350,16,17,False,0.9685774445533752,,,,,,
11351,22,31,False,0.767564594745636,,,,,,
11352,38,24,False,0.8768812417984009,,,,,,
11354,73,26,False,0.7963289022445679,,,,,,
11357,40,29,False,0.6040626168251038,,,,,,
11361,29,26,False,0.7161257266998291,,,,,,
11364,40,29,False,0.7917081117630005,,,,,,
11366,30,28,False,0.7120454907417297,,,,,,
11368,42,29,False,0.7395268082618713,,,,,,
11369,59,10,False,0.9399445056915283,,,,,,
11371,47,32,False,0.7902258634567261,,,,,,
11374,46,27,False,0.770932674407959,,,,,,
11378,16,24,False,0.8842225670814514,,,,,,
11381,41,18,False,0.7907317876815796,,,,,,
11383,50,26,False,0.5498974323272705,,,,,,
11386,56,19,False,0.6533271074295044,,,,,,
11387,25,23,False,0.9578790068626404,,,,,,
11388,41,33,False,0.8931748270988464,,,,,,
11390,56,21,False,0.7858246564865112,,,,,,
11392,53,24,False,0.5438140630722046,,,,,,
11393,49,28,False,0.6837179660797119,,,,,,
11394,49,21,True,0.91001957654953,48.0,56.0,True,False,2.5,30.5
11397,45,31,False,0.8214865922927856,,,,,,
11402,28,21,False,0.8029382824897766,,,,,,
11403,42,2,False,0.888805091381073,,,,,,
11405,49,19,False,0.8844292759895325,,,,,,
11407,48,17,False,0.9437176585197449,,,,,,
11408,42,27,False,0.6720729470252991,,,,,,
11410,47,32,False,0.6003374457359314,,,,,,
11416,54,22,False,0.7432478666305542,,,,,,
11419,52,47,False,0.8110477924346924,,,,,,
11420,67,28,False,0.5112813115119934,,,,,,
11421,24,29,False,0.9734342098236084,,,,,,
11422,50,19,False,0.8972207903862,,,,,,
11424,50,23,False,0.7366250157356262,,,,,,
11426,42,21,False,0.6981289386749268,,,,,,
11428,43,31,False,0.5446984171867371,,,,,,
11429,41,85,False,0.5676238536834717,,,,,,
11431,77,28,True,0.7332248091697693,75.0,83.0,True,False,1.5,50.5
11432,51,18,False,0.5749855637550354,,,,,,
11435,45,26,False,0.5017715096473694,,,,,,
11437,49,16,False,0.7865577936172485,,,,,,
11440,61,29,False,0.6893691420555115,,,,,,
11441,56,31,False,0.7085976004600525,,,,,,
11444,18,14,False,0.8121933341026306,,,,,,
11451,32,25,False,0.6303874254226685,,,,,,
11454,37,37,False,0.6445303559303284,,,,,,
11457,18,15,False,0.8724622130393982,,,,,,
11458,51,18,False,0.8859331011772156,,,,,,
11462,43,28,False,0.6290974617004395,,,,,,
11466,13,27,False,0.8820894360542297,,,,,,
11467,43,29,False,0.7606819868087769,,,,,,
11469,88,28,False,0.5592452883720398,,,,,,
11470,56,50,False,0.6271197199821472,,,,,,
11472,55,28,True,0.9099459648132324,29.0,37.0,False,True,22.5,4.5
11474,47,16,False,0.7755544781684875,,,,,,
11478,49,32,False,0.9289450645446777,,,,,,
11481,67,27,False,0.9339371919631958,,,,,,
11486,32,20,False,0.9621438384056091,,,,,,
11487,87,34,True,0.7618350982666016,83.0,91.0,True,False,0.5,52.5
11488,15,14,False,0.5548826456069946,,,,,,
11490,39,29,False,0.9175027012825012,,,,,,
11493,43,30,False,0.8993997573852539,,,,,,
11494,39,32,False,0.8437544703483582,,,,,,
11496,42,31,False,0.9174115061759949,,,,,,
11500,17,12,False,0.7881575226783752,,,,,,
11502,55,34,False,0.8474931716918945,,,,,,
11504,30,25,False,0.8957480788230896,,,,,,
11507,31,37,False,0.6512351632118225,,,,,,
11509,25,21,False,0.632844865322113,,,,,,
11511,76,26,True,0.8073747754096985,45.0,53.0,False,False,27.5,22.5
11512,15,28,False,0.5343325138092041,,,,,,
11514,30,26,False,0.9566224813461304,,,,,,
11518,54,21,False,0.9531409740447998,,,,,,
11519,28,27,False,0.809879720211029,,,,,,
11520,80,34,False,0.7340938448905945,,,,,,
11527,42,28,False,0.895630419254303,,,,,,
11533,6,27,True,0.8785584568977356,4.0,12.0,True,False,1.5,19.5
11534,90,13,False,0.5817809104919434,,,,,,
11535,45,32,False,0.6964038610458374,,,,,,
11538,63,24,False,0.629712700843811,,,,,,
11545,21,18,False,0.5633617043495178,,,,,,
11546,21,6,False,0.7856561541557312,,,,,,
11549,41,32,False,0.7851382493972778,,,,,,
11550,36,27,False,0.9742406010627747,,,,,,
11552,46,35,False,0.6111165881156921,,,,,,
11553,28,22,False,0.9641344547271729,,,,,,
11554,22,22,False,0.9860985279083252,,,,,,
11555,49,22,False,0.9925581216812134,,,,,,
11556,49,32,False,0.8057258129119873,,,,,,
11558,57,96,False,0.9114441275596619,,,,,,
11559,63,9,False,0.9345285892486572,,,,,,
11562,40,27,False,0.9621807336807251,,,,,,
11565,26,22,False,0.9367849826812744,,,,,,
11571,57,27,True,0.9757432341575623,56.0,64.0,True,False,2.5,32.5
11572,46,25,False,0.7967056632041931,,,,,,
11573,42,22,False,0.7462489008903503,,,,,,
11574,45,31,False,0.6178802251815796,,,,,,
11576,58,32,True,0.7271676063537598,1.0,9.0,False,False,53.5,27.5
11578,72,11,False,0.7427215576171875,,,,,,
11581,55,25,False,0.640573263168335,,,,,,
11585,56,21,False,0.8925299644470215,,,,,,
11587,51,26,False,0.6561992168426514,,,,,,
11589,43,32,False,0.6474243402481079,,,,,,
11591,87,3,False,0.6878364086151123,,,,,,
11593,92,31,False,0.8579972982406616,,,,,,
11595,46,17,False,0.8828939199447632,,,,,,
11596,37,27,False,0.909275472164154,,,,,,
11597,44,33,False,0.6001719832420349,,,,,,
11599,41,27,False,0.9814183115959167,,,,,,
11601,44,14,False,0.9461870789527893,,,,,,
11603,51,25,False,0.6208204030990601,,,,,,
11604,43,26,False,0.6351116299629211,,,,,,
11605,51,31,False,0.8216314315795898,,,,,,
11609,26,30,False,0.682075560092926,,,,,,
11611,22,26,False,0.6385236978530884,,,,,,
11614,35,25,False,0.9846214056015015,,,,,,
11615,49,33,False,0.5028394460678101,,,,,,
11617,48,23,False,0.8390960097312927,,,,,,
11618,59,21,False,0.5877135396003723,,,,,,
11624,67,26,True,0.762115478515625,66.0,74.0,True,False,2.5,43.5
11626,41,28,False,0.7968786954879761,,,,,,
11627,26,22,False,0.784383237361908,,,,,,
11630,45,35,False,0.67058926820755,,,,,,
11634,51,36,False,0.5918954014778137,,,,,,
11635,45,28,False,0.948482871055603,,,,,,
11637,38,29,False,0.6846314072608948,,,,,,
11639,41,25,False,0.586941659450531,,,,,,
11641,43,35,False,0.5508489608764648,,,,,,
11646,61,30,True,0.9450225830078125,54.0,62.0,True,False,3.5,27.5
11649,38,27,False,0.7409757971763611,,,,,,
11657,12,26,False,0.8787816762924194,,,,,,
11658,39,25,False,0.7503215670585632,,,,,,
11659,51,34,False,0.7008742690086365,,,,,,
11660,58,11,False,0.898982048034668,,,,,,
11662,81,22,False,0.7663422226905823,,,,,,
11664,23,21,False,0.9864031076431274,,,,,,
11665,30,32,False,0.9674751162528992,,,,,,
11669,35,32,False,0.8816019296646118,,,,,,
11671,31,14,False,0.9400506615638733,,,,,,
11673,35,27,False,0.955548882484436,,,,,,
11675,43,27,False,0.9809131026268005,,,,,,
11677,24,21,False,0.6574881076812744,,,,,,
11678,77,22,False,0.5482851266860962,,,,,,
11679,81,31,False,0.8526202440261841,,,,,,
11682,86,25,False,0.6900866031646729,,,,,,
11684,48,22,False,0.6031866073608398,,,,,,
11685,43,27,False,0.5482341051101685,,,,,,
11695,9,5,False,0.6443958282470703,,,,,,
11697,40,48,False,0.6579330563545227,,,,,,
11702,52,35,False,0.7585058808326721,,,,,,
11704,45,6,False,0.8294994235038757,,,,,,
11705,41,27,False,0.744047224521637,,,,,,
11707,41,30,False,0.912805438041687,,,,,,
11708,64,32,False,0.5538149476051331,,,,,,
11710,40,24,False,0.8652248978614807,,,,,,
11711,47,25,False,0.5616695880889893,,,,,,
11716,24,22,False,0.8516002893447876,,,,,,
11719,56,38,False,0.5042336583137512,,,,,,
11724,39,30,False,0.8526278138160706,,,,,,
11726,47,20,False,0.7642368078231812,,,,,,
11728,30,25,False,0.9686771035194397,,,,,,
11729,50,16,False,0.8644523024559021,,,,,,
11730,28,24,True,0.9803050756454468,26.0,34.0,True,True,1.5,5.5
11735,38,34,False,0.6548808217048645,,,,,,
11736,90,13,False,0.8177716732025146,,,,,,
11744,46,19,False,0.7940986752510071,,,,,,
11748,40,31,False,0.7867560982704163,,,,,,
11752,58,23,False,0.9296529293060303,,,,,,
11753,44,39,False,0.5506569743156433,,,,,,
11755,47,18,False,0.8854956030845642,,,,,,
11757,34,25,False,0.892301082611084,,,,,,
11760,44,21,False,0.7072676420211792,,,,,,
11769,37,12,False,0.8429895043373108,,,,,,
11772,46,31,False,0.5120367407798767,,,,,,
11773,58,30,False,0.5180116295814514,,,,,,
11777,44,23,False,0.9751788973808289,,,,,,
11783,37,34,False,0.9485523700714111,,,,,,
11786,39,30,False,0.9398208856582642,,,,,,
11788,40,24,False,0.6692150235176086,,,,,,
11791,74,29,False,0.8632335066795349,,,,,,
11793,49,18,False,0.8478878140449524,,,,,,
11796,25,19,False,0.9189623594284058,,,,,,
11797,34,23,False,0.9915239810943604,,,,,,
11801,18,29,False,0.8644201755523682,,,,,,
11803,24,34,False,0.5497086644172668,,,,,,
11806,20,32,False,0.639180064201355,,,,,,
11807,48,27,False,0.6410765051841736,,,,,,
11809,43,32,False,0.5742769241333008,,,,,,
11811,37,22,False,0.5997698307037354,,,,,,
11813,41,100,False,0.932496190071106,,,,,,
11814,44,34,False,0.9043594002723694,,,,,,
11818,30,30,False,0.8473911285400391,,,,,,
11819,80,29,False,0.5783494114875793,,,,,,
11824,46,24,False,0.9722290635108948,,,,,,
11828,42,30,False,0.7144853472709656,,,,,,
11830,41,14,False,0.8261945843696594,,,,,,
11831,44,31,False,0.628840446472168,,,,,,
11833,24,29,False,0.6189970970153809,,,,,,
11834,34,32,False,0.6033762097358704,,,,,,
11835,42,30,False,0.881308376789093,,,,,,
11837,43,29,False,0.7262174487113953,,,,,,
11847,21,31,True,0.9537726640701294,20.0,28.0,True,False,2.5,7.5
11848,44,18,False,0.9060038328170776,,,,,,
11852,45,19,False,0.6711880564689636,,,,,,
11859,35,19,False,0.9954109787940979,,,,,,
11860,35,25,False,0.631542444229126,,,,,,
11862,78,18,False,0.9083382487297058,,,,,,
11869,57,30,False,0.521410346031189,,,,,,
11870,31,28,False,0.783865749835968,,,,,,
11871,44,12,False,0.8148081302642822,,,,,,
11874,23,30,False,0.5509204268455505,,,,,,
11875,51,14,False,0.8883403539657593,,,,,,
11877,18,27,False,0.8780807852745056,,,,,,
11882,24,27,False,0.7322631478309631,,,,,,
11885,43,31,False,0.7789517045021057,,,,,,
11886,46,31,False,0.5795184373855591,,,,,,
11890,53,0,False,0.9510979652404785,,,,,,
11892,16,36,False,0.6265363097190857,,,,,,
11893,69,15,False,0.7086326479911804,,,,,,
11895,30,25,True,0.921480655670166,24.0,32.0,True,True,2.5,2.5
11897,38,23,False,0.9954511523246765,,,,,,
11900,42,21,False,0.5317841172218323,,,,,,
11901,20,17,False,0.9068694114685059,,,,,,
11903,19,16,False,0.9562801718711853,,,,,,
11906,51,23,False,0.9295194149017334,,,,,,
11907,30,38,True,0.8354146480560303,29.0,37.0,True,True,2.5,5.5
11908,46,31,False,0.6628435850143433,,,,,,
11912,49,25,False,0.9617792963981628,,,,,,
11913,39,33,False,0.9244295358657837,,,,,,
11916,32,27,False,0.9332398176193237,,,,,,
11917,26,23,True,0.9431283473968506,25.0,33.0,True,True,2.5,5.5
11919,77,49,False,0.6210641860961914,,,,,,
11920,44,27,False,0.8773612380027771,,,,,,
11921,55,97,False,0.9432558417320251,,,,,,
11922,23,22,False,0.9160081744194031,,,,,,
11924,52,28,False,0.5661208033561707,,,,,,
11925,26,24,False,0.9408085942268372,,,,,,
11944,47,13,False,0.7552703619003296,,,,,,
11946,45,14,False,0.790608823299408,,,,,,
11947,38,25,False,0.6904377937316895,,,,,,
11949,21,17,False,0.8671938180923462,,,,,,
11950,24,15,False,0.9760539531707764,,,,,,
11959,47,33,False,0.782071053981781,,,,,,
11966,43,27,False,0.8240469098091125,,,,,,
11969,54,48,False,0.8764117956161499,,,,,,
11973,33,28,False,0.5220386385917664,,,,,,
11976,17,16,False,0.8817088603973389,,,,,,
11977,42,16,False,0.7946344017982483,,,,,,
11980,44,24,False,0.5916345119476318,,,,,,
11982,49,24,False,0.9907208681106567,,,,,,
11983,52,26,False,0.6094475388526917,,,,,,
11984,21,20,False,0.836863100528717,,,,,,
11988,47,32,False,0.8085460662841797,,,,,,
11989,52,22,False,0.9808556437492371,,,,,,
11992,50,11,False,0.9379875063896179,,,,,,
11993,42,16,False,0.7857033610343933,,,,,,
11994,55,23,False,0.8879514336585999,,,,,,
11997,27,0,False,0.558120846748352,,,,,,
11998,40,29,False,0.8211096525192261,,,,,,
11999,24,21,False,0.5019075274467468,,,,,,
12001,48,30,False,0.8448843955993652,,,,,,
12005,21,18,False,0.9716072082519531,,,,,,
12007,48,42,True,0.8861019015312195,47.0,55.0,True,False,2.5,8.5
12010,40,34,False,0.8303723931312561,,,,,,
12013,45,27,False,0.5448275804519653,,,,,,
12016,34,24,False,0.8951593637466431,,,,,,
12017,44,29,True,0.9744964838027954,41.0,49.0,True,False,0.5,15.5
12020,48,24,False,0.8135242462158203,,,,,,
12025,39,20,False,0.7970541715621948,,,,,,
12026,29,30,False,0.568457841873169,,,,,,
12028,20,24,False,0.7037339210510254,,,,,,
12029,55,22,False,0.8207358121871948,,,,,,
12031,52,14,False,0.6806831955909729,,,,,,
12034,35,29,False,0.9088760614395142,,,,,,
12036,41,33,False,0.544821560382843,,,,,,
12039,43,35,True,0.6000236868858337,15.0,23.0,False,False,24.5,16.5
12042,46,28,False,0.7277176976203918,,,,,,
12044,45,29,False,0.7513375878334045,,,,,,
12048,50,21,False,0.9646459221839905,,,,,,
12051,68,23,False,0.9760822653770447,,,,,,
12056,47,47,False,0.7230075001716614,,,,,,
12059,46,26,False,0.6133238077163696,,,,,,
12061,79,87,False,0.6324939727783203,,,,,,
12062,38,27,False,0.7716056704521179,,,,,,
12064,25,31,False,0.7966898083686829,,,,,,
12066,57,28,False,0.8862892389297485,,,,,,
12067,44,32,False,0.5482073426246643,,,,,,
12068,43,31,False,0.7087540626525879,,,,,,
12070,45,15,False,0.52777099609375,,,,,,
12071,51,18,False,0.9649102091789246,,,,,,
12073,49,25,False,0.800725519657135,,,,,,
12074,42,15,False,0.7860168814659119,,,,,,
12075,20,16,False,0.935961902141571,,,,,,
12076,40,30,False,0.9240521192550659,,,,,,
12079,96,25,False,0.9714855551719666,,,,,,
12086,82,14,False,0.6964716911315918,,,,,,
12087,40,15,False,0.8067650198936462,,,,,,
12093,39,23,False,0.8327150940895081,,,,,,
12094,55,20,False,0.7598727345466614,,,,,,
12095,21,23,False,0.9881762266159058,,,,,,
12097,34,27,False,0.9451712965965271,,,,,,
12098,15,13,False,0.879285991191864,,,,,,
12101,19,22,False,0.7854093909263611,,,,,,
12102,33,37,False,0.864383339881897,,,,,,
12103,27,24,False,0.5687366724014282,,,,,,
12105,41,23,False,0.8176376819610596,,,,,,
12108,74,21,False,0.8841043710708618,,,,,,
12111,45,24,False,0.992173433303833,,,,,,
12113,72,24,False,0.5210199952125549,,,,,,
12114,53,29,False,0.905912458896637,,,,,,
12115,39,22,False,0.9907872080802917,,,,,,
12117,43,21,False,0.6151685118675232,,,,,,
12118,27,26,True,0.93605637550354,25.0,33.0,True,True,1.5,2.5
12122,46,33,False,0.5310353636741638,,,,,,
12124,37,34,False,0.8486167788505554,,,,,,
12126,44,100,False,0.8356109261512756,,,,,,
12127,60,24,False,0.5044490098953247,,,,,,
12128,47,30,False,0.7736669778823853,,,,,,
12130,49,26,False,0.8230643272399902,,,,,,
12131,65,29,False,0.5599567294120789,,,,,,
12137,32,24,False,0.9805758595466614,,,,,,
12144,45,22,False,0.9534754157066345,,,,,,
12148,42,38,True,0.938698410987854,41.0,49.0,True,False,2.5,6.5
12150,45,89,False,0.8613680005073547,,,,,,
12154,47,30,False,0.629624605178833,,,,,,
12155,54,24,False,0.8393419981002808,,,,,,
12159,54,27,False,0.6224215626716614,,,,,,
12160,88,24,False,0.6433976292610168,,,,,,
12162,49,30,False,0.7458087801933289,,,,,,
12166,39,31,True,0.8993766903877258,38.0,46.0,True,False,2.5,10.5
12169,76,22,True,0.8991146087646484,59.0,67.0,False,False,13.5,40.5
12176,43,12,False,0.9381688833236694,,,,,,
12178,50,22,False,0.8242607712745667,,,,,,
12179,43,32,False,0.7519708275794983,,,,,,
12180,17,31,False,0.9422788023948669,,,,,,
12182,97,25,False,0.7617483735084534,,,,,,
12190,54,28,False,0.6772577166557312,,,,,,
12191,51,34,False,0.9015478491783142,,,,,,
12193,85,31,False,0.8215429782867432,,,,,,
12195,50,0,False,0.5666654109954834,,,,,,
12196,78,31,False,0.5416245460510254,,,,,,
12203,42,34,False,0.6884746551513672,,,,,,
12204,49,15,False,0.6379060745239258,,,,,,
12205,40,30,False,0.9206255078315735,,,,,,
12206,20,17,False,0.9032793641090393,,,,,,
12210,43,24,False,0.8927567005157471,,,,,,
12212,51,26,False,0.8099263310432434,,,,,,
12215,65,14,False,0.5733349919319153,,,,,,
12216,47,24,False,0.9469189047813416,,,,,,
12217,47,11,False,0.5399435758590698,,,,,,
12219,68,23,False,0.7965536117553711,,,,,,
12220,34,19,False,0.6722773313522339,,,,,,
12221,47,24,False,0.7933804392814636,,,,,,
12224,23,27,False,0.720855176448822,,,,,,
12233,43,28,False,0.7772430777549744,,,,,,
12236,35,19,False,0.6829162240028381,,,,,,
12237,39,24,False,0.7585040926933289,,,,,,
12240,33,96,False,0.915490984916687,,,,,,
12246,39,26,False,0.9360264539718628,,,,,,
12247,50,21,False,0.8978970646858215,,,,,,
12248,55,24,False,0.9244202375411987,,,,,,
12250,34,25,False,0.9700801372528076,,,,,,
12251,36,35,False,0.8549860715866089,,,,,,
12254,52,26,False,0.9533926248550415,,,,,,
12257,20,31,False,0.6268312335014343,,,,,,
12261,38,21,False,0.8558065295219421,,,,,,
12266,31,26,True,0.9074122309684753,82.0,90.0,False,False,54.5,59.5
12269,50,24,False,0.9314925074577332,,,,,,
12271,52,22,False,0.7730869650840759,,,,,,
12272,47,22,False,0.8623611927032471,,,,,,
12275,56,17,False,0.8993456363677979,,,,,,
12276,36,25,False,0.9686359167098999,,,,,,
12279,40,23,False,0.9336996674537659,,,,,,
12280,38,24,False,0.9609231352806091,,,,,,
12283,49,31,False,0.5291572213172913,,,,,,
12286,47,34,False,0.8465847969055176,,,,,,
12288,23,20,False,0.9516234397888184,,,,,,
12296,73,26,False,0.6212151050567627,,,,,,
12297,64,22,False,0.9016733765602112,,,,,,
12298,64,29,True,0.9192605018615723,61.0,69.0,True,False,0.5,35.5
12302,69,15,False,0.6743603944778442,,,,,,
12304,17,27,False,0.704576849937439,,,,,,
12308,56,30,False,0.7671303749084473,,,,,,
12312,78,22,False,0.8222557306289673,,,,,,
12313,43,33,False,0.7993018627166748,,,,,,
12315,82,29,False,0.5958325266838074,,,,,,
12321,50,16,False,0.5200406312942505,,,,,,
12322,90,21,False,0.9173386693000793,,,,,,
12324,48,27,False,0.9041441679000854,,,,,,
12325,22,23,False,0.9896038770675659,,,,,,
12328,30,27,False,0.9851072430610657,,,,,,
12330,69,32,False,0.9834356904029846,,,,,,
12332,47,23,False,0.9729353785514832,,,,,,
12334,20,17,False,0.9752496480941772,,,,,,
12339,16,33,False,0.8102492690086365,,,,,,
12340,42,16,False,0.9076204895973206,,,,,,
12342,47,32,False,0.5792273283004761,,,,,,
12344,62,22,False,0.6898417472839355,,,,,,
12346,41,32,False,0.6190815567970276,,,,,,
12347,44,31,False,0.5885149836540222,,,,,,
12348,42,24,True,0.8900395631790161,61.0,69.0,False,False,22.5,40.5
12349,39,30,False,0.7294695973396301,,,,,,
12350,44,30,False,0.7847949862480164,,,,,,
12355,50,25,False,0.767910361289978,,,,,,
12357,31,22,False,0.786770224571228,,,,,,
12360,44,26,False,0.9255151152610779,,,,,,
12361,50,24,False,0.9103603959083557,,,,,,
12364,48,31,False,0.6765724420547485,,,,,,
12367,38,23,False,0.9866342544555664,,,,,,
12370,61,30,False,0.7172049880027771,,,,,,
12371,35,28,False,0.7839861512184143,,,,,,
12372,48,26,False,0.9095725417137146,,,,,,
12376,23,27,False,0.8865625858306885,,,,,,
12378,76,27,False,0.8466832041740417,,,,,,
12381,87,94,False,0.6374582648277283,,,,,,
12383,40,18,False,0.7834276556968689,,,,,,
12386,56,27,False,0.9217716455459595,,,,,,
12388,38,28,False,0.8513396382331848,,,,,,
12390,22,23,True,0.9669097065925598,20.0,28.0,True,True,1.5,0.5
12391,31,26,False,0.8171627521514893,,,,,,
12392,45,25,False,0.5643461346626282,,,,,,
12395,39,24,False,0.9703367948532104,,,,,,
12401,51,29,False,0.6586880087852478,,,,,,
12404,17,19,False,0.8718656301498413,,,,,,
12406,24,23,False,0.8946349620819092,,,,,,
12410,90,14,False,0.7617826461791992,,,,,,
12411,67,28,True,0.9184034466743469,66.0,74.0,True,False,2.5,41.5
12412,44,18,False,0.9123929142951965,,,,,,
12417,41,20,False,0.5504765510559082,,,,,,
12420,50,31,False,0.6350082159042358,,,,,,
12422,27,29,False,0.7723668217658997,,,,,,
12424,32,34,False,0.8274505138397217,,,,,,
12425,31,18,False,0.9300705790519714,,,,,,
12426,46,28,False,0.6728594303131104,,,,,,
12429,43,19,False,0.5587124228477478,,,,,,
12434,51,37,False,0.7556102871894836,,,,,,
12435,63,89,False,0.6443582773208618,,,,,,
12441,41,29,False,0.965347170829773,,,,,,
12443,39,21,False,0.8809171319007874,,,,,,
12444,47,39,False,0.602155327796936,,,,,,
12447,43,45,False,0.7820207476615906,,,,,,
12449,48,29,False,0.6082412004470825,,,,,,
12451,41,21,False,0.9688118100166321,,,,,,
12456,48,29,False,0.8508475422859192,,,,,,
12461,100,0,False,0.7659739255905151,,,,,,
12466,26,25,False,0.6880050301551819,,,,,,
12467,46,20,False,0.753304660320282,,,,,,
12470,20,23,False,0.721412718296051,,,,,,
12471,50,24,False,0.7505324482917786,,,,,,
12472,45,28,False,0.7874566316604614,,,,,,
12473,59,20,False,0.6445847153663635,,,,,,
12474,37,31,False,0.7756849527359009,,,,,,
12478,40,28,False,0.986032247543335,,,,,,
12480,56,26,False,0.5442880988121033,,,,,,
12485,48,32,False,0.805241048336029,,,,,,
12488,46,12,False,0.5525733828544617,,,,,,
12492,23,19,False,0.987489640712738,,,,,,
12493,46,26,False,0.8764739632606506,,,,,,
12494,68,14,True,0.9393399357795715,66.0,74.0,True,False,1.5,55.5
12496,49,30,False,0.8747840523719788,,,,,,
12501,68,31,False,0.6752999424934387,,,,,,
12502,61,22,False,0.5325825214385986,,,,,,
12503,50,29,False,0.8633497357368469,,,,,,
12504,35,32,False,0.7808725237846375,,,,,,
12505,43,38,False,0.5928087830543518,,,,,,
12506,49,38,False,0.536383867263794,,,,,,
12507,44,28,False,0.9334810376167297,,,,,,
12508,51,31,False,0.7762024998664856,,,,,,
12510,53,29,False,0.8544584512710571,,,,,,
12511,41,31,False,0.6710189580917358,,,,,,
12512,23,20,False,0.750690758228302,,,,,,
12513,24,19,False,0.681187629699707,,,,,,
12514,85,98,False,0.5280362367630005,,,,,,
12517,36,31,False,0.6221511363983154,,,,,,
12520,63,31,False,0.7128179669380188,,,,,,
12521,45,14,False,0.5485022068023682,,,,,,
12523,63,23,False,0.9109470248222351,,,,,,
12525,51,20,False,0.9222316741943359,,,,,,
12526,42,27,False,0.7016733884811401,,,,,,
12527,39,24,False,0.6225234866142273,,,,,,
12529,52,23,False,0.9351024627685547,,,,,,
12531,47,23,False,0.6161293983459473,,,,,,
12532,45,31,False,0.9098734259605408,,,,,,
12533,45,29,False,0.7767612338066101,,,,,,
12534,47,29,False,0.6161373853683472,,,,,,
12536,50,1,False,0.6122649908065796,,,,,,
12537,39,27,False,0.805961549282074,,,,,,
12538,42,29,False,0.7501482367515564,,,,,,
12539,54,22,False,0.7095178961753845,,,,,,
12540,39,24,False,0.9690452218055725,,,,,,
12542,52,15,False,0.6239697933197021,,,,,,
12543,26,23,False,0.7439011931419373,,,,,,
12544,27,24,False,0.8629860877990723,,,,,,
12545,35,27,False,0.7556411623954773,,,,,,
12547,36,28,False,0.5625894069671631,,,,,,
12550,29,26,False,0.8054302930831909,,,,,,
12552,60,32,False,0.8294949531555176,,,,,,
12557,35,29,False,0.6461368203163147,,,,,,
12560,53,39,False,0.878990888595581,,,,,,
12561,53,22,False,0.6943162679672241,,,,,,
12565,86,15,False,0.6535837650299072,,,,,,
12568,55,29,False,0.5300419926643372,,,,,,
12571,42,27,False,0.6584281325340271,,,,,,
12575,38,16,False,0.5912861824035645,,,,,,
12578,93,16,False,0.9542356133460999,,,,,,
12580,50,27,True,0.9532201290130615,29.0,37.0,False,True,17.5,5.5
12584,59,14,False,0.5691782236099243,,,,,,
12589,63,13,False,0.7378944158554077,,,,,,
12591,26,19,False,0.9784539937973022,,,,,,
12592,37,26,False,0.532067596912384,,,,,,
12594,55,26,False,0.919124960899353,,,,,,
12597,34,22,False,0.9793774485588074,,,,,,
12598,46,28,False,0.8905642628669739,,,,,,
12599,41,32,False,0.6060711741447449,,,,,,
12602,39,26,False,0.6787602305412292,,,,,,
12608,36,41,False,0.6042531132698059,,,,,,
12609,44,24,False,0.9449205994606018,,,,,,
12611,25,25,False,0.8910791277885437,,,,,,
12612,36,28,False,0.841974675655365,,,,,,
12613,46,33,False,0.7675430178642273,,,,,,
12615,32,30,False,0.6448869109153748,,,,,,
12616,53,32,False,0.7303683757781982,,,,,,
12617,43,23,False,0.9307228922843933,,,,,,
12618,38,30,False,0.5812384486198425,,,,,,
12619,47,29,False,0.5162035822868347,,,,,,
12623,52,19,False,0.9886044263839722,,,,,,
12627,41,29,False,0.9139580726623535,,,,,,
12629,40,32,False,0.7469380497932434,,,,,,
12632,45,27,False,0.7817808389663696,,,,,,
12633,46,27,False,0.7938909530639648,,,,,,
12635,56,28,True,0.7184662222862244,54.0,62.0,True,False,1.5,29.5
12639,74,93,False,0.5791259407997131,,,,,,
12640,43,30,False,0.6671182513237,,,,,,
12642,47,25,False,0.9254868030548096,,,,,,
12647,57,27,False,0.7279518246650696,,,,,,
12648,49,25,False,0.9844100475311279,,,,,,
12652,86,18,False,0.8682575821876526,,,,,,
12653,37,31,False,0.8246739506721497,,,,,,
12655,58,19,False,0.6458247303962708,,,,,,
12659,83,32,False,0.8298321962356567,,,,,,
12661,36,32,True,0.9582303166389465,34.0,42.0,True,True,1.5,5.5
12662,44,32,False,0.7340244054794312,,,,,,
12665,48,25,False,0.7534385323524475,,,,,,
12666,46,30,False,0.9616588950157166,,,,,,
12667,43,24,True,0.9203550219535828,42.0,50.0,True,False,2.5,21.5
12672,52,27,False,0.9107943177223206,,,,,,
12673,42,13,False,0.6619002819061279,,,,,,
12676,26,26,False,0.5571452379226685,,,,,,
12677,32,25,False,0.7681428790092468,,,,,,
12678,8,21,True,0.9708808660507202,84.0,92.0,False,False,79.5,66.5
12680,39,28,False,0.9019186496734619,,,,,,
12684,37,28,False,0.7430156469345093,,,,,,
12685,40,31,False,0.5209673643112183,,,,,,
12688,31,29,False,0.766516923904419,,,,,,
12690,67,29,False,0.8120078444480896,,,,,,
12692,53,29,False,0.8020095229148865,,,,,,
12696,39,30,False,0.7179608941078186,,,,,,
12697,55,29,False,0.9160467386245728,,,,,,
12698,24,32,False,0.6125379800796509,,,,,,
12700,41,34,True,0.8241994380950928,24.0,32.0,False,False,13.5,6.5
12702,47,25,False,0.8089855313301086,,,,,,
12704,55,19,False,0.925692081451416,,,,,,
12706,60,28,False,0.8479011058807373,,,,,,
12707,42,29,False,0.9215013384819031,,,,,,
12710,41,19,False,0.8487688302993774,,,,,,
12715,49,27,False,0.6977563500404358,,,,,,
12717,78,13,False,0.9633966684341431,,,,,,
12726,58,34,False,0.6117461323738098,,,,,,
12727,43,30,False,0.7266079783439636,,,,,,
12730,47,28,False,0.8726636171340942,,,,,,
12739,40,26,False,0.7164914608001709,,,,,,
12742,39,19,True,0.9533019065856934,5.0,13.0,False,False,30.5,10.5
12744,79,26,False,0.766051173210144,,,,,,
12745,50,25,False,0.9667242169380188,,,,,,
12746,44,28,False,0.5231261849403381,,,,,,
12747,64,23,False,0.6596640944480896,,,,,,
12754,95,10,False,0.7170315384864807,,,,,,
12756,44,26,False,0.5892099738121033,,,,,,
12769,45,29,False,0.7982600927352905,,,,,,
12771,49,33,False,0.5216978192329407,,,,,,
12774,61,25,False,0.5654534101486206,,,,,,
12777,72,19,False,0.7074788212776184,,,,,,
12779,46,25,False,0.665382981300354,,,,,,
12780,42,32,False,0.6586974263191223,,,,,,
12782,41,28,False,0.8404163122177124,,,,,,
12783,42,35,False,0.7952874302864075,,,,,,
12784,64,24,False,0.9143244624137878,,,,,,
12785,49,37,False,0.5059047341346741,,,,,,
12788,83,23,False,0.759110152721405,,,,,,
12798,40,18,False,0.8735558390617371,,,,,,
12804,53,26,False,0.6796435713768005,,,,,,
12805,54,31,False,0.6650210022926331,,,,,,
12806,48,26,False,0.9027112722396851,,,,,,
12808,43,18,False,0.9350202679634094,,,,,,
12809,62,26,False,0.6713627576828003,,,,,,
12811,43,30,False,0.7695676684379578,,,,,,
12812,25,25,False,0.8897324204444885,,,,,,
12815,41,18,False,0.8167636394500732,,,,,,
12818,33,25,False,0.9255105257034302,,,,,,
12822,57,26,False,0.7788545489311218,,,,,,
12823,62,99,False,0.8794653415679932,,,,,,
12824,52,25,False,0.6449835300445557,,,,,,
12827,42,20,False,0.8768543004989624,,,,,,
12832,18,21,False,0.9667699933052063,,,,,,
12833,48,20,False,0.5765445828437805,,,,,,
12836,79,18,True,0.9090434908866882,78.0,86.0,True,False,2.5,63.5
12839,55,25,False,0.7366679906845093,,,,,,
12840,53,19,False,0.7318377494812012,,,,,,
12841,16,22,False,0.797061562538147,,,,,,
12842,51,22,False,0.8123384118080139,,,,,,
12843,94,22,False,0.7532416582107544,,,,,,
12848,35,30,False,0.6752647161483765,,,,,,
12849,43,34,False,0.6465428471565247,,,,,,
12852,99,28,False,0.9316782355308533,,,,,,
12854,35,32,True,0.8824830055236816,34.0,42.0,True,True,2.5,5.5
12855,21,24,False,0.9253675937652588,,,,,,
12856,70,26,False,0.863943338394165,,,,,,
12858,37,29,False,0.7843315601348877,,,,,,
12861,27,21,False,0.8689233660697937,,,,,,
12862,39,24,False,0.944427490234375,,,,,,
12864,43,28,False,0.9565000534057617,,,,,,
12869,82,26,False,0.6951249837875366,,,,,,
12870,35,31,False,0.5916882753372192,,,,,,
12871,52,30,False,0.7158669829368591,,,,,,
12872,53,19,False,0.5383800864219666,,,,,,
12874,64,18,False,0.8975609540939331,,,,,,
12875,35,33,False,0.7696923017501831,,,,,,
12877,34,35,False,0.8796624541282654,,,,,,
12882,20,19,False,0.9287611842155457,,,,,,
12884,46,31,False,0.6853007078170776,,,,,,
12891,41,26,False,0.9109596014022827,,,,,,
12893,55,28,False,0.5850533246994019,,,,,,
12894,46,23,False,0.7161348462104797,,,,,,
12897,50,26,False,0.8623281717300415,,,,,,
12898,19,16,False,0.9569329023361206,,,,,,
12901,40,29,False,0.7206265330314636,,,,,,
12904,29,26,False,0.9378543496131897,,,,,,
12905,63,25,True,0.6858447194099426,24.0,32.0,False,True,35.5,2.5
12908,48,16,False,0.969520092010498,,,,,,
12909,34,26,False,0.9706882238388062,,,,,,
12910,57,12,False,0.7039879560470581,,,,,,
12915,41,30,False,0.5187337398529053,,,,,,
12919,48,27,True,0.8604443669319153,8.0,16.0,False,False,36.5,15.5
12921,52,28,False,0.6798782348632812,,,,,,
12924,42,27,False,0.5703529715538025,,,,,,
12930,39,21,False,0.5681508183479309,,,,,,
12931,21,22,False,0.7385388612747192,,,,,,
12932,98,30,False,0.756749153137207,,,,,,
12937,46,25,False,0.8329168558120728,,,,,,
12944,28,28,False,0.8567610383033752,,,,,,
12945,65,31,False,0.7965249419212341,,,,,,
12946,23,27,False,0.6101716756820679,,,,,,
12952,49,28,False,0.9563696384429932,,,,,,
12953,59,34,False,0.5914657711982727,,,,,,
12956,55,27,False,0.9644570350646973,,,,,,
12961,44,5,False,0.6960248351097107,,,,,,
12965,40,29,False,0.9387044310569763,,,,,,
12966,38,30,False,0.7966245412826538,,,,,,
12968,33,24,False,0.6888135075569153,,,,,,
12969,44,33,False,0.9466455578804016,,,,,,
12973,41,32,False,0.8452369570732117,,,,,,
12976,22,27,False,0.8075283765792847,,,,,,
12978,41,22,False,0.6025661826133728,,,,,,
12982,40,31,False,0.5471011400222778,,,,,,
12985,41,18,False,0.9264065027236938,,,,,,
12986,23,28,False,0.9837743043899536,,,,,,
12987,17,40,True,0.5721416473388672,15.0,23.0,True,False,1.5,21.5
12990,40,31,True,0.8101633787155151,39.0,47.0,True,False,2.5,11.5
12992,59,0,False,0.876343309879303,,,,,,
12995,60,29,False,0.9286653399467468,,,,,,
12996,51,15,False,0.6187737584114075,,,,,,
12999,60,17,False,0.867969274520874,,,,,,
13003,40,33,True,0.7139774560928345,75.0,83.0,False,False,38.5,45.5
13012,45,29,False,0.8746393918991089,,,,,,
13016,81,36,False,0.660232424736023,,,,,,
13028,45,34,False,0.6903096437454224,,,,,,
13030,51,8,False,0.7536692023277283,,,,,,
13031,50,24,False,0.8309127688407898,,,,,,
13032,55,27,False,0.6733291149139404,,,,,,
13033,27,23,False,0.9370517134666443,,,,,,
13034,41,28,False,0.8136115670204163,,,,,,
13035,43,30,False,0.6765980124473572,,,,,,
13037,52,26,False,0.7434749007225037,,,,,,
13038,43,30,False,0.9220126867294312,,,,,,
13041,76,27,False,0.7203274369239807,,,,,,
13044,43,33,False,0.5827013254165649,,,,,,
13045,49,27,False,0.8027329444885254,,,,,,
13047,50,28,False,0.9047662615776062,,,,,,
13049,42,46,False,0.695681095123291,,,,,,
13051,95,29,False,0.6489136219024658,,,,,,
13054,48,27,False,0.9335308074951172,,,,,,
13059,34,29,False,0.8846991658210754,,,,,,
13060,56,36,False,0.8682629466056824,,,,,,
13061,27,23,True,0.9605713486671448,24.0,32.0,True,True,0.5,4.5
13064,44,23,False,0.84224534034729,,,,,,
13068,52,14,False,0.6118836402893066,,,,,,
13069,41,20,False,0.518947422504425,,,,,,
13070,48,30,False,0.8471934795379639,,,,,,
13075,48,33,False,0.9856315851211548,,,,,,
13077,45,31,False,0.8983827233314514,,,,,,
13078,39,21,True,0.7614647746086121,62.0,70.0,False,False,26.5,44.5
13079,61,36,False,0.5892044305801392,,,,,,
13082,50,4,False,0.5814826488494873,,,,,,
13086,23,24,False,0.9025762677192688,,,,,,
13089,47,36,False,0.5746504068374634,,,,,,
13090,65,22,False,0.782158374786377,,,,,,
13093,47,23,False,0.8542329668998718,,,,,,
13094,44,27,False,0.8123558163642883,,,,,,
13097,25,24,False,0.971285343170166,,,,,,
13108,42,27,False,0.9103848338127136,,,,,,
13112,13,17,False,0.8777479529380798,,,,,,
13113,41,25,False,0.8734458684921265,,,,,,
13114,58,26,False,0.5250595808029175,,,,,,
13116,90,24,False,0.8048396706581116,,,,,,
13117,49,32,False,0.876254677772522,,,,,,
13119,34,25,False,0.9635666608810425,,,,,,
13122,69,22,False,0.6574044227600098,,,,,,
13123,29,25,True,0.9812501072883606,27.0,35.0,True,True,1.5,5.5
13125,33,32,False,0.7403281331062317,,,,,,
13127,79,30,False,0.741998016834259,,,,,,
13130,44,34,True,0.8676915168762207,43.0,51.0,True,False,2.5,12.5
13135,46,31,False,0.795220673084259,,,,,,
13138,27,28,False,0.5690614581108093,,,,,,
13139,63,30,False,0.8251383900642395,,,,,,
13145,38,29,False,0.6381568908691406,,,,,,
13147,54,23,False,0.9553132057189941,,,,,,
13148,77,81,False,0.5620248317718506,,,,,,
13149,98,30,False,0.8998551368713379,,,,,,
13153,79,27,False,0.6119263172149658,,,,,,
13162,43,19,False,0.9571331739425659,,,,,,
13163,34,30,True,0.9858642816543579,32.0,40.0,True,True,1.5,5.5
13165,54,25,False,0.6415724158287048,,,,,,
13168,25,22,False,0.9923259019851685,,,,,,
13169,43,30,False,0.8889228701591492,,,,,,
13172,48,25,False,0.873255729675293,,,,,,
13176,35,23,False,0.9304586052894592,,,,,,
13180,43,20,False,0.891502320766449,,,,,,
13182,20,15,False,0.9518647789955139,,,,,,
13184,31,27,False,0.6450340151786804,,,,,,
13187,45,22,False,0.9407649040222168,,,,,,
13191,24,27,False,0.853560745716095,,,,,,
13192,50,28,False,0.5449535250663757,,,,,,
13193,47,23,False,0.5431320667266846,,,,,,
13195,28,26,False,0.9424938559532166,,,,,,
13196,27,24,False,0.9904424548149109,,,,,,
13201,55,33,False,0.7776695489883423,,,,,,
13207,22,21,False,0.8942520022392273,,,,,,
13209,48,27,False,0.625735878944397,,,,,,
13212,58,32,False,0.7990853190422058,,,,,,
13213,46,26,False,0.8727445006370544,,,,,,
13214,54,25,False,0.536881685256958,,,,,,
13217,49,27,False,0.8302263617515564,,,,,,
13219,41,24,False,0.853185772895813,,,,,,
13221,37,28,False,0.9346921443939209,,,,,,
13223,37,30,False,0.5408952832221985,,,,,,
13227,41,31,False,0.5132185816764832,,,,,,
13237,54,27,False,0.6745949387550354,,,,,,
13241,48,34,False,0.8505365252494812,,,,,,
13242,25,22,False,0.8010793328285217,,,,,,
13243,16,12,False,0.7445859909057617,,,,,,
13244,51,37,False,0.7168423533439636,,,,,,
13245,51,31,False,0.5823045969009399,,,,,,
13246,58,35,False,0.7145941257476807,,,,,,
13247,27,26,False,0.685171365737915,,,,,,
13249,53,26,True,0.9561744332313538,28.0,36.0,False,True,21.5,5.5
13250,34,42,False,0.5900485515594482,,,,,,
13251,28,29,False,0.8651502728462219,,,,,,
13254,15,12,False,0.9223407506942749,,,,,,
13255,41,32,False,0.5222305655479431,,,,,,
13256,52,48,False,0.6383979916572571,,,,,,
13257,40,19,False,0.9157054424285889,,,,,,
13259,43,29,False,0.5684663653373718,,,,,,
13262,63,79,False,0.8437057137489319,,,,,,
13268,54,19,False,0.8476759791374207,,,,,,
13270,63,28,False,0.5713438987731934,,,,,,
13271,28,18,False,0.96811842918396,,,,,,
13274,51,74,False,0.8508382439613342,,,,,,
13279,77,33,False,0.8464686870574951,,,,,,
13284,49,32,False,0.7998852729797363,,,,,,
13285,20,27,False,0.9723963141441345,,,,,,
13286,45,30,False,0.6601430177688599,,,,,,
13288,52,27,False,0.8117512464523315,,,,,,
13294,97,30,False,0.8759928941726685,,,,,,
13296,43,24,False,0.8107849359512329,,,,,,
13300,51,36,False,0.7053943872451782,,,,,,
13301,47,17,False,0.8323907852172852,,,,,,
13302,17,24,False,0.8708390593528748,,,,,,
13303,40,1,False,0.7956386804580688,,,,,,
13304,47,37,False,0.7028114199638367,,,,,,
13309,36,22,False,0.9143450260162354,,,,,,
13310,32,27,False,0.7274804711341858,,,,,,
13312,35,26,False,0.5682482719421387,,,,,,
13316,47,22,False,0.8236088752746582,,,,,,
13317,22,23,True,0.9804854393005371,20.0,28.0,True,True,1.5,0.5
13320,30,28,False,0.8702260851860046,,,,,,
13321,56,20,False,0.8362060189247131,,,,,,
13323,31,25,True,0.9906994700431824,29.0,37.0,True,False,1.5,7.5
13325,44,27,True,0.714777946472168,41.0,49.0,True,False,0.5,17.5
13327,33,37,False,0.7889606952667236,,,,,,
13329,48,51,False,0.7712317705154419,,,,,,
13330,57,14,False,0.8669706583023071,,,,,,
13331,93,29,False,0.5667487382888794,,,,,,
13332,42,30,False,0.6508918404579163,,,,,,
13333,42,28,False,0.9390160441398621,,,,,,
13338,44,29,False,0.9718465209007263,,,,,,
13340,18,16,False,0.9295370578765869,,,,,,
13341,44,28,False,0.8363817930221558,,,,,,
13342,39,26,False,0.6563233137130737,,,,,,
13343,20,18,False,0.8394513726234436,,,,,,
13345,42,24,False,0.6259642243385315,,,,,,
13353,54,30,False,0.5222513675689697,,,,,,
13354,88,17,False,0.6293447017669678,,,,,,
13355,46,31,False,0.7887142896652222,,,,,,
13356,42,40,False,0.8881329298019409,,,,,,
13357,40,31,False,0.6735309958457947,,,,,,
13362,44,27,False,0.8929874300956726,,,,,,
13363,46,15,False,0.7742942571640015,,,,,,
13364,20,25,False,0.6333251595497131,,,,,,
13369,35,5,False,0.727837085723877,,,,,,
13370,43,28,True,0.8968989253044128,39.0,47.0,True,False,0.5,14.5
13378,22,21,False,0.9880952835083008,,,,,,
13380,40,31,False,0.7596620917320251,,,,,,
13381,58,29,False,0.6660465002059937,,,,,,
13386,24,23,False,0.9264322519302368,,,,,,
13388,58,25,False,0.6905771493911743,,,,,,
13390,53,27,False,0.6758253574371338,,,,,,
13392,42,28,False,0.578072190284729,,,,,,
13394,40,31,False,0.7057127356529236,,,,,,
13398,47,31,False,0.8337146043777466,,,,,,
13399,83,29,False,0.8344062566757202,,,,,,
13404,49,25,False,0.9469466209411621,,,,,,
13411,45,29,False,0.8484306931495667,,,,,,
13412,37,25,False,0.9788554310798645,,,,,,
13414,59,30,False,0.8748912811279297,,,,,,
13416,97,29,False,0.8710634112358093,,,,,,
13418,47,24,True,0.9455440640449524,46.0,54.0,True,False,2.5,25.5
13419,35,23,False,0.8031107783317566,,,,,,
13421,38,24,False,0.6112787127494812,,,,,,
13426,39,26,False,0.7037662863731384,,,,,,
13431,45,49,False,0.5509501099586487,,,,,,
13432,57,25,True,0.8576434254646301,54.0,62.0,True,False,0.5,32.5
13433,66,27,False,0.8303367495536804,,,,,,
13434,45,18,False,0.8799089193344116,,,,,,
13437,56,19,False,0.8104581236839294,,,,,,
13439,44,22,False,0.7867382168769836,,,,,,
13442,66,27,False,0.6504424810409546,,,,,,
13444,46,21,False,0.9417904019355774,,,,,,
13445,37,30,False,0.8763041496276855,,,,,,
13448,19,17,False,0.973243772983551,,,,,,
13452,43,32,True,0.92171710729599,42.0,50.0,True,False,2.5,13.5
13453,68,30,False,0.8112823963165283,,,,,,
13456,36,25,False,0.7174657583236694,,,,,,
13460,37,31,False,0.7710276246070862,,,,,,
13461,41,23,False,0.5527552366256714,,,,,,
13463,52,11,False,0.735607922077179,,,,,,
13464,29,25,False,0.7147693037986755,,,,,,
13465,25,22,False,0.611160159111023,,,,,,
13466,47,20,False,0.6387914419174194,,,,,,
13467,45,29,True,0.9158911108970642,44.0,52.0,True,False,2.5,18.5
13468,43,28,False,0.5315250754356384,,,,,,
13472,41,32,False,0.5367997884750366,,,,,,
13475,43,86,False,0.8157074451446533,,,,,,
13478,45,25,True,0.9237911105155945,44.0,52.0,True,False,2.5,22.5
13479,53,81,False,0.5349994897842407,,,,,,
13480,49,27,False,0.8551161885261536,,,,,,
13484,20,19,True,0.8860480785369873,18.0,26.0,True,True,1.5,2.5
13485,45,20,False,0.7978527545928955,,,,,,
13487,45,31,False,0.6072718501091003,,,,,,
13488,47,13,False,0.6726644039154053,,,,,,
13489,44,6,False,0.6603323817253113,,,,,,
13491,48,1,False,0.6974970102310181,,,,,,
13493,28,32,True,0.9896851778030396,27.0,35.0,True,True,2.5,1.5
13494,18,22,False,0.9216306805610657,,,,,,
13497,45,23,False,0.8177351951599121,,,,,,
13501,63,27,False,0.9411557912826538,,,,,,
13502,63,28,False,0.8188721537590027,,,,,,
13505,30,16,False,0.9475299715995789,,,,,,
13506,36,29,False,0.7042924165725708,,,,,,
13512,39,27,False,0.8292884826660156,,,,,,
13514,37,26,False,0.6398269534111023,,,,,,
13519,36,29,False,0.9826831817626953,,,,,,
13520,62,33,False,0.8022708296775818,,,,,,
13523,59,29,False,0.7535881996154785,,,,,,
13525,38,22,False,0.9261428117752075,,,,,,
13527,41,24,False,0.5121971964836121,,,,,,
13530,57,28,False,0.508514940738678,,,,,,
13531,36,29,False,0.8092262744903564,,,,,,
13532,50,27,False,0.8021729588508606,,,,,,
13536,98,19,False,0.8302974700927734,,,,,,
13540,45,20,False,0.733305811882019,,,,,,
13541,45,14,False,0.8461524248123169,,,,,,
13542,38,25,False,0.9853240847587585,,,,,,
13544,59,24,False,0.9055976271629333,,,,,,
13545,73,15,False,0.5328774452209473,,,,,,
13546,88,27,False,0.8754240870475769,,,,,,
13547,95,29,False,0.7583276629447937,,,,,,
13548,42,23,False,0.6291280388832092,,,,,,
13549,50,94,False,0.5998768210411072,,,,,,
13553,40,22,False,0.6590297818183899,,,,,,
13554,68,26,False,0.7638407945632935,,,,,,
13555,28,25,False,0.9791269898414612,,,,,,
13562,39,14,False,0.8081765174865723,,,,,,
13564,54,23,False,0.6245999932289124,,,,,,
13565,32,28,False,0.9539872407913208,,,,,,
13566,39,17,False,0.7617293000221252,,,,,,
13571,30,30,True,0.6781619191169739,28.0,36.0,True,True,1.5,1.5
13577,49,22,False,0.8934822082519531,,,,,,
13579,38,30,False,0.6863299012184143,,,,,,
13581,82,22,False,0.9943764209747314,,,,,,
13582,96,32,False,0.6059000492095947,,,,,,
13583,47,38,False,0.530242383480072,,,,,,
13585,39,37,False,0.7253632545471191,,,,,,
13588,48,11,False,0.7965617775917053,,,,,,
13589,52,33,False,0.7863537669181824,,,,,,
13590,79,18,False,0.9532192945480347,,,,,,
13591,48,25,False,0.7539748549461365,,,,,,
13593,42,24,False,0.9199368357658386,,,,,,
13596,44,29,False,0.8126899600028992,,,,,,
13597,40,21,False,0.97944575548172,,,,,,
13598,41,11,False,0.9558767676353455,,,,,,
13599,44,26,False,0.8550435304641724,,,,,,
13608,24,23,False,0.9364532828330994,,,,,,
13609,48,23,False,0.8225259184837341,,,,,,
13611,58,31,False,0.704494833946228,,,,,,
13617,72,27,False,0.9429521560668945,,,,,,
13620,44,20,False,0.9272236227989197,,,,,,
13621,51,29,False,0.8311036229133606,,,,,,
13623,40,32,False,0.6721564531326294,,,,,,
13624,44,49,False,0.6037009358406067,,,,,,
13625,22,31,False,0.8417248725891113,,,,,,
13626,97,23,False,0.8602595925331116,,,,,,
13627,41,28,False,0.9823816418647766,,,,,,
13630,30,24,False,0.9726889729499817,,,,,,
13634,27,30,False,0.8470453023910522,,,,,,
13635,61,28,False,0.7449057698249817,,,,,,
13637,56,46,False,0.6346171498298645,,,,,,
13638,50,31,False,0.8949705362319946,,,,,,
13639,93,25,False,0.8187673687934875,,,,,,
13642,95,21,False,0.889681339263916,,,,,,
13644,21,27,False,0.926999032497406,,,,,,
13646,42,28,False,0.9316210746765137,,,,,,
13650,45,34,False,0.8793840408325195,,,,,,
13652,46,16,False,0.9409232139587402,,,,,,
13654,46,27,False,0.9382838010787964,,,,,,
13655,49,36,False,0.6896545886993408,,,,,,
13662,51,21,False,0.8266989588737488,,,,,,
13665,43,13,False,0.7360416054725647,,,,,,
13667,46,27,False,0.8075317740440369,,,,,,
13668,30,28,False,0.9680953025817871,,,,,,
13673,42,27,False,0.7900440692901611,,,,,,
13674,52,30,False,0.5783083438873291,,,,,,
13676,43,30,False,0.6496108174324036,,,,,,
13686,42,19,False,0.6668410301208496,,,,,,
13690,53,0,False,0.7896556258201599,,,,,,
13691,93,21,False,0.7655248641967773,,,,,,
13693,51,22,False,0.6242257356643677,,,,,,
13695,42,33,False,0.6473548412322998,,,,,,
13700,38,37,False,0.862461268901825,,,,,,
13703,48,27,False,0.8935641050338745,,,,,,
13704,43,35,False,0.6626020073890686,,,,,,
13707,49,14,False,0.8116185069084167,,,,,,
13709,29,32,False,0.6835669875144958,,,,,,
13717,46,41,False,0.5148501396179199,,,,,,
13718,39,25,False,0.9493229985237122,,,,,,
13719,32,33,True,0.9545390009880066,31.0,39.0,True,True,2.5,1.5
13725,21,21,False,0.7638416886329651,,,,,,
13731,33,24,False,0.5263507962226868,,,,,,
13735,46,30,False,0.9368932843208313,,,,,,
13744,51,27,False,0.907294750213623,,,,,,
13749,50,26,False,0.5405941605567932,,,,,,
13750,80,26,False,0.9403612017631531,,,,,,
13754,38,31,True,0.9736307859420776,36.0,44.0,True,False,1.5,8.5
13755,51,36,False,0.8253605961799622,,,,,,
13757,43,19,False,0.7467182874679565,,,,,,
13761,39,29,False,0.9574570655822754,,,,,,
13762,43,38,False,0.6917887330055237,,,,,,
13765,84,29,False,0.6333819627761841,,,,,,
13768,47,31,False,0.7138047814369202,,,,,,
13770,43,18,False,0.9552980661392212,,,,,,
13773,40,31,True,0.8911550045013428,89.0,97.0,False,False,52.5,61.5
13776,37,27,False,0.879908561706543,,,,,,
13780,81,40,False,0.6002240777015686,,,,,,
13781,43,23,False,0.7838025689125061,,,,,,
13784,64,18,False,0.6301243305206299,,,,,,
13786,45,30,False,0.7761974930763245,,,,,,
13788,34,31,False,0.7660355567932129,,,,,,
13790,22,24,False,0.7330655455589294,,,,,,
13791,73,35,False,0.8204867243766785,,,,,,
13793,28,26,False,0.5559845566749573,,,,,,
13796,37,28,False,0.6382660269737244,,,,,,
13797,64,16,False,0.5774625539779663,,,,,,
13799,45,24,False,0.8269719481468201,,,,,,
13801,79,20,False,0.7890399694442749,,,,,,
13802,81,29,False,0.8085811138153076,,,,,,
13803,26,27,False,0.6031309366226196,,,,,,
13804,20,23,False,0.9653079509735107,,,,,,
13808,50,23,False,0.6548948884010315,,,,,,
13809,58,34,False,0.5204513669013977,,,,,,
13810,39,29,False,0.5219672322273254,,,,,,
13814,51,24,False,0.9851354956626892,,,,,,
13817,51,26,False,0.8944485187530518,,,,,,
13819,56,16,False,0.848168671131134,,,,,,
13820,28,25,False,0.9642029404640198,,,,,,
13824,49,29,True,0.864018976688385,48.0,56.0,True,False,2.5,22.5
13827,38,25,False,0.9693681001663208,,,,,,
13829,50,30,False,0.9379749298095703,,,,,,
13833,33,27,False,0.5890876650810242,,,,,,
13834,50,14,False,0.8496450185775757,,,,,,
13835,26,30,False,0.7142348885536194,,,,,,
13837,37,30,False,0.9751244783401489,,,,,,
13838,42,21,False,0.9452163577079773,,,,,,
13839,54,21,False,0.8895570039749146,,,,,,
13840,17,26,False,0.9272432923316956,,,,,,
13843,16,19,False,0.9764639139175415,,,,,,
13848,39,28,False,0.5244008302688599,,,,,,
13852,17,23,False,0.5496274828910828,,,,,,
13853,35,30,False,0.6471134424209595,,,,,,
13855,46,9,False,0.729526162147522,,,,,,
13856,32,28,False,0.796697199344635,,,,,,
13857,50,28,False,0.8532165288925171,,,,,,
13858,41,22,False,0.6872426867485046,,,,,,
13861,40,15,False,0.9614704847335815,,,,,,
13864,56,52,False,0.6524723172187805,,,,,,
13866,42,1,False,0.7347414493560791,,,,,,
13867,55,46,False,0.5187047719955444,,,,,,
13868,47,25,False,0.7455187439918518,,,,,,
13873,41,14,False,0.9730277061462402,,,,,,
13879,47,30,False,0.8511162996292114,,,,,,
13883,52,30,False,0.8707906007766724,,,,,,
13884,39,26,False,0.7512602210044861,,,,,,
13886,40,22,False,0.9052596688270569,,,,,,
13889,47,14,False,0.7215864658355713,,,,,,
13900,41,5,False,0.7724152207374573,,,,,,
13901,41,27,False,0.545896589756012,,,,,,
13902,47,28,False,0.7305420637130737,,,,,,
13905,34,27,False,0.8240200877189636,,,,,,
13906,24,20,False,0.7408230900764465,,,,,,
13907,49,25,False,0.897472083568573,,,,,,
13909,45,23,False,0.8500186800956726,,,,,,
13912,50,29,False,0.8370928764343262,,,,,,
13913,40,39,False,0.891718864440918,,,,,,
13914,48,25,False,0.8325155973434448,,,,,,
13917,45,26,False,0.672554075717926,,,,,,
13920,43,30,False,0.8328403830528259,,,,,,
13921,47,35,False,0.6240861415863037,,,,,,
13922,58,24,False,0.6947352886199951,,,,,,
13925,31,16,False,0.786521852016449,,,,,,
13927,80,25,False,0.7823636531829834,,,,,,
13928,47,23,False,0.565940797328949,,,,,,
13929,39,30,False,0.9622494578361511,,,,,,
13934,61,12,False,0.8289574384689331,,,,,,
13941,54,30,False,0.5048463344573975,,,,,,
13942,55,31,False,0.5571053624153137,,,,,,
13943,56,96,False,0.5091380476951599,,,,,,
13944,23,100,False,0.9793604612350464,,,,,,
13946,41,32,False,0.524080216884613,,,,,,
13947,39,27,False,0.6465398669242859,,,,,,
13948,40,27,False,0.8498807549476624,,,,,,
13951,45,30,True,0.634044885635376,44.0,52.0,True,False,2.5,17.5
13952,94,25,False,0.8191606402397156,,,,,,
13954,74,23,False,0.8458495736122131,,,,,,
13955,67,33,False,0.6316772103309631,,,,,,
13957,27,32,False,0.731720507144928,,,,,,
13958,77,27,False,0.5563259124755859,,,,,,
13960,44,29,False,0.5110636949539185,,,,,,
13963,55,22,False,0.7786344885826111,,,,,,
13965,42,31,False,0.8555354475975037,,,,,,
13966,56,26,False,0.9110578298568726,,,,,,
13967,35,0,False,0.9094767570495605,,,,,,
13968,42,15,False,0.8427150249481201,,,,,,
13974,21,23,False,0.8538414239883423,,,,,,
13976,16,13,False,0.8991292715072632,,,,,,
13979,32,24,False,0.9382461309432983,,,,,,
13980,87,16,False,0.5490008592605591,,,,,,
13983,32,33,False,0.6627336144447327,,,,,,
13984,62,18,False,0.9105736613273621,,,,,,
13986,64,24,False,0.6921388506889343,,,,,,
13989,48,37,False,0.7726704478263855,,,,,,
13991,47,29,False,0.7024939060211182,,,,,,
13992,53,30,False,0.6945493817329407,,,,,,
13994,37,25,False,0.9742393493652344,,,,,,
13995,39,26,False,0.9856486320495605,,,,,,
13999,62,30,True,0.8355862498283386,58.0,66.0,True,False,0.5,31.5
14007,10,14,False,0.9185110330581665,,,,,,
14008,23,19,False,0.8735681176185608,,,,,,
14011,34,24,False,0.9391213059425354,,,,,,
14017,49,24,False,0.6645195484161377,,,,,,
14020,47,13,False,0.82098788022995,,,,,,
14022,43,23,False,0.655640721321106,,,,,,
14023,64,8,False,0.8462689518928528,,,,,,
14025,59,29,False,0.6253646016120911,,,,,,
14028,57,23,False,0.9440081119537354,,,,,,
14030,52,14,False,0.602942168712616,,,,,,
14034,49,25,False,0.9440509080886841,,,,,,
14038,42,33,False,0.6358591914176941,,,,,,
14041,95,28,False,0.805185079574585,,,,,,
14046,48,16,False,0.7526639103889465,,,,,,
14047,32,29,False,0.9124059081077576,,,,,,
14048,26,23,False,0.9486258029937744,,,,,,
14049,64,26,False,0.8814177513122559,,,,,,
14053,30,29,False,0.5932743549346924,,,,,,
14055,45,24,True,0.8946934938430786,82.0,90.0,False,False,40.5,61.5
14056,20,19,False,0.9161397814750671,,,,,,
14058,48,31,False,0.5709666609764099,,,,,,
14063,46,24,False,0.936132550239563,,,,,,
14068,59,21,False,0.5792784094810486,,,,,,
14069,38,34,False,0.8120344877243042,,,,,,
14070,34,31,True,0.8012782335281372,28.0,36.0,True,True,2.5,0.5
14071,55,28,False,0.7220262885093689,,,,,,
14074,17,17,False,0.8480371832847595,,,,,,
14075,63,22,False,0.6306969523429871,,,,,,
14077,68,30,False,0.5507091879844666,,,,,,
14084,46,26,False,0.8898589611053467,,,,,,
14087,46,18,False,0.5636516809463501,,,,,,
14089,43,29,False,0.8592193126678467,,,,,,
14091,50,26,False,0.716385006904602,,,,,,
14093,56,33,False,0.7214251160621643,,,,,,
14094,41,26,False,0.7462193965911865,,,,,,
14097,50,35,False,0.9721059203147888,,,,,,
14098,25,21,False,0.989996075630188,,,,,,
14099,52,25,False,0.9137998819351196,,,,,,
14101,37,25,False,0.9844400882720947,,,,,,
14104,45,14,False,0.7354506850242615,,,,,,
14107,44,28,False,0.7127109169960022,,,,,,
14110,51,35,True,0.9555062055587769,50.0,58.0,True,False,2.5,18.5
14111,91,27,False,0.6059383749961853,,,,,,
14113,10,16,False,0.809232771396637,,,,,,
14115,50,25,False,0.9500591158866882,,,,,,
14116,51,31,True,0.9324360489845276,50.0,58.0,True,False,2.5,22.5
14118,48,28,False,0.5935169458389282,,,,,,
14119,31,30,False,0.8048201203346252,,,,,,
14122,51,47,True,0.7793647646903992,50.0,58.0,True,False,2.5,6.5
14125,31,29,False,0.9796543717384338,,,,,,
14128,45,100,False,0.9024260640144348,,,,,,
14129,42,27,False,0.5357843637466431,,,,,,
14131,34,27,False,0.7702057957649231,,,,,,
14133,41,36,False,0.880354106426239,,,,,,
14136,42,34,False,0.6953865885734558,,,,,,
14137,46,30,False,0.6869484782218933,,,,,,
14141,48,13,False,0.7081172466278076,,,,,,
14143,43,30,False,0.7537143230438232,,,,,,
14145,53,7,False,0.6968095898628235,,,,,,
14146,46,20,False,0.8808583617210388,,,,,,
14155,20,19,False,0.8630090951919556,,,,,,
14157,54,37,False,0.8672908544540405,,,,,,
14158,78,28,False,0.9154632091522217,,,,,,
14162,46,17,False,0.8202900886535645,,,,,,
14163,74,36,False,0.6133286952972412,,,,,,
14165,16,13,False,0.9397133588790894,,,,,,
14168,48,15,False,0.9400820732116699,,,,,,
14171,53,29,False,0.6764341592788696,,,,,,
14172,66,45,False,0.698909342288971,,,,,,
14174,77,28,False,0.783539891242981,,,,,,
14178,71,25,False,0.9656445384025574,,,,,,
14179,30,23,False,0.8726500868797302,,,,,,
14181,41,1,False,0.776141881942749,,,,,,
14183,62,3,False,0.5852893590927124,,,,,,
14184,44,13,False,0.8230754733085632,,,,,,
14185,49,24,False,0.7783829569816589,,,,,,
14188,56,27,False,0.7233520150184631,,,,,,
14189,50,31,False,0.7946897745132446,,,,,,
14190,13,26,False,0.916740894317627,,,,,,
14192,35,35,False,0.700844943523407,,,,,,
14193,20,16,False,0.972496509552002,,,,,,
14196,50,29,False,0.6208724975585938,,,,,,
14197,14,25,False,0.7944850921630859,,,,,,
14198,32,30,False,0.6984543204307556,,,,,,
14200,36,22,False,0.95609050989151,,,,,,
14206,42,17,False,0.9057192802429199,,,,,,
14207,67,28,False,0.8736184239387512,,,,,,
14211,64,22,False,0.7899004220962524,,,,,,
14212,30,27,True,0.9549447298049927,29.0,37.0,True,True,2.5,5.5
14214,46,30,False,0.866816520690918,,,,,,
14215,53,2,False,0.7045613527297974,,,,,,
14223,22,21,False,0.9247130155563354,,,,,,
14224,57,25,False,0.7564845681190491,,,,,,
14226,69,23,False,0.8512298464775085,,,,,,
14229,33,30,True,0.9586918354034424,32.0,40.0,True,True,2.5,5.5
14231,40,29,False,0.6834504008293152,,,,,,
14233,33,24,False,0.8522929549217224,,,,,,
14234,51,25,False,0.767890453338623,,,,,,
14235,34,22,False,0.9928507804870605,,,,,,
14236,45,29,False,0.6354754567146301,,,,,,
14239,37,27,False,0.9064083695411682,,,,,,
14241,39,28,False,0.8483141660690308,,,,,,
14245,54,10,False,0.8504924178123474,,,,,,
14251,59,25,False,0.7279981970787048,,,,,,
14253,61,21,False,0.6193767189979553,,,,,,
14257,86,33,False,0.7827550172805786,,,,,,
14259,32,30,False,0.844171404838562,,,,,,
14260,71,31,False,0.7726487517356873,,,,,,
14263,33,20,False,0.817157506942749,,,,,,
14264,47,25,False,0.5878427624702454,,,,,,
14266,51,20,False,0.8030657768249512,,,,,,
14268,15,28,False,0.904783308506012,,,,,,
14269,32,28,False,0.5669687986373901,,,,,,
14270,50,20,False,0.813845694065094,,,,,,
14271,23,32,False,0.7433297038078308,,,,,,
14273,61,16,False,0.7991266846656799,,,,,,
14276,44,36,False,0.7334797382354736,,,,,,
14277,49,26,False,0.5396367907524109,,,,,,
14281,38,26,False,0.9569319486618042,,,,,,
14282,27,27,False,0.5078291893005371,,,,,,
14286,100,29,False,0.9670329093933105,,,,,,
14287,18,32,False,0.7833133339881897,,,,,,
14290,27,24,False,0.8961413502693176,,,,,,
14291,38,27,False,0.8167045712471008,,,,,,
14297,90,19,False,0.8308547139167786,,,,,,
14299,42,15,False,0.9766421318054199,,,,,,
14300,42,27,False,0.9451638460159302,,,,,,
14301,68,22,False,0.8202139139175415,,,,,,
14302,97,19,False,0.8323174715042114,,,,,,
14305,56,15,False,0.8451565504074097,,,,,,
14306,43,24,False,0.9677156209945679,,,,,,
14307,39,28,False,0.7664385437965393,,,,,,
14309,49,22,False,0.709503173828125,,,,,,
14310,42,15,False,0.8535324931144714,,,,,,
14314,77,31,False,0.5839152932167053,,,,,,
14315,80,17,False,0.7976886630058289,,,,,,
14321,45,23,False,0.7382720708847046,,,,,,
14322,25,22,False,0.9414172768592834,,,,,,
14323,41,33,False,0.6534568071365356,,,,,,
14327,59,28,False,0.6747404336929321,,,,,,
14330,49,24,False,0.6701585650444031,,,,,,
14332,76,25,False,0.6937570571899414,,,,,,
14333,61,17,False,0.5647080540657043,,,,,,
14334,39,29,False,0.5055855512619019,,,,,,
14338,48,32,False,0.7397394776344299,,,,,,
14343,26,29,False,0.91343092918396,,,,,,
14344,41,27,False,0.8239225149154663,,,,,,
14347,40,27,False,0.9865413904190063,,,,,,
14349,59,18,False,0.5931875705718994,,,,,,
14350,86,46,False,0.5324322581291199,,,,,,
14352,53,20,False,0.9378315806388855,,,,,,
14355,49,0,False,0.5385732650756836,,,,,,
14357,55,9,False,0.7629916667938232,,,,,,
14358,51,26,False,0.7695136070251465,,,,,,
14361,39,26,False,0.9262176752090454,,,,,,
14363,50,18,False,0.8034508228302002,,,,,,
14369,50,27,False,0.549602210521698,,,,,,
14378,39,44,False,0.7030201554298401,,,,,,
14380,28,23,False,0.6475775241851807,,,,,,
14381,62,29,False,0.7459267377853394,,,,,,
14383,50,35,False,0.8170841336250305,,,,,,
14385,68,35,False,0.7127158045768738,,,,,,
14387,24,27,False,0.6647766828536987,,,,,,
14390,60,28,True,0.8190469741821289,9.0,17.0,False,False,47.5,15.5
14392,48,21,False,0.9400386810302734,,,,,,
14395,54,15,False,0.9237992167472839,,,,,,
14396,48,26,False,0.6492098569869995,,,,,,
14399,42,39,False,0.5574520230293274,,,,,,
14402,39,29,False,0.911738932132721,,,,,,
14405,44,22,False,0.9107136726379395,,,,,,
14408,51,27,False,0.7882576584815979,,,,,,
14409,43,41,True,0.7347672581672668,82.0,90.0,False,False,42.5,44.5
14412,59,83,False,0.5589669942855835,,,,,,
14416,57,33,False,0.6407104730606079,,,,,,
14417,43,21,False,0.8337007761001587,,,,,,
14422,52,22,False,0.9842313528060913,,,,,,
14423,47,32,False,0.6416597366333008,,,,,,
14424,56,6,False,0.7580434679985046,,,,,,
14426,19,18,False,0.7978862524032593,,,,,,
14427,45,16,False,0.8782841563224792,,,,,,
14429,52,15,False,0.7619152665138245,,,,,,
14431,72,28,False,0.6070698499679565,,,,,,
14434,21,23,False,0.7263539433479309,,,,,,
14435,16,29,False,0.9621046781539917,,,,,,
14443,52,27,False,0.5458614826202393,,,,,,
14444,69,39,False,0.595124363899231,,,,,,
14448,21,19,False,0.7822974920272827,,,,,,
14450,42,31,False,0.8547399640083313,,,,,,
14454,43,25,False,0.9364184737205505,,,,,,
14457,48,23,False,0.9111171364784241,,,,,,
14462,36,25,False,0.9396732449531555,,,,,,
14470,23,30,False,0.7547560930252075,,,,,,
14472,40,27,False,0.8619582056999207,,,,,,
14473,60,31,True,0.8875539898872375,2.0,10.0,False,False,54.5,25.5
14475,34,32,False,0.5253538489341736,,,,,,
14476,51,18,False,0.8150554895401001,,,,,,
14479,15,28,True,0.9706858396530151,13.0,21.0,True,False,1.5,11.5
14483,45,25,False,0.9572645425796509,,,,,,
14490,54,33,False,0.5418643355369568,,,,,,
14492,55,20,False,0.9052926898002625,,,,,,
14493,22,21,False,0.8434227108955383,,,,,,
14494,52,26,False,0.777381420135498,,,,,,
14498,50,13,False,0.8800497651100159,,,,,,
14499,37,26,False,0.714438259601593,,,,,,
14500,39,31,True,0.9582722783088684,38.0,46.0,True,False,2.5,10.5
14502,43,24,False,0.6577497720718384,,,,,,
14506,20,15,False,0.7262660264968872,,,,,,
14507,57,14,False,0.705676257610321,,,,,,
14508,56,25,False,0.9147012233734131,,,,,,
14511,40,100,False,0.8969859480857849,,,,,,
14516,38,27,False,0.7645225524902344,,,,,,
14517,17,24,False,0.9607805013656616,,,,,,
14522,38,27,True,0.9272619485855103,37.0,45.0,True,False,2.5,13.5
14524,43,23,False,0.675730288028717,,,,,,
14527,29,28,False,0.9343644380569458,,,,,,
14529,46,0,False,0.8974940180778503,,,,,,
14531,47,30,False,0.5079455375671387,,,,,,
14533,53,24,True,0.9620277881622314,52.0,60.0,True,False,2.5,31.5
14535,42,29,False,0.8511807918548584,,,,,,
14536,36,28,False,0.9546635746955872,,,,,,
14537,38,27,False,0.8555875420570374,,,,,,
14540,49,30,False,0.773462176322937,,,,,,
14541,23,26,False,0.9807122945785522,,,,,,
14542,38,24,False,0.9840320944786072,,,,,,
14543,23,30,False,0.9164443016052246,,,,,,
14544,41,2,False,0.8943856954574585,,,,,,
14546,44,27,False,0.9298241138458252,,,,,,
14547,18,14,False,0.9358319044113159,,,,,,
14550,63,86,False,0.9376167058944702,,,,,,
14553,65,7,False,0.7793328166007996,,,,,,
14556,26,24,False,0.9333734512329102,,,,,,
14558,63,29,False,0.6295117735862732,,,,,,
14562,49,18,False,0.5993664264678955,,,,,,
14567,35,31,False,0.9827613234519958,,,,,,
14568,41,26,False,0.8856475353240967,,,,,,
14570,57,45,False,0.5809338688850403,,,,,,
14571,47,1,False,0.6789721846580505,,,,,,
14579,34,32,False,0.8079992532730103,,,,,,
14582,61,28,False,0.718186616897583,,,,,,
14583,87,27,False,0.6858581900596619,,,,,,
14585,39,30,False,0.5670565366744995,,,,,,
14592,57,30,False,0.7336167693138123,,,,,,
14593,23,22,False,0.7900993227958679,,,,,,
14594,48,7,False,0.64097660779953,,,,,,
14597,31,31,False,0.7803724408149719,,,,,,
14598,23,29,False,0.9696755409240723,,,,,,
14603,26,25,False,0.9647226929664612,,,,,,
14604,53,27,False,0.6986712217330933,,,,,,
14605,42,25,False,0.5384745001792908,,,,,,
14606,43,28,False,0.8575484156608582,,,,,,
14608,89,26,False,0.845084011554718,,,,,,
14614,47,22,False,0.7893281579017639,,,,,,
14617,49,22,False,0.6458637118339539,,,,,,
14618,56,14,False,0.7965708374977112,,,,,,
14619,54,30,False,0.5438330769538879,,,,,,
14625,44,31,False,0.6359093189239502,,,,,,
14628,54,31,False,0.7697223424911499,,,,,,
14629,26,24,False,0.954559862613678,,,,,,
14630,36,23,False,0.7638795375823975,,,,,,
14633,19,16,False,0.8564674854278564,,,,,,
14637,57,25,False,0.7548372149467468,,,,,,
14642,88,24,False,0.9236982464790344,,,,,,
14645,40,28,False,0.9476252198219299,,,,,,
14648,23,26,False,0.9211257100105286,,,,,,
14651,36,26,False,0.9762774109840393,,,,,,
14659,35,30,False,0.6925785541534424,,,,,,
14661,43,15,False,0.922335147857666,,,,,,
14662,51,28,False,0.9137860536575317,,,,,,
14663,55,35,False,0.8310410976409912,,,,,,
14664,39,29,False,0.7960658073425293,,,,,,
14665,54,31,False,0.674421489238739,,,,,,
14667,26,24,False,0.9720368385314941,,,,,,
14669,45,26,False,0.7292191386222839,,,,,,
14672,42,22,False,0.8173531293869019,,,,,,
14675,24,21,False,0.8123073577880859,,,,,,
14680,50,45,False,0.6674185991287231,,,,,,
14683,22,19,False,0.9223255515098572,,,,,,
14687,38,28,False,0.5264471173286438,,,,,,
14689,38,23,False,0.9904460906982422,,,,,,
14690,55,20,False,0.5360713005065918,,,,,,
14691,36,28,False,0.5016578435897827,,,,,,
14692,39,30,False,0.6701354384422302,,,,,,
14693,33,25,False,0.7330149412155151,,,,,,
14695,71,5,False,0.6566120982170105,,,,,,
14696,48,22,False,0.7382992506027222,,,,,,
14702,99,26,False,0.9559776186943054,,,,,,
14703,40,13,False,0.9442386627197266,,,,,,
14704,62,20,False,0.7369802594184875,,,,,,
14706,35,31,True,0.843805730342865,29.0,37.0,True,True,2.5,1.5
14707,14,36,False,0.7138220071792603,,,,,,
14712,32,24,False,0.7369382381439209,,,,,,
14719,42,22,False,0.528008759021759,,,,,,
14720,20,22,False,0.9676315784454346,,,,,,
14724,42,20,False,0.9419825673103333,,,,,,
14725,37,2,False,0.7277300357818604,,,,,,
14726,49,26,False,0.9098151922225952,,,,,,
14728,21,12,False,0.9775446653366089,,,,,,
14729,37,29,False,0.7188436388969421,,,,,,
14730,33,9,False,0.9460636377334595,,,,,,
14731,54,30,False,0.5815202593803406,,,,,,
14738,49,34,False,0.8545929193496704,,,,,,
14740,46,12,False,0.6701782941818237,,,,,,
14742,43,29,False,0.8140706419944763,,,,,,
14743,19,16,False,0.7982516884803772,,,,,,
14751,49,16,False,0.7639366388320923,,,,,,
14753,77,28,False,0.8808679580688477,,,,,,
14757,44,18,False,0.6834151744842529,,,,,,
14758,59,33,False,0.7599059343338013,,,,,,
14759,51,32,False,0.6419770121574402,,,,,,
14760,21,25,False,0.9335193037986755,,,,,,
14763,44,39,False,0.7783545255661011,,,,,,
14766,42,34,False,0.7802534103393555,,,,,,
14770,39,27,False,0.9666134715080261,,,,,,
14774,49,23,False,0.9927858710289001,,,,,,
14775,40,28,False,0.7698018550872803,,,,,,
14777,64,22,False,0.6596773862838745,,,,,,
14778,43,23,False,0.7872982621192932,,,,,,
14779,75,24,False,0.9070916175842285,,,,,,
14780,49,32,False,0.6511167883872986,,,,,,
14787,61,23,False,0.7418425679206848,,,,,,
14788,44,39,False,0.5310783386230469,,,,,,
14789,41,26,False,0.6844801306724548,,,,,,
14794,64,26,False,0.7475256323814392,,,,,,
14797,43,29,False,0.7672313451766968,,,,,,
14799,16,15,False,0.8257954120635986,,,,,,
14803,51,97,True,0.9117060899734497,50.0,58.0,True,False,2.5,43.5
14810,35,25,False,0.9472736120223999,,,,,,
14811,42,30,False,0.8543661832809448,,,,,,
14819,65,27,True,0.9210281372070312,64.0,72.0,True,False,2.5,40.5
14820,39,24,False,0.743769109249115,,,,,,
14825,33,27,False,0.7387256622314453,,,,,,
14826,66,29,False,0.5074583888053894,,,,,,
14830,44,15,True,0.8724466562271118,14.0,22.0,False,True,26.5,2.5
14833,44,24,False,0.5221254825592041,,,,,,
14835,45,23,False,0.8284910917282104,,,,,,
14839,39,30,False,0.8971635103225708,,,,,,
14840,39,17,False,0.8282923102378845,,,,,,
14841,68,30,True,0.7334808707237244,64.0,72.0,True,False,0.5,37.5
14843,59,18,False,0.784019947052002,,,,,,
14844,49,22,False,0.8867195248603821,,,,,,
14848,42,26,True,0.9099882245063782,77.0,85.0,False,False,38.5,54.5
14849,75,11,False,0.7705698013305664,,,,,,
14853,38,29,False,0.8995873332023621,,,,,,
14855,47,28,False,0.6705316305160522,,,,,,
14858,46,23,False,0.8349462151527405,,,,,,
14860,23,20,False,0.9707543849945068,,,,,,
14864,27,26,False,0.9609788060188293,,,,,,
14865,44,27,False,0.737042248249054,,,,,,
14866,46,31,False,0.7289160490036011,,,,,,
14868,45,29,False,0.6209387183189392,,,,,,
14870,58,29,False,0.8759809136390686,,,,,,
14871,36,24,False,0.9952654838562012,,,,,,
14872,34,98,False,0.9704158902168274,,,,,,
14876,70,28,False,0.9258280992507935,,,,,,
14884,62,27,False,0.6526067852973938,,,,,,
14886,31,21,False,0.8271420001983643,,,,,,
14890,38,29,False,0.9335536956787109,,,,,,
14892,23,14,False,0.8651148080825806,,,,,,
14894,95,15,False,0.5933489203453064,,,,,,
14901,73,29,False,0.6470896005630493,,,,,,
14902,79,31,False,0.7712435126304626,,,,,,
14903,36,19,False,0.6950284838676453,,,,,,
14904,61,31,True,0.9064924716949463,57.0,65.0,True,False,0.5,29.5
14906,41,24,False,0.9119388461112976,,,,,,
14907,41,26,False,0.7878540754318237,,,,,,
14912,41,95,True,0.9252229332923889,40.0,48.0,True,False,2.5,51.5
14913,58,29,False,0.917509913444519,,,,,,
14914,45,30,False,0.507021963596344,,,,,,
14916,47,31,False,0.9286666512489319,,,,,,
14917,43,23,False,0.9629083275794983,,,,,,
14918,65,26,False,0.8623796105384827,,,,,,
14919,49,22,False,0.6492404937744141,,,,,,
14922,68,18,False,0.845914900302887,,,,,,
14923,52,31,False,0.6490843892097473,,,,,,
14924,39,24,False,0.7125288844108582,,,,,,
14926,46,14,False,0.882990837097168,,,,,,
14927,69,38,False,0.6138233542442322,,,,,,
14932,50,33,True,0.8602075576782227,32.0,40.0,False,True,14.5,2.5
14933,47,22,False,0.8261001706123352,,,,,,
14935,34,23,False,0.9830387830734253,,,,,,
14936,56,94,True,0.9772257208824158,55.0,63.0,True,False,2.5,35.5
14938,45,30,False,0.7114477753639221,,,,,,
14941,20,23,False,0.9245824217796326,,,,,,
14942,50,23,False,0.7288488149642944,,,,,,
14943,44,21,False,0.8252075910568237,,,,,,
14944,37,22,False,0.7267475128173828,,,,,,
14949,71,32,False,0.5615153312683105,,,,,,
14951,48,27,False,0.7345866560935974,,,,,,
14952,42,30,False,0.6887121200561523,,,,,,
14960,31,35,True,0.7754735350608826,27.0,35.0,True,True,0.5,4.5
14962,45,23,False,0.5503772497177124,,,,,,
14963,51,31,False,0.5326488614082336,,,,,,
14966,32,33,False,0.7769160270690918,,,,,,
14967,38,33,False,0.9048020243644714,,,,,,
14969,55,34,False,0.7722824215888977,,,,,,
14970,27,26,False,0.9065402746200562,,,,,,
14971,58,29,False,0.9006028771400452,,,,,,
14975,25,29,False,0.7905076742172241,,,,,,
14978,36,23,False,0.9896682500839233,,,,,,
14981,26,27,True,0.9834221005439758,24.0,32.0,True,True,1.5,0.5
14982,31,19,False,0.9392026662826538,,,,,,
14985,35,24,False,0.7764828205108643,,,,,,
14990,42,30,False,0.5160278677940369,,,,,,
14992,29,31,True,0.9788874387741089,28.0,36.0,True,True,2.5,0.5
14993,45,29,False,0.8746376037597656,,,,,,
14994,51,26,False,0.6996938586235046,,,,,,
14996,40,25,False,0.9947690367698669,,,,,,
15000,42,37,False,0.6623920202255249,,,,,,
15002,42,30,False,0.7200628519058228,,,,,,
15007,48,25,False,0.5563163161277771,,,,,,
15011,42,24,False,0.8585221767425537,,,,,,
15012,63,24,False,0.5377039313316345,,,,,,
15013,43,26,False,0.7940061092376709,,,,,,
15017,56,34,False,0.5041642189025879,,,,,,
15019,57,30,False,0.5026355981826782,,,,,,
15021,32,24,False,0.9880703091621399,,,,,,
15022,83,26,True,0.945399820804596,68.0,76.0,False,False,11.5,45.5
15025,18,27,False,0.937855064868927,,,,,,
15028,44,31,False,0.9614349007606506,,,,,,
15029,60,19,False,0.9119709730148315,,,,,,
15031,60,27,False,0.8495701551437378,,,,,,
15034,49,49,False,0.6674440503120422,,,,,,
15035,35,27,False,0.969129204750061,,,,,,
15037,27,25,False,0.9315608739852905,,,,,,
15038,47,36,False,0.5609822869300842,,,,,,
15039,59,22,False,0.7184287905693054,,,,,,
15040,64,30,False,0.6487966179847717,,,,,,
15044,56,27,False,0.8339162468910217,,,,,,
15046,46,25,False,0.852426290512085,,,,,,
15049,44,47,False,0.5589314103126526,,,,,,
15052,15,12,False,0.7826815843582153,,,,,,
15053,58,29,False,0.6711229085922241,,,,,,
15058,68,21,False,0.7447239756584167,,,,,,
15059,43,27,False,0.9361472725868225,,,,,,
15060,53,29,True,0.9215360283851624,49.0,57.0,True,False,0.5,23.5
15062,44,31,False,0.8938078880310059,,,,,,
15063,62,29,False,0.660179078578949,,,,,,
15065,49,28,False,0.5035278797149658,,,,,,
15068,22,23,False,0.9816606044769287,,,,,,
15069,30,18,False,0.8134259581565857,,,,,,
15070,96,9,False,0.8445137143135071,,,,,,
15071,26,25,False,0.5456340312957764,,,,,,
15074,61,32,False,0.7957616448402405,,,,,,
15077,40,25,False,0.7711384296417236,,,,,,
15079,50,43,False,0.7018435001373291,,,,,,
15082,99,31,False,0.6291347146034241,,,,,,
15083,56,84,False,0.7279212474822998,,,,,,
15085,56,24,False,0.5964045524597168,,,,,,
15086,34,21,False,0.9399684071540833,,,,,,
15088,38,33,False,0.6370429396629333,,,,,,
15090,31,25,False,0.9062700867652893,,,,,,
15097,31,21,False,0.9814137816429138,,,,,,
15103,40,21,False,0.9678340554237366,,,,,,
15104,48,25,False,0.8827335238456726,,,,,,
15110,47,27,False,0.7094264030456543,,,,,,
15117,63,27,False,0.8407821655273438,,,,,,
15122,22,19,False,0.9589090347290039,,,,,,
15125,25,22,False,0.9051328897476196,,,,,,
15126,45,26,False,0.9187937378883362,,,,,,
15128,49,32,False,0.6817189455032349,,,,,,
15133,45,31,False,0.7565629482269287,,,,,,
15134,29,25,False,0.6599392294883728,,,,,,
15142,75,16,True,0.97118079662323,61.0,69.0,False,False,10.5,48.5
15148,25,24,False,0.9813516736030579,,,,,,
15149,41,26,False,0.8501839637756348,,,,,,
15153,44,29,False,0.8464050889015198,,,,,,
15157,45,32,False,0.7193134427070618,,,,,,
15161,29,12,False,0.928065836429596,,,,,,
15165,42,27,False,0.7346539497375488,,,,,,
15170,20,27,False,0.6897837519645691,,,,,,
15171,56,23,False,0.5607450008392334,,,,,,
15174,38,18,False,0.727618396282196,,,,,,
15175,66,31,False,0.8138770461082458,,,,,,
15177,45,30,False,0.901993989944458,,,,,,
15178,37,30,False,0.8381408452987671,,,,,,
15179,48,1,False,0.6306667327880859,,,,,,
15180,35,25,False,0.609183132648468,,,,,,
15188,56,31,False,0.780019223690033,,,,,,
15189,31,27,True,0.9462999105453491,29.0,37.0,True,True,1.5,5.5
15191,21,21,False,0.8998101353645325,,,,,,
15192,31,40,False,0.6306163668632507,,,,,,
15201,59,93,False,0.9080973863601685,,,,,,
15203,16,14,False,0.5161659717559814,,,,,,
15204,49,18,False,0.8516378402709961,,,,,,
15206,51,29,False,0.7973119020462036,,,,,,
15208,49,26,False,0.546562910079956,,,,,,
15210,39,25,False,0.8525924682617188,,,,,,
15213,46,28,False,0.9677934646606445,,,,,,
15215,22,25,False,0.6307634115219116,,,,,,
15216,48,31,True,0.9082140922546387,46.0,54.0,True,False,1.5,18.5
15220,43,21,False,0.8840489387512207,,,,,,
15221,52,25,False,0.5770654678344727,,,,,,
15223,48,28,False,0.8465990424156189,,,,,,
15224,51,28,False,0.706078052520752,,,,,,
15226,64,35,False,0.794597864151001,,,,,,
15227,41,30,False,0.6666112542152405,,,,,,
15228,21,31,False,0.52250736951828,,,,,,
15231,34,21,False,0.9900364875793457,,,,,,
15232,18,26,False,0.7193692326545715,,,,,,
15235,100,32,False,0.849911630153656,,,,,,
15236,47,28,False,0.6543042063713074,,,,,,
15238,20,29,False,0.8622481822967529,,,,,,
15239,21,23,False,0.8080266714096069,,,,,,
15241,50,21,False,0.9318286180496216,,,,,,
15243,26,28,False,0.871907651424408,,,,,,
15247,41,24,False,0.9033300280570984,,,,,,
15248,60,30,False,0.654195249080658,,,,,,
15251,53,15,False,0.8374572396278381,,,,,,
15252,40,37,False,0.7620206475257874,,,,,,
15253,41,31,False,0.7334036827087402,,,,,,
15254,41,1,False,0.6583780646324158,,,,,,
15255,46,24,False,0.9823678731918335,,,,,,
15258,46,29,False,0.7650107741355896,,,,,,
15261,42,30,False,0.6646390557289124,,,,,,
15262,41,11,False,0.6769488453865051,,,,,,
15266,28,23,False,0.7802132368087769,,,,,,
15267,81,29,False,0.8822644948959351,,,,,,
15268,27,31,False,0.5978914499282837,,,,,,
15269,45,40,False,0.6384654641151428,,,,,,
15270,26,23,False,0.9451956748962402,,,,,,
15273,46,30,True,0.8925933241844177,2.0,10.0,False,False,40.5,24.5
15277,40,21,False,0.9908207058906555,,,,,,
15278,77,27,False,0.7202394604682922,,,,,,
15279,64,34,True,0.9268978238105774,59.0,67.0,True,False,1.5,28.5
15280,34,33,False,0.9124609231948853,,,,,,
15281,83,34,False,0.6561455726623535,,,,,,
15285,49,33,False,0.6002562046051025,,,,,,
15286,53,20,False,0.6778317093849182,,,,,,
15288,20,33,False,0.8647924661636353,,,,,,
15298,41,89,False,0.8993857502937317,,,,,,
15299,41,27,False,0.5453916788101196,,,,,,
15301,41,22,False,0.5425978302955627,,,,,,
15302,40,30,False,0.7079566717147827,,,,,,
15304,36,22,False,0.8017562627792358,,,,,,
15309,44,27,False,0.5867169499397278,,,,,,
15310,43,13,False,0.5729659199714661,,,,,,
15313,41,21,False,0.5214206576347351,,,,,,
15314,100,29,False,0.5962616801261902,,,,,,
15315,34,30,False,0.9159988760948181,,,,,,
15319,34,30,False,0.6137248873710632,,,,,,
15321,51,25,False,0.6735943555831909,,,,,,
15326,38,28,False,0.5171684622764587,,,,,,
15327,57,83,False,0.9161881804466248,,,,,,
15333,52,31,False,0.6644217371940613,,,,,,
15334,30,28,False,0.8453344702720642,,,,,,
15336,38,31,False,0.9015140533447266,,,,,,
15337,39,36,False,0.5399914979934692,,,,,,
15342,60,21,False,0.6422721147537231,,,,,,
15343,48,34,False,0.5549935102462769,,,,,,
15344,18,24,False,0.6931480765342712,,,,,,
15345,23,32,False,0.527143120765686,,,,,,
15346,84,27,False,0.7521299123764038,,,,,,
15347,51,14,False,0.9045892357826233,,,,,,
15349,50,30,False,0.9053775072097778,,,,,,
15351,36,27,False,0.8618147373199463,,,,,,
15355,36,20,False,0.9740061163902283,,,,,,
15357,40,20,False,0.6282009482383728,,,,,,
15358,42,26,False,0.7923464179039001,,,,,,
15361,35,24,False,0.9890269637107849,,,,,,
15363,40,28,False,0.9780747890472412,,,,,,
15366,64,30,False,0.6579833030700684,,,,,,
15368,41,25,False,0.8208330273628235,,,,,,
15372,33,31,True,0.9576556086540222,32.0,40.0,True,True,2.5,4.5
15374,68,23,False,0.8526971936225891,,,,,,
15380,20,19,False,0.7700784802436829,,,,,,
15382,55,17,True,0.9422038793563843,54.0,62.0,True,False,2.5,40.5
15383,89,28,False,0.5278521180152893,,,,,,
15384,47,27,False,0.5236666202545166,,,,,,
15388,48,29,False,0.7025599479675293,,,,,,
15389,37,26,True,0.9266186356544495,67.0,75.0,False,False,33.5,44.5
15392,58,27,False,0.894463300704956,,,,,,
15399,50,20,False,0.8893353939056396,,,,,,
15400,41,26,False,0.9472593069076538,,,,,,
15405,49,30,False,0.7255690097808838,,,,,,
15414,56,34,False,0.6815011501312256,,,,,,
15418,37,27,False,0.8885045051574707,,,,,,
15421,56,16,False,0.950618326663971,,,,,,
15423,73,31,False,0.7174085378646851,,,,,,
15424,46,27,False,0.7614660263061523,,,,,,
15425,20,30,False,0.7439886927604675,,,,,,
15426,52,26,False,0.8267425894737244,,,,,,
15427,36,16,False,0.8732262849807739,,,,,,
15431,41,31,False,0.6705610752105713,,,,,,
15432,35,27,False,0.5766672492027283,,,,,,
15434,34,25,False,0.6953161954879761,,,,,,
15437,47,14,False,0.7113328576087952,,,,,,
15438,48,24,False,0.6870558857917786,,,,,,
15442,36,27,False,0.8551366329193115,,,,,,
15444,50,25,False,0.5162093639373779,,,,,,
15446,54,29,False,0.8233112692832947,,,,,,
15447,47,30,False,0.6778285503387451,,,,,,
15448,34,25,False,0.5362362265586853,,,,,,
15449,45,41,False,0.624518871307373,,,,,,
15450,35,25,False,0.9718353748321533,,,,,,
15452,52,29,False,0.7437586188316345,,,,,,
15454,47,29,False,0.5659672617912292,,,,,,
15455,49,22,False,0.5270401239395142,,,,,,
15457,19,29,False,0.6274289488792419,,,,,,
15459,34,30,False,0.6742843389511108,,,,,,
15461,49,32,False,0.5224239826202393,,,,,,
15462,44,26,False,0.9100515842437744,,,,,,
15463,36,25,False,0.9650579690933228,,,,,,
15464,23,21,False,0.6852684020996094,,,,,,
15466,47,27,False,0.6736966371536255,,,,,,
15467,33,22,False,0.9656102657318115,,,,,,
15468,29,26,False,0.9731778502464294,,,,,,
15469,35,24,False,0.98897385597229,,,,,,
15474,69,26,False,0.7683603763580322,,,,,,
15476,30,19,False,0.8781058192253113,,,,,,
15477,23,21,False,0.8968246579170227,,,,,,
15478,43,25,False,0.9442099928855896,,,,,,
15480,26,22,False,0.7406761050224304,,,,,,
15483,51,28,False,0.8631466627120972,,,,,,
15485,16,27,False,0.8140592575073242,,,,,,
15493,52,26,False,0.9475794434547424,,,,,,
15494,17,28,False,0.7661731839179993,,,,,,
15495,41,22,False,0.6331914663314819,,,,,,
15496,52,29,False,0.9376341700553894,,,,,,
15498,25,27,False,0.8697104454040527,,,,,,
15503,55,25,False,0.9422655701637268,,,,,,
15507,43,26,False,0.816792905330658,,,,,,
15509,12,26,False,0.8798928260803223,,,,,,
15512,42,26,False,0.6995060443878174,,,,,,
15513,55,17,False,0.6923271417617798,,,,,,
15514,24,30,False,0.7464559674263,,,,,,
15517,39,32,False,0.5579044818878174,,,,,,
15520,48,25,False,0.9845449924468994,,,,,,
15527,29,26,False,0.9194071292877197,,,,,,
15528,14,11,False,0.7930788397789001,,,,,,
15530,41,28,False,0.5765236616134644,,,,,,
15533,100,3,False,0.5691803693771362,,,,,,
15537,34,29,True,0.9757307767868042,33.0,41.0,True,False,2.5,7.5
15538,35,18,False,0.9323177337646484,,,,,,
15542,44,28,False,0.9307730793952942,,,,,,
15547,28,26,False,0.6859413385391235,,,,,,
15551,53,24,False,0.5997893810272217,,,,,,
15552,46,34,False,0.7006034255027771,,,,,,
15554,49,3,False,0.7264414429664612,,,,,,
15556,61,20,False,0.579479455947876,,,,,,
15560,45,25,False,0.6600947380065918,,,,,,
15564,35,30,False,0.6664211750030518,,,,,,
15567,93,21,False,0.8353585600852966,,,,,,
15568,51,25,False,0.5863468647003174,,,,,,
15570,36,33,False,0.6370221972465515,,,,,,
15572,40,26,False,0.7785211801528931,,,,,,
15573,40,24,False,0.9911991953849792,,,,,,
15574,68,29,False,0.6194701790809631,,,,,,
15575,48,25,False,0.8749074935913086,,,,,,
15576,17,15,False,0.5302079916000366,,,,,,
15580,42,32,False,0.9376543164253235,,,,,,
15581,37,26,False,0.7985464930534363,,,,,,
15582,49,36,False,0.6507808566093445,,,,,,
15583,70,25,False,0.8005624413490295,,,,,,
15585,26,22,False,0.9592183232307434,,,,,,
15588,85,24,False,0.7709937691688538,,,,,,
15589,60,23,False,0.7832367420196533,,,,,,
15590,44,9,False,0.8546090126037598,,,,,,
15592,51,12,False,0.696265697479248,,,,,,
15594,44,27,True,0.9478470087051392,43.0,51.0,True,False,2.5,19.5
15596,49,21,False,0.823095977306366,,,,,,
15597,49,18,False,0.6994256377220154,,,,,,
15599,26,26,False,0.5979551076889038,,,,,,
15603,45,24,False,0.9448412656784058,,,,,,
15604,46,29,False,0.7412903904914856,,,,,,
15608,52,27,False,0.8670213222503662,,,,,,
15609,50,31,False,0.8739073872566223,,,,,,
15610,35,33,True,0.7543491125106812,34.0,42.0,True,True,2.5,4.5
15612,47,24,False,0.6262953281402588,,,,,,
15613,92,26,False,0.9434747695922852,,,,,,
15616,63,14,False,0.6153671741485596,,,,,,
15617,52,31,False,0.7767403721809387,,,,,,
15618,39,31,False,0.6251411437988281,,,,,,
15625,51,25,False,0.8774595260620117,,,,,,
15627,42,24,False,0.535042941570282,,,,,,
15637,52,52,False,0.504942774772644,,,,,,
15638,85,45,False,0.7477347254753113,,,,,,
15640,84,16,False,0.8121811151504517,,,,,,
15641,21,18,False,0.9582080841064453,,,,,,
15644,43,20,False,0.6957948207855225,,,,,,
15645,30,30,False,0.6485950946807861,,,,,,
15647,55,37,False,0.6548783183097839,,,,,,
15652,68,12,False,0.6785575151443481,,,,,,
15653,39,24,False,0.9902850985527039,,,,,,
15655,45,28,False,0.8245034217834473,,,,,,
15657,44,25,False,0.8253452777862549,,,,,,
15660,61,35,False,0.6814607381820679,,,,,,
15661,48,29,False,0.6216080188751221,,,,,,
15662,59,29,False,0.5996133685112,,,,,,
15668,38,10,False,0.8484223484992981,,,,,,
15669,45,32,False,0.7213778495788574,,,,,,
15670,29,28,False,0.8648548126220703,,,,,,
15671,22,23,True,0.709348738193512,20.0,28.0,True,True,1.5,0.5
15673,32,32,False,0.7292066216468811,,,,,,
15675,29,25,False,0.875360906124115,,,,,,
15678,18,32,False,0.5985316038131714,,,,,,
15680,39,30,False,0.8708595633506775,,,,,,
15681,56,35,False,0.5779119729995728,,,,,,
15685,35,34,False,0.5195497870445251,,,,,,
15688,38,32,False,0.9706140756607056,,,,,,
15689,56,18,False,0.7966949343681335,,,,,,
15696,58,25,False,0.6215230822563171,,,,,,
15697,55,33,False,0.8646917343139648,,,,,,
15698,62,41,False,0.7729244828224182,,,,,,
15699,47,18,False,0.9714229106903076,,,,,,
15701,76,30,False,0.5866814851760864,,,,,,
15702,48,23,False,0.7828283905982971,,,,,,
15703,56,76,False,0.9300102591514587,,,,,,
15704,55,23,True,0.955048143863678,54.0,62.0,True,False,2.5,34.5
15706,38,26,False,0.8002178072929382,,,,,,
15715,43,30,False,0.5089064836502075,,,,,,
15716,48,17,False,0.8694179654121399,,,,,,
15722,79,12,False,0.9566239714622498,,,,,,
15724,90,42,False,0.6832582950592041,,,,,,
15727,50,26,False,0.7892073392868042,,,,,,
15728,38,33,False,0.7610948085784912,,,,,,
15731,51,5,False,0.5061500072479248,,,,,,
15736,55,22,False,0.5127098560333252,,,,,,
15737,45,14,False,0.6603838801383972,,,,,,
15739,41,27,False,0.873735785484314,,,,,,
15741,27,28,False,0.8923805356025696,,,,,,
15742,37,19,False,0.8995557427406311,,,,,,
15746,58,100,False,0.5829794406890869,,,,,,
15749,44,18,False,0.6053147315979004,,,,,,
15750,24,18,False,0.9815550446510315,,,,,,
15751,44,26,False,0.9817186594009399,,,,,,
15752,39,29,False,0.9679622650146484,,,,,,
15763,56,9,False,0.7789201140403748,,,,,,
15764,65,12,False,0.7675583362579346,,,,,,
15765,57,21,False,0.6536218523979187,,,,,,
15768,42,30,False,0.5424062013626099,,,,,,
15769,41,29,False,0.508029580116272,,,,,,
15770,42,22,False,0.7775087952613831,,,,,,
15771,66,17,False,0.9144328236579895,,,,,,
15773,63,29,False,0.662599503993988,,,,,,
15774,34,26,False,0.7030062675476074,,,,,,
15775,55,30,False,0.8285763263702393,,,,,,
15777,42,4,False,0.7605178356170654,,,,,,
15783,24,21,False,0.9078587889671326,,,,,,
15785,44,19,False,0.9322218894958496,,,,,,
15792,46,35,False,0.8762592077255249,,,,,,
15794,42,25,False,0.9885517358779907,,,,,,
15800,43,22,False,0.8246827125549316,,,,,,
15801,44,23,False,0.8403720259666443,,,,,,
15807,84,18,False,0.7379918098449707,,,,,,
15811,17,24,False,0.946682870388031,,,,,,
15814,48,23,False,0.9323348999023438,,,,,,
15816,26,22,False,0.7619337439537048,,,,,,
15817,47,20,False,0.8388042449951172,,,,,,
15822,78,26,False,0.8307701945304871,,,,,,
15823,50,26,False,0.5227327346801758,,,,,,
15830,19,15,True,0.9564334154129028,17.0,25.0,True,True,1.5,5.5
15831,51,18,False,0.6178433299064636,,,,,,
15832,85,35,False,0.5981913208961487,,,,,,
15836,46,39,False,0.5558883547782898,,,,,,
15838,36,20,False,0.984286367893219,,,,,,
15840,97,100,False,0.9487046599388123,,,,,,
15843,57,26,False,0.8984920978546143,,,,,,
15847,39,18,False,0.9400603771209717,,,,,,
15849,51,21,False,0.8075779676437378,,,,,,
15853,46,27,False,0.5224248170852661,,,,,,
15857,45,18,False,0.9257352352142334,,,,,,
15860,43,32,False,0.721278965473175,,,,,,
15862,52,14,False,0.6571637988090515,,,,,,
15863,17,24,False,0.7960220575332642,,,,,,
15866,39,23,False,0.6771031022071838,,,,,,
15870,87,31,False,0.8617408871650696,,,,,,
15871,84,29,False,0.674305260181427,,,,,,
15873,46,15,False,0.8556547164916992,,,,,,
15874,44,100,False,0.9298710227012634,,,,,,
15876,49,33,False,0.809539258480072,,,,,,
15877,52,19,False,0.9359647035598755,,,,,,
15878,41,22,False,0.5234047174453735,,,,,,
15881,42,16,False,0.8685624003410339,,,,,,
15882,43,35,True,0.9522843360900879,42.0,50.0,True,False,2.5,10.5
15885,38,26,False,0.6131434440612793,,,,,,
15886,36,28,False,0.6569536328315735,,,,,,
15889,42,24,False,0.9648717045783997,,,,,,
15891,63,23,True,0.9275281429290771,62.0,70.0,True,False,2.5,42.5
15895,41,22,False,0.9517437815666199,,,,,,
15899,53,17,False,0.8976562023162842,,,,,,
15900,29,27,False,0.8597954511642456,,,,,,
15902,90,35,False,0.653075098991394,,,,,,
15905,52,30,False,0.7583860754966736,,,,,,
15911,57,48,True,0.8248885869979858,56.0,64.0,True,False,2.5,11.5
15912,81,25,False,0.6845799684524536,,,,,,
15913,37,23,False,0.991463840007782,,,,,,
15914,44,24,True,0.9708734750747681,43.0,51.0,True,False,2.5,22.5
15918,44,27,False,0.854357123374939,,,,,,
15924,42,27,False,0.7017539143562317,,,,,,
15926,53,28,False,0.6890212893486023,,,,,,
15938,39,24,False,0.8669518828392029,,,,,,
15939,44,32,True,0.87260901927948,63.0,71.0,False,False,22.5,34.5
15941,73,27,False,0.651167094707489,,,,,,
15942,48,27,False,0.8941929340362549,,,,,,
15945,49,31,False,0.7395309805870056,,,,,,
15947,59,27,False,0.9186498522758484,,,,,,
15948,52,27,False,0.6086205244064331,,,,,,
15949,32,23,False,0.9897323250770569,,,,,,
15951,45,25,False,0.8526777029037476,,,,,,
15954,38,16,False,0.8433982133865356,,,,,,
15956,38,1,False,0.9402706623077393,,,,,,
15960,44,0,False,0.7731635570526123,,,,,,
15962,11,40,False,0.7657417058944702,,,,,,
15973,41,30,False,0.751515805721283,,,,,,
15975,39,24,False,0.9762746691703796,,,,,,
15979,68,23,False,0.6047934889793396,,,,,,
15980,46,33,False,0.7250542044639587,,,,,,
15983,33,24,False,0.948540985584259,,,,,,
15986,44,14,False,0.8099064230918884,,,,,,
15991,12,24,False,0.9330009818077087,,,,,,
15992,62,42,False,0.6797671318054199,,,,,,
15994,50,34,False,0.7889674305915833,,,,,,
15997,45,26,False,0.8512459993362427,,,,,,
16001,46,4,False,0.7485641241073608,,,,,,
16002,39,23,False,0.7220280766487122,,,,,,
16007,59,48,True,0.7972849607467651,56.0,64.0,True,False,0.5,11.5
16008,55,9,False,0.5166254043579102,,,,,,
16009,37,33,False,0.5569506287574768,,,,,,
16014,49,30,False,0.5808947682380676,,,,,,
16016,45,25,False,0.8464630246162415,,,,,,
16019,48,32,False,0.6275351643562317,,,,,,
16022,23,29,False,0.7034724354743958,,,,,,
16023,38,18,False,0.9720253348350525,,,,,,
16025,61,29,False,0.5346361994743347,,,,,,
16029,44,23,False,0.7079653739929199,,,,,,
16031,36,27,False,0.9719378352165222,,,,,,
16032,53,48,False,0.7919186353683472,,,,,,
16035,45,24,False,0.8555344939231873,,,,,,
16038,38,29,False,0.8148965835571289,,,,,,
16040,42,27,False,0.7003738880157471,,,,,,
16041,45,29,False,0.7078331708908081,,,,,,
16046,40,93,False,0.8104743957519531,,,,,,
16048,40,27,False,0.6931315660476685,,,,,,
16050,47,25,False,0.7648140788078308,,,,,,
16052,41,31,False,0.6336802840232849,,,,,,
16055,53,11,False,0.8494136333465576,,,,,,
16056,41,32,False,0.9561622142791748,,,,,,
16057,40,32,False,0.7117108106613159,,,,,,
16062,40,29,False,0.5552448630332947,,,,,,
16063,50,32,False,0.7357388734817505,,,,,,
16065,49,23,False,0.768779456615448,,,,,,
16069,36,26,False,0.9896427989006042,,,,,,
16070,81,25,True,0.9646412134170532,73.0,81.0,True,False,4.5,51.5
16073,47,27,False,0.6102759838104248,,,,,,
16074,53,39,False,0.824365496635437,,,,,,
16077,50,26,False,0.61677086353302,,,,,,
16079,81,29,False,0.5278716683387756,,,,,,
16080,27,23,False,0.8845731616020203,,,,,,
16082,38,24,False,0.9899292588233948,,,,,,
16085,38,27,False,0.9566271305084229,,,,,,
16087,50,28,False,0.8387030363082886,,,,,,
16088,14,28,False,0.5945159792900085,,,,,,
16090,46,23,False,0.8677763342857361,,,,,,
16094,64,30,False,0.9241467714309692,,,,,,
16095,38,30,False,0.8623795509338379,,,,,,
16098,43,25,True,0.8370662927627563,42.0,50.0,True,False,2.5,20.5
16101,53,22,False,0.8531021475791931,,,,,,
16103,52,27,False,0.9176419973373413,,,,,,
16106,56,26,False,0.6311391592025757,,,,,,
16111,44,29,False,0.8388089537620544,,,,,,
16112,48,14,False,0.6778321266174316,,,,,,
16114,46,25,False,0.9267196655273438,,,,,,
16120,52,17,False,0.8579199910163879,,,,,,
16122,53,40,False,0.7343819737434387,,,,,,
16125,45,27,False,0.6993723511695862,,,,,,
16126,34,18,False,0.9470171928405762,,,,,,
16128,48,15,False,0.8592914938926697,,,,,,
16131,35,32,True,0.9368463158607483,34.0,42.0,True,True,2.5,5.5
16132,40,33,False,0.9303979277610779,,,,,,
16135,36,32,False,0.5987445712089539,,,,,,
16142,20,21,False,0.5380459427833557,,,,,,
16145,59,3,False,0.7849395275115967,,,,,,
16148,48,20,False,0.5033579468727112,,,,,,
16151,58,27,False,0.9013614654541016,,,,,,
16152,44,35,False,0.557834804058075,,,,,,
16153,47,23,False,0.8613983988761902,,,,,,
16154,37,29,False,0.6062071919441223,,,,,,
16164,32,28,False,0.7259443402290344,,,,,,
16166,39,28,False,0.5202142000198364,,,,,,
16171,38,29,False,0.976141631603241,,,,,,
16179,49,28,False,0.9578376412391663,,,,,,
16184,40,24,False,0.9868469834327698,,,,,,
16188,79,9,False,0.5966470241546631,,,,,,
16189,63,6,False,0.676109790802002,,,,,,
16195,27,28,False,0.5162658095359802,,,,,,
16196,44,12,False,0.8968409299850464,,,,,,
16197,47,8,False,0.57170569896698,,,,,,
16201,48,27,False,0.7939704060554504,,,,,,
16202,53,24,False,0.8728678822517395,,,,,,
16204,29,25,False,0.8639511466026306,,,,,,
16206,23,19,False,0.9667532444000244,,,,,,
16209,37,23,False,0.6195460557937622,,,,,,
16210,51,31,False,0.6539557576179504,,,,,,
16212,31,27,False,0.8893112540245056,,,,,,
16213,65,40,False,0.7791013121604919,,,,,,
16214,52,27,True,0.9261728525161743,51.0,59.0,True,False,2.5,27.5
16216,37,24,False,0.9965125918388367,,,,,,
16220,29,23,False,0.9505017995834351,,,,,,
16221,47,30,False,0.5011299252510071,,,,,,
16222,41,25,True,0.8478951454162598,69.0,77.0,False,False,31.5,47.5
16229,51,23,False,0.9444345831871033,,,,,,
16230,79,23,False,0.8670358061790466,,,,,,
16232,48,28,False,0.7032821178436279,,,,,,
16234,22,23,False,0.968461811542511,,,,,,
16235,27,54,False,0.5477986335754395,,,,,,
16236,44,27,False,0.9191765189170837,,,,,,
16237,26,23,False,0.9595531821250916,,,,,,
16239,34,26,False,0.966718852519989,,,,,,
16241,47,32,False,0.74940425157547,,,,,,
16243,54,24,False,0.6020185947418213,,,,,,
16244,47,32,False,0.8057528138160706,,,,,,
16249,57,32,False,0.7509292364120483,,,,,,
16250,46,26,False,0.8328374624252319,,,,,,
16252,57,23,False,0.5917869806289673,,,,,,
16253,76,97,False,0.9644159078598022,,,,,,
16257,43,28,False,0.5588459968566895,,,,,,
16258,60,34,False,0.5126342177391052,,,,,,
16259,40,30,True,0.9381557703018188,0.0,8.0,False,False,36.5,26.5
16261,41,28,False,0.649125337600708,,,,,,
16262,49,9,False,0.7222071290016174,,,,,,
16266,44,31,False,0.8171316385269165,,,,,,
16269,88,20,False,0.70998215675354,,,,,,
16270,44,27,False,0.8345356583595276,,,,,,
16276,53,14,False,0.8750402331352234,,,,,,
16279,19,27,False,0.7227804064750671,,,,,,
16283,47,31,False,0.9307268857955933,,,,,,
16286,59,14,False,0.9029533267021179,,,,,,
16287,33,30,False,0.9239509701728821,,,,,,
16291,45,31,False,0.7862557172775269,,,,,,
16292,44,18,False,0.8612629175186157,,,,,,
16294,40,19,False,0.7386924028396606,,,,,,
16297,91,24,False,0.9117484092712402,,,,,,
16298,90,29,False,0.7069761753082275,,,,,,
16303,27,24,False,0.8434165120124817,,,,,,
16304,53,26,False,0.6373209953308105,,,,,,
16306,43,26,False,0.9458507895469666,,,,,,
16310,54,29,False,0.5891587734222412,,,,,,
16313,54,16,False,0.778859555721283,,,,,,
16314,20,20,False,0.9581805467605591,,,,,,
16316,56,24,False,0.6145691275596619,,,,,,
16317,16,21,True,0.9654793739318848,14.0,22.0,True,True,1.5,3.5
16322,30,35,False,0.787225067615509,,,,,,
16324,48,86,False,0.6044036746025085,,,,,,
16327,28,27,False,0.8594756722450256,,,,,,
16333,50,47,False,0.7466704249382019,,,,,,
16334,59,24,False,0.8411023616790771,,,,,,
16340,86,26,False,0.5748878717422485,,,,,,
16341,65,25,False,0.7044121623039246,,,,,,
16342,45,25,False,0.8232004642486572,,,,,,
16344,24,20,False,0.9835895299911499,,,,,,
16347,28,26,False,0.6167218089103699,,,,,,
16348,55,21,False,0.7157911062240601,,,,,,
16350,95,25,False,0.5197030901908875,,,,,,
16355,45,26,False,0.8412929177284241,,,,,,
16358,24,21,False,0.9586209058761597,,,,,,
16361,67,98,False,0.871310830116272,,,,,,
16363,57,29,True,0.6978257894515991,5.0,13.0,False,False,48.5,20.5
16366,38,31,False,0.5978754162788391,,,,,,
16368,46,25,False,0.5033402442932129,,,,,,
16369,48,19,False,0.575991153717041,,,,,,
16372,38,21,False,0.944271981716156,,,,,,
16373,12,29,False,0.6646334528923035,,,,,,
16374,47,0,False,0.7111787796020508,,,,,,
16378,41,27,False,0.7933260202407837,,,,,,
16379,38,30,False,0.7561798095703125,,,,,,
16380,43,28,False,0.7507606744766235,,,,,,
16381,81,16,False,0.7725856304168701,,,,,,
16383,47,35,False,0.5199275016784668,,,,,,
16384,54,17,False,0.6643986105918884,,,,,,
16386,33,31,False,0.7422212362289429,,,,,,
16387,55,29,False,0.7844353914260864,,,,,,
16389,49,31,False,0.618884265422821,,,,,,
16392,47,15,False,0.7626428008079529,,,,,,
16396,36,24,True,0.9672788977622986,92.0,100.0,False,False,59.5,71.5
16397,45,21,False,0.688721239566803,,,,,,
16404,55,29,False,0.6962708234786987,,,,,,
16413,26,29,False,0.5547674298286438,,,,,,
16414,24,21,False,0.8627371191978455,,,,,,
16417,46,29,False,0.571536660194397,,,,,,
16421,48,22,False,0.6764721870422363,,,,,,
16425,55,28,False,0.6049604415893555,,,,,,
16427,33,23,False,0.8240794539451599,,,,,,
16429,36,11,False,0.6861882209777832,,,,,,
16430,26,23,False,0.9203601479530334,,,,,,
16435,65,28,False,0.535151481628418,,,,,,
16436,42,24,False,0.5459821820259094,,,,,,
16438,56,36,False,0.6132670044898987,,,,,,
16440,70,25,False,0.7388708591461182,,,,,,
16441,55,51,False,0.6401354670524597,,,,,,
16443,59,24,False,0.596725583076477,,,,,,
16444,32,32,True,0.8699496984481812,30.0,38.0,True,True,1.5,1.5
16446,50,27,False,0.6988177299499512,,,,,,
16447,93,19,False,0.6529715657234192,,,,,,
16449,53,16,False,0.5949075222015381,,,,,,
16450,44,32,False,0.752480685710907,,,,,,
16451,15,17,False,0.9516119956970215,,,,,,
16461,37,42,False,0.6899043917655945,,,,,,
16464,29,20,False,0.9594753980636597,,,,,,
16465,70,18,True,0.8965669870376587,67.0,75.0,True,False,0.5,52.5
16467,56,21,True,0.938464879989624,55.0,63.0,True,False,2.5,37.5
16470,49,24,False,0.8481239080429077,,,,,,
16479,18,15,False,0.7037994265556335,,,,,,
16485,37,24,False,0.5360267162322998,,,,,,
16487,17,24,False,0.7426439523696899,,,,,,
16488,33,24,False,0.6472406983375549,,,,,,
16489,36,26,False,0.9583240151405334,,,,,,
16491,50,26,True,0.9068126082420349,49.0,57.0,True,False,2.5,26.5
16495,70,29,False,0.7391389012336731,,,,,,
16497,49,26,False,0.784366250038147,,,,,,
16500,17,26,False,0.8544734716415405,,,,,,
16514,39,28,False,0.7652255892753601,,,,,,
16516,46,24,False,0.735608696937561,,,,,,
16519,30,29,False,0.7765911817550659,,,,,,
16522,44,5,False,0.6214575171470642,,,,,,
16529,43,14,False,0.7109237313270569,,,,,,
16531,51,29,False,0.7444746494293213,,,,,,
16536,59,13,False,0.5809145569801331,,,,,,
16537,39,32,False,0.5408930778503418,,,,,,
16538,21,20,False,0.8381385803222656,,,,,,
16539,51,25,False,0.9620764255523682,,,,,,
16545,58,27,False,0.8382153511047363,,,,,,
16546,19,16,False,0.9557440876960754,,,,,,
16548,51,31,False,0.7557891607284546,,,,,,
16552,45,12,False,0.8255752921104431,,,,,,
16555,52,41,False,0.6566669344902039,,,,,,
16556,47,18,False,0.7539458274841309,,,,,,
16561,27,30,False,0.8133779764175415,,,,,,
16563,47,20,False,0.6240269541740417,,,,,,
16565,50,37,False,0.6063525080680847,,,,,,
16567,17,23,False,0.9319952726364136,,,,,,
16568,46,14,False,0.7220578789710999,,,,,,
16570,48,25,False,0.9772422909736633,,,,,,
16572,64,26,False,0.8674930930137634,,,,,,
16574,21,22,False,0.9028446674346924,,,,,,
16575,44,26,False,0.8483309745788574,,,,,,
16577,52,28,False,0.8686191439628601,,,,,,
16580,14,34,False,0.7695186138153076,,,,,,
16582,40,6,False,0.8322451710700989,,,,,,
16584,39,27,False,0.8766078948974609,,,,,,
16585,87,17,False,0.7121262550354004,,,,,,
16587,90,16,False,0.7880591750144958,,,,,,
16588,36,26,False,0.5725025534629822,,,,,,
16591,60,30,False,0.8190224170684814,,,,,,
16593,30,32,False,0.9181171655654907,,,,,,
16596,39,27,False,0.6599948406219482,,,,,,
16607,47,7,False,0.547887921333313,,,,,,
16608,15,24,False,0.89773029088974,,,,,,
16610,44,13,False,0.8787989616394043,,,,,,
16611,56,22,False,0.500664472579956,,,,,,
16612,57,28,False,0.6126248836517334,,,,,,
16614,23,28,False,0.9665232300758362,,,,,,
16615,55,28,False,0.8856914043426514,,,,,,
16618,64,26,False,0.5203333497047424,,,,,,
16620,29,25,False,0.8738212585449219,,,,,,
16622,48,23,False,0.8294393420219421,,,,,,
16624,19,32,False,0.9363353848457336,,,,,,
16626,24,23,False,0.9879252910614014,,,,,,
16630,17,31,False,0.9728896617889404,,,,,,
16633,90,22,False,0.5898059010505676,,,,,,
16637,43,31,False,0.9016176462173462,,,,,,
16638,43,28,False,0.9287447929382324,,,,,,
16639,63,30,False,0.7243862748146057,,,,,,
16640,71,99,False,0.9720645546913147,,,,,,
16643,47,33,False,0.9780759215354919,,,,,,
16644,23,23,False,0.8274310231208801,,,,,,
16647,82,19,False,0.8661787509918213,,,,,,
16650,47,30,False,0.6087803840637207,,,,,,
16652,41,29,False,0.6284668445587158,,,,,,
16653,42,30,False,0.8816140294075012,,,,,,
16655,53,17,True,0.8357881307601929,2.0,10.0,False,False,47.5,11.5
16656,47,14,False,0.7604125142097473,,,,,,
16658,28,18,False,0.9591280817985535,,,,,,
16661,39,30,False,0.6542232632637024,,,,,,
16662,42,9,False,0.5957795977592468,,,,,,
16664,30,22,False,0.5724813342094421,,,,,,
16668,87,28,False,0.602060079574585,,,,,,
16673,25,36,False,0.6876373887062073,,,,,,
16675,49,25,False,0.8097752928733826,,,,,,
16680,37,11,False,0.9120544195175171,,,,,,
16682,36,3,False,0.8480197787284851,,,,,,
16684,49,23,False,0.7550457119941711,,,,,,
16687,45,31,False,0.7772310376167297,,,,,,
16688,61,29,False,0.5188665390014648,,,,,,
16691,45,3,False,0.7941408753395081,,,,,,
16693,50,29,True,0.9351720213890076,49.0,57.0,True,False,2.5,23.5
16694,93,10,False,0.6485415101051331,,,,,,
16696,45,29,False,0.6588021516799927,,,,,,
16697,70,28,False,0.7692891359329224,,,,,,
16698,36,23,False,0.9173897504806519,,,,,,
16700,37,21,False,0.6965927481651306,,,,,,
16704,46,16,False,0.7189246416091919,,,,,,
16707,60,32,True,0.9549717903137207,53.0,61.0,True,False,3.5,24.5
16711,96,30,False,0.6238535642623901,,,,,,
16715,51,26,False,0.5322911143302917,,,,,,
16716,27,25,False,0.6563955545425415,,,,,,
16721,19,24,False,0.9544470906257629,,,,,,
16722,49,27,False,0.9859593510627747,,,,,,
16724,52,24,False,0.6785312294960022,,,,,,
16728,44,29,True,0.969058096408844,41.0,49.0,True,False,0.5,15.5
16729,44,25,False,0.8069426417350769,,,,,,
16731,98,25,False,0.6417473554611206,,,,,,
16732,69,33,False,0.5057728886604309,,,,,,
16733,50,22,False,0.8378084301948547,,,,,,
16734,21,19,False,0.953772783279419,,,,,,
16736,81,28,False,0.6748066544532776,,,,,,
16737,55,24,False,0.8325468301773071,,,,,,
16738,25,24,False,0.7729935646057129,,,,,,
16742,54,34,False,0.5747101306915283,,,,,,
16743,31,30,False,0.6815598011016846,,,,,,
16744,41,19,False,0.9909926652908325,,,,,,
16745,14,21,True,0.9548065662384033,14.0,22.0,True,True,3.5,3.5
16746,46,34,False,0.790848970413208,,,,,,
16747,76,26,False,0.9914484024047852,,,,,,
16748,46,25,False,0.575169563293457,,,,,,
16749,41,48,False,0.8391104340553284,,,,,,
16750,37,30,False,0.7424572706222534,,,,,,
16751,95,28,False,0.878471314907074,,,,,,
16752,31,29,False,0.7698948383331299,,,,,,
16754,43,41,True,0.9278685450553894,41.0,49.0,True,True,1.5,3.5
16755,40,23,False,0.6338611841201782,,,,,,
16758,46,25,False,0.7684905529022217,,,,,,
16759,37,25,False,0.6618139147758484,,,,,,
16762,56,28,False,0.8204706907272339,,,,,,
16763,41,26,False,0.9135729074478149,,,,,,
16765,48,26,False,0.9146059155464172,,,,,,
16766,38,31,False,0.9397037029266357,,,,,,
16767,81,27,False,0.9177972078323364,,,,,,
16769,74,27,False,0.7571649551391602,,,,,,
16770,40,25,False,0.8248831629753113,,,,,,
16771,46,28,False,0.8612691164016724,,,,,,
16772,31,29,False,0.8876799941062927,,,,,,
16774,43,31,False,0.5207298994064331,,,,,,
16775,37,25,False,0.8907920122146606,,,,,,
16776,50,27,True,0.9424809217453003,49.0,57.0,True,False,2.5,25.5
16777,57,30,False,0.6193469166755676,,,,,,
16781,45,28,False,0.7615183591842651,,,,,,
16784,47,30,False,0.5325724482536316,,,,,,
16785,39,31,False,0.7858563661575317,,,,,,
16789,42,30,False,0.8457778096199036,,,,,,
16790,87,21,False,0.9543273448944092,,,,,,
16791,37,22,False,0.8111305832862854,,,,,,
16796,41,17,False,0.6712627410888672,,,,,,
16797,53,29,False,0.7612980008125305,,,,,,
16798,41,22,False,0.7026606202125549,,,,,,
16801,91,25,False,0.9704417586326599,,,,,,
16802,23,27,False,0.6154178380966187,,,,,,
16803,14,16,False,0.7809835076332092,,,,,,
16805,25,29,False,0.9521974325180054,,,,,,
16807,85,28,True,0.8237565755844116,60.0,68.0,False,False,21.5,35.5
16809,62,15,False,0.7556490302085876,,,,,,
16811,40,24,False,0.6581121683120728,,,,,,
16814,42,22,False,0.7526525855064392,,,,,,
16815,46,33,False,0.9054097533226013,,,,,,
16816,45,34,False,0.640869677066803,,,,,,
16820,47,31,False,0.5054207444190979,,,,,,
16822,44,31,False,0.7817285060882568,,,,,,
16825,30,29,False,0.7778323888778687,,,,,,
16826,37,25,False,0.7564728856086731,,,,,,
16827,55,0,False,0.8603550791740417,,,,,,
16828,37,26,False,0.8352439999580383,,,,,,
16829,39,19,False,0.8890430331230164,,,,,,
16832,48,27,False,0.5544915795326233,,,,,,
16833,40,25,False,0.9922773838043213,,,,,,
16837,25,21,False,0.7509507536888123,,,,,,
16841,75,28,False,0.6270701885223389,,,,,,
16842,69,14,False,0.7311878800392151,,,,,,
16843,49,18,False,0.7901126146316528,,,,,,
16849,94,32,False,0.7220384478569031,,,,,,
16850,50,26,False,0.6192265152931213,,,,,,
16852,41,30,False,0.5689654350280762,,,,,,
16853,53,29,False,0.5895932912826538,,,,,,
16854,63,28,True,0.879290759563446,56.0,64.0,True,False,3.5,31.5
16856,40,27,False,0.969456136226654,,,,,,
16857,52,21,False,0.7333078980445862,,,,,,
16864,68,19,False,0.6930713057518005,,,,,,
16865,41,18,False,0.6619963049888611,,,,,,
16872,34,27,False,0.5624263882637024,,,,,,
16873,57,22,False,0.941368579864502,,,,,,
16876,22,36,False,0.8741146326065063,,,,,,
16877,52,21,False,0.6419591903686523,,,,,,
16881,59,32,True,0.9225351810455322,56.0,64.0,True,False,0.5,27.5
16883,60,26,False,0.6833314299583435,,,,,,
16887,37,27,False,0.9384915232658386,,,,,,
16892,36,30,False,0.7749418616294861,,,,,,
16893,54,25,False,0.6626652479171753,,,,,,
16894,42,16,False,0.9512568116188049,,,,,,
16897,41,28,False,0.9402633309364319,,,,,,
16898,42,22,False,0.9947977066040039,,,,,,
16904,44,21,False,0.6997398138046265,,,,,,
16905,47,23,False,0.8828138709068298,,,,,,
16906,74,15,False,0.9019805788993835,,,,,,
16908,39,23,False,0.8496799468994141,,,,,,
16909,55,22,True,0.8920288681983948,21.0,29.0,False,True,30.5,2.5
16910,37,27,False,0.9757890701293945,,,,,,
16914,56,32,True,0.8306096792221069,54.0,62.0,True,False,1.5,25.5
16918,46,23,False,0.8103681206703186,,,,,,
16920,33,22,False,0.9727228283882141,,,,,,
16921,35,29,False,0.783108651638031,,,,,,
16926,27,28,False,0.8554556965827942,,,,,,
16927,62,32,False,0.7267410755157471,,,,,,
16933,37,33,True,0.9054039120674133,35.0,43.0,True,True,1.5,5.5
16935,37,23,False,0.9899592995643616,,,,,,
16936,29,31,False,0.5128166675567627,,,,,,
16937,38,26,False,0.8331162929534912,,,,,,
16943,38,30,False,0.8380140662193298,,,,,,
16946,77,25,False,0.715198814868927,,,,,,
16948,49,31,False,0.712813675403595,,,,,,
16950,31,29,False,0.8179647326469421,,,,,,
16952,48,18,False,0.5685058236122131,,,,,,
16960,51,41,False,0.7925233840942383,,,,,,
16962,48,26,False,0.8263997435569763,,,,,,
16966,27,16,False,0.9089521169662476,,,,,,
16971,39,20,False,0.9711275100708008,,,,,,
16973,43,44,False,0.5759336352348328,,,,,,
16975,84,15,False,0.9616890549659729,,,,,,
16980,43,20,False,0.9819644689559937,,,,,,
16981,84,31,False,0.8609576225280762,,,,,,
16984,35,1,False,0.8312980532646179,,,,,,
16988,43,19,False,0.8462790846824646,,,,,,
16991,24,21,False,0.6911673545837402,,,,,,
16998,55,35,False,0.7333677411079407,,,,,,
16999,23,19,False,0.6768253445625305,,,,,,
17001,48,30,False,0.7938310503959656,,,,,,
17004,48,27,False,0.7252649068832397,,,,,,
17005,50,24,False,0.8709410429000854,,,,,,
17008,71,31,False,0.5020447373390198,,,,,,
17009,43,10,False,0.858518123626709,,,,,,
17012,48,23,False,0.6603744626045227,,,,,,
17016,42,29,False,0.6944528222084045,,,,,,
17020,27,33,False,0.7578723430633545,,,,,,
17021,77,8,False,0.6109286546707153,,,,,,
17031,60,28,False,0.7218837738037109,,,,,,
17033,97,21,False,0.8093975782394409,,,,,,
17040,50,22,False,0.7615792155265808,,,,,,
17042,37,34,False,0.7260696291923523,,,,,,
17048,23,19,False,0.7983178496360779,,,,,,
17051,45,27,False,0.7596408724784851,,,,,,
17052,94,32,False,0.6705531477928162,,,,,,
17053,44,26,False,0.7646665573120117,,,,,,
17058,41,23,False,0.8951073884963989,,,,,,
17059,55,32,False,0.5792716145515442,,,,,,
17060,53,27,False,0.9246115684509277,,,,,,
17061,61,28,False,0.6108612418174744,,,,,,
17062,28,25,False,0.8961784243583679,,,,,,
17063,44,11,False,0.6461853981018066,,,,,,
17065,17,25,False,0.7474536299705505,,,,,,
17067,53,32,False,0.7112730741500854,,,,,,
17069,25,22,False,0.9787205457687378,,,,,,
17070,47,31,False,0.7506343126296997,,,,,,
17072,71,29,False,0.5689743161201477,,,,,,
17073,23,22,False,0.9009428024291992,,,,,,
17074,45,13,False,0.803860068321228,,,,,,
17075,39,25,False,0.7685906887054443,,,,,,
17076,57,27,True,0.8241966366767883,91.0,99.0,False,False,37.5,67.5
17080,46,26,False,0.9518228769302368,,,,,,
17082,47,23,False,0.9914842247962952,,,,,,
17083,43,16,False,0.8828627467155457,,,,,,
17085,45,31,False,0.6185458302497864,,,,,,
17086,41,26,False,0.8548124432563782,,,,,,
17087,44,31,False,0.8566956520080566,,,,,,
17089,74,27,False,0.8248251676559448,,,,,,
17090,38,28,False,0.8608206510543823,,,,,,
17091,30,32,False,0.7391678690910339,,,,,,
17093,53,86,False,0.5433634519577026,,,,,,
17096,62,31,False,0.7274079322814941,,,,,,
17100,18,31,True,0.7471708059310913,16.0,24.0,True,False,1.5,11.5
17102,43,30,False,0.9261130690574646,,,,,,
17105,33,24,False,0.988530695438385,,,,,,
17106,30,27,False,0.7850577235221863,,,,,,
17110,42,37,False,0.6608841419219971,,,,,,
17113,45,24,False,0.7201077938079834,,,,,,
17114,63,28,False,0.8360124826431274,,,,,,
17117,28,27,False,0.9166649580001831,,,,,,
17118,46,26,False,0.8715066313743591,,,,,,
17119,37,27,False,0.9018701314926147,,,,,,
17123,45,20,False,0.9176753759384155,,,,,,
17128,36,22,False,0.9795366525650024,,,,,,
17129,24,20,False,0.8663225173950195,,,,,,
17132,92,25,False,0.689903736114502,,,,,,
17133,36,23,False,0.8856273889541626,,,,,,
17137,50,26,False,0.8565741777420044,,,,,,
17138,24,21,False,0.9605028033256531,,,,,,
17141,54,18,False,0.8092209100723267,,,,,,
17143,46,26,False,0.7736350297927856,,,,,,
17146,39,26,False,0.8315598964691162,,,,,,
17148,37,100,False,0.9206793904304504,,,,,,
17150,43,35,False,0.8450134992599487,,,,,,
17151,18,22,False,0.8614205718040466,,,,,,
17153,56,32,False,0.9181650280952454,,,,,,
17154,51,28,False,0.6031709313392639,,,,,,
17155,36,28,False,0.8808674216270447,,,,,,
17157,55,26,False,0.7742248177528381,,,,,,
17164,53,25,False,0.8962270617485046,,,,,,
17168,32,26,False,0.9633405804634094,,,,,,
17169,38,18,False,0.6968293786048889,,,,,,
17174,86,23,False,0.6833751797676086,,,,,,
17177,47,11,False,0.690364420413971,,,,,,
17179,22,19,False,0.621566891670227,,,,,,
17180,51,99,False,0.5874837040901184,,,,,,
17184,33,28,False,0.7568008899688721,,,,,,
17187,44,19,False,0.8743370175361633,,,,,,
17194,50,25,False,0.9474746584892273,,,,,,
17198,73,17,False,0.6678544878959656,,,,,,
17201,52,39,False,0.5993150472640991,,,,,,
17202,48,25,False,0.8391791582107544,,,,,,
17203,93,85,False,0.6771346926689148,,,,,,
17205,29,27,False,0.8507962226867676,,,,,,
17207,32,29,False,0.8446980118751526,,,,,,
17208,51,30,False,0.8640352487564087,,,,,,
17211,23,24,False,0.8794553875923157,,,,,,
17213,75,27,False,0.8227705359458923,,,,,,
17214,50,26,False,0.911381721496582,,,,,,
17216,77,6,False,0.6669927835464478,,,,,,
17221,29,24,False,0.9025512933731079,,,,,,
17223,19,15,False,0.9340017437934875,,,,,,
17225,62,22,False,0.7244651317596436,,,,,,
17226,24,16,False,0.8087372183799744,,,,,,
17227,40,20,False,0.5798650979995728,,,,,,
17231,48,26,False,0.9220009446144104,,,,,,
17233,50,16,False,0.7545704245567322,,,,,,
17234,86,16,True,0.9480751752853394,83.0,91.0,True,False,0.5,70.5
17236,22,20,False,0.9548883438110352,,,,,,
17238,23,81,False,0.83512943983078,,,,,,
17239,26,20,False,0.9567403793334961,,,,,,
17240,16,29,False,0.8959642052650452,,,,,,
17241,42,16,False,0.952525794506073,,,,,,
17242,45,20,False,0.679358184337616,,,,,,
17243,50,21,False,0.8313237428665161,,,,,,
17244,31,29,False,0.8398392796516418,,,,,,
17253,84,24,False,0.9706912636756897,,,,,,
17256,22,20,False,0.9348683953285217,,,,,,
17260,41,27,False,0.5065777897834778,,,,,,
17261,24,22,False,0.7922178506851196,,,,,,
17263,32,30,False,0.8275015950202942,,,,,,
17265,78,28,False,0.8443078398704529,,,,,,
17268,40,35,False,0.7003050446510315,,,,,,
17270,50,22,False,0.5712947845458984,,,,,,
17275,42,28,False,0.9786372184753418,,,,,,
17276,51,40,False,0.7473479509353638,,,,,,
17278,23,19,False,0.7075037956237793,,,,,,
17279,48,50,False,0.544607400894165,,,,,,
17284,44,31,False,0.7209641933441162,,,,,,
17285,65,27,False,0.7333599328994751,,,,,,
17286,45,26,False,0.7110921740531921,,,,,,
17287,57,31,False,0.872834324836731,,,,,,
17288,31,24,False,0.7717849016189575,,,,,,
17290,68,27,False,0.8360589742660522,,,,,,
17291,63,27,False,0.9297949075698853,,,,,,
17294,35,38,False,0.6202595233917236,,,,,,
17295,81,26,False,0.7758453488349915,,,,,,
17298,52,28,False,0.5571610331535339,,,,,,
17301,46,31,False,0.5260905027389526,,,,,,
17302,50,32,False,0.8213926553726196,,,,,,
17305,32,26,False,0.9071936011314392,,,,,,
17306,44,35,False,0.5752782225608826,,,,,,
17307,50,26,False,0.5848604440689087,,,,,,
17308,74,30,False,0.5423170924186707,,,,,,
17309,59,2,False,0.5881060361862183,,,,,,
17310,27,100,False,0.8765082955360413,,,,,,
17318,37,30,False,0.7836443781852722,,,,,,
17319,74,81,False,0.5322213768959045,,,,,,
17320,52,31,True,0.9395793080329895,51.0,59.0,True,False,2.5,23.5
17321,57,32,False,0.8368626236915588,,,,,,
17323,42,24,False,0.7234076261520386,,,,,,
17325,33,30,True,0.9551704525947571,31.0,39.0,True,True,1.5,4.5
17326,84,26,False,0.9023210406303406,,,,,,
17332,49,23,False,0.735167384147644,,,,,,
17333,48,89,False,0.7266296744346619,,,,,,
17336,48,12,False,0.818027675151825,,,,,,
17342,40,25,False,0.9357203245162964,,,,,,
17343,65,21,False,0.6519967317581177,,,,,,
17346,54,20,False,0.778398334980011,,,,,,
17348,28,33,False,0.9300726652145386,,,,,,
17351,34,29,False,0.9177009463310242,,,,,,
17352,16,29,False,0.5793514251708984,,,,,,
17353,37,27,False,0.9002870917320251,,,,,,
17354,40,30,False,0.7283838987350464,,,,,,
17355,47,0,False,0.8087096810340881,,,,,,
17356,55,29,True,0.9542601704597473,54.0,62.0,True,False,2.5,28.5
17361,45,29,False,0.854110062122345,,,,,,
17365,69,21,False,0.7566816806793213,,,,,,
17366,50,21,False,0.5946506261825562,,,,,,
17367,51,28,False,0.6359155774116516,,,,,,
17371,45,37,True,0.852909505367279,43.0,51.0,True,False,1.5,9.5
17372,11,27,False,0.7398269176483154,,,,,,
17373,35,28,False,0.828815221786499,,,,,,
17375,58,20,False,0.6427045464515686,,,,,,
17376,78,28,False,0.5057095289230347,,,,,,
17377,51,26,False,0.9148889183998108,,,,,,
17378,46,17,False,0.9609573483467102,,,,,,
17379,60,50,False,0.7384861707687378,,,,,,
17384,51,26,False,0.5051698088645935,,,,,,
17386,44,28,False,0.957983672618866,,,,,,
17393,42,30,False,0.8702662587165833,,,,,,
17396,47,30,False,0.6888433694839478,,,,,,
17397,37,31,False,0.699323296546936,,,,,,
17398,37,29,False,0.7835798859596252,,,,,,
17399,60,32,False,0.7534390687942505,,,,,,
17400,62,31,False,0.9268245100975037,,,,,,
17401,35,24,False,0.9874448776245117,,,,,,
17402,75,43,False,0.74036705493927,,,,,,
17403,61,16,True,0.8367806673049927,60.0,68.0,True,False,2.5,47.5
17405,26,23,False,0.97091144323349,,,,,,
17409,44,22,False,0.7690505981445312,,,,,,
17410,51,21,False,0.5890651345252991,,,,,,
17412,52,41,False,0.6839892864227295,,,,,,
17413,46,20,True,0.9338052868843079,60.0,68.0,False,False,17.5,43.5
17415,45,20,False,0.7133206725120544,,,,,,
17418,62,27,False,0.8933866024017334,,,,,,
17420,44,30,False,0.6752251386642456,,,,,,
17422,36,32,False,0.8647685050964355,,,,,,
17424,40,16,False,0.7678810954093933,,,,,,
17425,52,29,False,0.8806511163711548,,,,,,
17430,44,33,False,0.9162492156028748,,,,,,
17431,34,25,False,0.9899444580078125,,,,,,
17433,63,0,False,0.5903400182723999,,,,,,
17439,36,31,False,0.8227633237838745,,,,,,
17440,49,23,False,0.9915830492973328,,,,,,
17445,50,27,False,0.8793254494667053,,,,,,
17447,64,27,False,0.8804258704185486,,,,,,
17448,44,29,False,0.6970223188400269,,,,,,
17454,43,29,False,0.5647510886192322,,,,,,
17455,53,28,False,0.8171365857124329,,,,,,
17456,38,33,False,0.9715439677238464,,,,,,
17463,51,90,False,0.674916684627533,,,,,,
17464,44,27,False,0.5019478797912598,,,,,,
17466,40,30,False,0.5385432839393616,,,,,,
17467,38,28,False,0.8139526844024658,,,,,,
17468,85,27,False,0.8441872596740723,,,,,,
17471,55,30,False,0.6026536822319031,,,,,,
17483,39,100,False,0.8830128312110901,,,,,,
17485,49,36,False,0.5526553988456726,,,,,,
17497,83,28,False,0.7420799732208252,,,,,,
17498,44,19,False,0.9224809408187866,,,,,,
17499,44,22,False,0.5514986515045166,,,,,,
17500,58,1,False,0.6960459351539612,,,,,,
17501,18,29,False,0.7366928458213806,,,,,,
17502,41,30,True,0.9655215740203857,40.0,48.0,True,False,2.5,13.5
17504,55,20,False,0.7333208322525024,,,,,,
17507,41,27,False,0.9657871723175049,,,,,,
17508,42,28,False,0.9570009112358093,,,,,,
17509,35,32,True,0.98487788438797,34.0,42.0,True,True,2.5,5.5
17510,50,29,False,0.8059279918670654,,,,,,
17513,29,17,False,0.9364163875579834,,,,,,
17514,57,1,False,0.8758037686347961,,,,,,
17515,41,29,False,0.8268266916275024,,,,,,
17517,76,27,False,0.7141903042793274,,,,,,
17518,63,2,False,0.8722019195556641,,,,,,
17519,43,22,False,0.9155955910682678,,,,,,
17520,42,18,False,0.7002162933349609,,,,,,
17521,45,26,False,0.7180885076522827,,,,,,
17522,50,20,False,0.8963083624839783,,,,,,
17526,29,28,True,0.9171510338783264,27.0,35.0,True,True,1.5,2.5
17529,27,22,False,0.6519379615783691,,,,,,
17530,80,20,False,0.7053190469741821,,,,,,
17531,61,27,False,0.6239287257194519,,,,,,
17532,72,35,False,0.7298929691314697,,,,,,
17537,19,15,False,0.9031711220741272,,,,,,
17538,47,24,False,0.7113205790519714,,,,,,
17543,45,30,False,0.6411069631576538,,,,,,
17544,23,29,False,0.943066418170929,,,,,,
17546,34,23,False,0.8789978623390198,,,,,,
17550,37,31,False,0.9417666792869568,,,,,,
17553,45,23,False,0.9924730062484741,,,,,,
17555,55,27,False,0.8318770527839661,,,,,,
17557,32,31,True,0.9851474165916443,31.0,39.0,True,True,2.5,3.5
17560,35,28,False,0.8757749795913696,,,,,,
17565,39,19,False,0.9458296895027161,,,,,,
17566,59,33,False,0.5335118770599365,,,,,,
17570,54,0,False,0.7261723279953003,,,,,,
17572,47,30,False,0.6241624355316162,,,,,,
17573,36,23,False,0.9561144709587097,,,,,,
17575,73,33,False,0.8969457745552063,,,,,,
17576,36,29,False,0.5164393186569214,,,,,,
17581,44,29,False,0.6989847421646118,,,,,,
17582,42,22,False,0.8477352261543274,,,,,,
17583,44,25,True,0.955947995185852,15.0,23.0,False,False,25.5,6.5
17584,50,26,False,0.6744402647018433,,,,,,
17586,44,22,False,0.9562110304832458,,,,,,
17587,27,27,True,0.8818367719650269,25.0,33.0,True,True,1.5,1.5
17588,83,16,False,0.8890532851219177,,,,,,
17596,46,32,False,0.7509850263595581,,,,,,
17598,65,23,False,0.5498790144920349,,,,,,
17601,54,26,False,0.8219025731086731,,,,,,
17603,41,54,False,0.7130939364433289,,,,,,
17604,46,11,False,0.7759997248649597,,,,,,
17615,51,95,False,0.7367690205574036,,,,,,
17616,54,25,False,0.5074185132980347,,,,,,
17619,29,30,False,0.6386009454727173,,,,,,
17624,59,28,False,0.9043496251106262,,,,,,
17625,21,19,False,0.688088595867157,,,,,,
17627,28,25,False,0.9136731028556824,,,,,,
17629,47,32,False,0.8006747961044312,,,,,,
17630,44,24,False,0.8632564544677734,,,,,,
17631,43,16,False,0.6199536919593811,,,,,,
17632,40,31,False,0.7816420197486877,,,,,,
17635,62,21,False,0.8271231651306152,,,,,,
17636,58,31,False,0.5081446766853333,,,,,,
17640,44,26,False,0.9242567420005798,,,,,,
17641,72,24,False,0.6133278012275696,,,,,,
17642,56,21,False,0.7932636141777039,,,,,,
17643,50,31,False,0.8974816203117371,,,,,,
17644,43,29,False,0.6658660173416138,,,,,,
17646,40,24,False,0.811206579208374,,,,,,
17651,60,20,False,0.9526909589767456,,,,,,
17652,44,29,False,0.7277623414993286,,,,,,
17656,18,14,False,0.9456350207328796,,,,,,
17657,96,13,False,0.7604656219482422,,,,,,
17658,31,28,False,0.7273861765861511,,,,,,
17664,44,49,False,0.7776200771331787,,,,,,
17665,40,28,False,0.7074711322784424,,,,,,
17667,97,19,False,0.9371349811553955,,,,,,
17669,36,30,False,0.8886278867721558,,,,,,
17671,38,7,False,0.8368542194366455,,,,,,
17672,48,33,False,0.9209702610969543,,,,,,
17673,32,32,False,0.6105154752731323,,,,,,
17674,59,30,False,0.7297572493553162,,,,,,
17679,38,30,False,0.6980293989181519,,,,,,
17682,38,33,False,0.6519747972488403,,,,,,
17684,37,26,False,0.9744747281074524,,,,,,
17686,49,28,False,0.8472712635993958,,,,,,
17687,45,31,False,0.5916212797164917,,,,,,
17689,64,25,False,0.9210858345031738,,,,,,
17691,52,28,False,0.7875550389289856,,,,,,
17692,35,40,False,0.8828973174095154,,,,,,
17694,19,28,False,0.5747885704040527,,,,,,
17695,57,0,False,0.5482585430145264,,,,,,
17698,45,28,False,0.9503175616264343,,,,,,
17699,34,31,False,0.9032590389251709,,,,,,
17700,44,23,False,0.7732765674591064,,,,,,
17701,53,26,True,0.9422958493232727,52.0,60.0,True,False,2.5,29.5
17703,17,14,False,0.7439733743667603,,,,,,
17705,42,28,False,0.8792278170585632,,,,,,
17706,42,16,False,0.870184600353241,,,,,,
17714,33,27,True,0.9809076189994812,31.0,39.0,True,False,1.5,7.5
17716,42,27,False,0.9588019251823425,,,,,,
17721,40,18,False,0.5992816686630249,,,,,,
17724,36,30,True,0.9675436019897461,34.0,42.0,True,True,1.5,7.5
17725,47,15,False,0.821751058101654,,,,,,
17726,27,30,False,0.934596598148346,,,,,,
17727,49,24,False,0.7549401521682739,,,,,,
17728,51,29,False,0.5846458673477173,,,,,,
17729,57,58,False,0.8262630105018616,,,,,,
17730,47,24,False,0.6707270741462708,,,,,,
17732,53,10,False,0.6984947919845581,,,,,,
17733,42,25,False,0.6000514626502991,,,,,,
17734,64,17,False,0.7562583088874817,,,,,,
17735,46,13,False,0.9204533696174622,,,,,,
17736,20,25,False,0.7345680594444275,,,,,,
17738,34,26,False,0.7568291425704956,,,,,,
17743,63,31,False,0.5420367121696472,,,,,,
17744,42,29,False,0.9691131114959717,,,,,,
17745,37,29,False,0.8574599027633667,,,,,,
17747,55,22,False,0.5998360514640808,,,,,,
17748,38,23,False,0.9542093276977539,,,,,,
17749,82,25,False,0.744419276714325,,,,,,
17750,65,20,False,0.8458415865898132,,,,,,
17751,49,43,False,0.7370264530181885,,,,,,
17752,38,30,False,0.6016359925270081,,,,,,
17754,44,80,False,0.8046095371246338,,,,,,
17755,12,7,False,0.713403046131134,,,,,,
17757,48,27,False,0.6068827509880066,,,,,,
17760,43,29,False,0.7582104206085205,,,,,,
17761,22,20,False,0.889656662940979,,,,,,
17763,37,27,False,0.7830973863601685,,,,,,
17767,86,27,False,0.5738653540611267,,,,,,
17768,43,29,False,0.5510823726654053,,,,,,
17771,40,28,False,0.9426795244216919,,,,,,
17772,41,24,False,0.9674994349479675,,,,,,
17774,77,29,False,0.6627713441848755,,,,,,
17776,56,29,False,0.9054526686668396,,,,,,
17781,86,22,False,0.8423137664794922,,,,,,
17785,34,23,False,0.9073306918144226,,,,,,
17787,50,17,False,0.5010788440704346,,,,,,
17789,57,23,False,0.8949816823005676,,,,,,
17791,35,32,False,0.9411236643791199,,,,,,
17792,35,26,False,0.9768911004066467,,,,,,
17793,19,15,False,0.9586904048919678,,,,,,
17794,64,24,False,0.6283743977546692,,,,,,
17797,23,19,False,0.948490560054779,,,,,,
17801,66,19,False,0.8315846920013428,,,,,,
17802,30,27,False,0.9805058240890503,,,,,,
17803,40,0,False,0.7624943256378174,,,,,,
17804,47,29,False,0.721635639667511,,,,,,
17805,46,41,True,0.9283784031867981,45.0,53.0,True,False,2.5,7.5
17807,41,26,False,0.8849640488624573,,,,,,
17811,40,28,False,0.7004108428955078,,,,,,
17814,48,30,False,0.7337879538536072,,,,,,
17815,48,23,False,0.677205502986908,,,,,,
17817,81,29,False,0.868159830570221,,,,,,
17822,50,18,False,0.9124466776847839,,,,,,
17824,48,34,False,0.6178598403930664,,,,,,
17832,40,36,False,0.878955066204071,,,,,,
17834,33,19,False,0.9122007489204407,,,,,,
17835,80,23,False,0.5256314277648926,,,,,,
17836,38,23,False,0.994750440120697,,,,,,
17838,47,24,False,0.552849531173706,,,,,,
17843,61,100,False,0.7560005784034729,,,,,,
17844,73,23,True,0.7225338816642761,69.0,77.0,True,False,0.5,49.5
17848,55,33,False,0.6940367221832275,,,,,,
17850,34,29,True,0.7623780965805054,32.0,40.0,True,False,1.5,6.5
17851,45,30,False,0.7130464911460876,,,,,,
17856,16,13,False,0.923667848110199,,,,,,
17857,82,27,False,0.504056453704834,,,,,,
17859,97,28,False,0.8799111247062683,,,,,,
17860,93,32,False,0.7536790370941162,,,,,,
17862,39,31,False,0.930750846862793,,,,,,
17863,41,28,False,0.7323176264762878,,,,,,
17868,88,25,False,0.615042507648468,,,,,,
17869,36,23,False,0.9883996248245239,,,,,,
17871,23,27,False,0.5099685192108154,,,,,,
17872,33,23,False,0.9450209736824036,,,,,,
17873,47,27,False,0.5041500329971313,,,,,,
17877,43,12,False,0.6040062308311462,,,,,,
17879,98,26,False,0.772869348526001,,,,,,
17881,43,30,False,0.9647557139396667,,,,,,
17882,30,26,False,0.7824501991271973,,,,,,
17884,63,18,False,0.6902602314949036,,,,,,
17885,37,28,False,0.8496798872947693,,,,,,
17892,73,31,False,0.8834232091903687,,,,,,
17893,46,29,False,0.6436818242073059,,,,,,
17894,54,33,True,0.8296246528625488,79.0,87.0,False,False,28.5,49.5
17897,51,28,False,0.5088879466056824,,,,,,
17900,42,24,False,0.9765416383743286,,,,,,
17903,34,35,False,0.5164484977722168,,,,,,
17908,49,22,False,0.6955240368843079,,,,,,
17909,50,30,False,0.5769912600517273,,,,,,
17919,81,17,False,0.6654191017150879,,,,,,
17920,46,25,False,0.9285545349121094,,,,,,
17921,62,17,False,0.8901413083076477,,,,,,
17924,36,28,False,0.8942573666572571,,,,,,
17925,28,26,False,0.8206605315208435,,,,,,
17927,27,26,False,0.8832768797874451,,,,,,
17928,45,29,False,0.8718312978744507,,,,,,
17930,28,22,False,0.9225645065307617,,,,,,
17933,35,28,False,0.6033315658569336,,,,,,
17939,11,20,False,0.9020340442657471,,,,,,
17940,52,28,False,0.7501844167709351,,,,,,
17948,55,32,False,0.6014510989189148,,,,,,
17950,44,27,False,0.9612857103347778,,,,,,
17951,37,21,False,0.9281661510467529,,,,,,
17954,31,27,False,0.8534559011459351,,,,,,
17964,40,24,False,0.8349635004997253,,,,,,
17966,54,30,False,0.5210687518119812,,,,,,
17967,44,23,False,0.7354304790496826,,,,,,
17969,9,29,False,0.5270826816558838,,,,,,
17970,32,23,False,0.987162172794342,,,,,,
17973,30,28,False,0.5569449663162231,,,,,,
17977,53,24,False,0.8024501204490662,,,,,,
17979,36,32,False,0.7272354364395142,,,,,,
17982,47,35,False,0.6547585725784302,,,,,,
17987,44,20,False,0.5157194137573242,,,,,,
17988,44,24,False,0.8929116725921631,,,,,,
17989,45,26,False,0.9278367161750793,,,,,,
18004,40,29,False,0.9279415011405945,,,,,,
18007,48,25,False,0.9198722243309021,,,,,,
18009,38,29,False,0.9509026408195496,,,,,,
18011,40,29,False,0.8994529843330383,,,,,,
18012,32,28,False,0.7151018977165222,,,,,,
18013,44,20,False,0.789668083190918,,,,,,
18015,22,18,False,0.9602038860321045,,,,,,
18018,39,33,False,0.7198671698570251,,,,,,
18020,49,47,False,0.5152567625045776,,,,,,
18021,55,28,False,0.5097847580909729,,,,,,
18022,42,34,False,0.6308244466781616,,,,,,
18031,43,31,False,0.6297883987426758,,,,,,
18033,45,21,False,0.6693509817123413,,,,,,
18035,43,24,False,0.6728838086128235,,,,,,
18036,41,19,False,0.9567307829856873,,,,,,
18038,66,20,False,0.6436008214950562,,,,,,
18039,27,28,False,0.5841859579086304,,,,,,
18041,54,27,False,0.5750908255577087,,,,,,
18043,30,27,False,0.8751203417778015,,,,,,
18045,39,34,False,0.6322188377380371,,,,,,
18046,32,29,False,0.8293155431747437,,,,,,
18050,55,26,True,0.751593828201294,86.0,94.0,False,False,34.5,63.5
18052,15,18,False,0.8987221717834473,,,,,,
18058,52,38,False,0.6846598386764526,,,,,,
18060,28,27,False,0.5870057940483093,,,,,,
18066,38,24,False,0.9834719896316528,,,,,,
18071,53,36,False,0.7977937459945679,,,,,,
18072,59,27,False,0.5681368112564087,,,,,,
18079,39,29,False,0.5195436477661133,,,,,,
18081,28,27,False,0.6588172316551208,,,,,,
18083,16,26,False,0.9727516174316406,,,,,,
18084,41,28,True,0.7830067276954651,37.0,45.0,True,False,0.5,12.5
18086,51,27,False,0.8548052906990051,,,,,,
18088,60,24,False,0.8894538879394531,,,,,,
18089,49,12,False,0.747612714767456,,,,,,
18090,39,39,False,0.7234064340591431,,,,,,
18091,42,26,False,0.9213784337043762,,,,,,
18097,43,26,False,0.7094697952270508,,,,,,
18108,55,28,False,0.6413065791130066,,,,,,
18111,58,96,True,0.9770236611366272,56.0,64.0,True,False,1.5,36.5
18112,42,16,False,0.658622145652771,,,,,,
18115,43,21,False,0.8920457363128662,,,,,,
18116,41,29,False,0.5469741821289062,,,,,,
18117,37,22,False,0.6244442462921143,,,,,,
18119,47,29,False,0.5625376105308533,,,,,,
18120,15,12,False,0.8591166138648987,,,,,,
18122,45,23,False,0.8846966028213501,,,,,,
18124,29,20,False,0.8814162015914917,,,,,,
18125,28,25,False,0.9295058250427246,,,,,,
18130,22,4,False,0.9593712687492371,,,,,,
18131,48,30,True,0.9107783436775208,47.0,55.0,True,False,2.5,20.5
18133,49,28,False,0.8172117471694946,,,,,,
18135,53,33,False,0.7572208046913147,,,,,,
18139,50,29,False,0.8740466833114624,,,,,,
18140,47,24,False,0.9284343123435974,,,,,,
18141,41,26,False,0.70710289478302,,,,,,
18142,40,37,False,0.5857037901878357,,,,,,
18143,23,23,False,0.8758254647254944,,,,,,
18145,13,28,False,0.7549741864204407,,,,,,
18151,83,28,False,0.9250878691673279,,,,,,
18155,47,20,False,0.9534322619438171,,,,,,
18158,46,18,False,0.662104070186615,,,,,,
18160,61,24,False,0.8789007067680359,,,,,,
18161,36,26,False,0.8911058902740479,,,,,,
18163,48,32,False,0.7279322743415833,,,,,,
18164,39,35,False,0.5888568162918091,,,,,,
18172,36,29,False,0.6404070258140564,,,,,,
18173,33,26,False,0.9610092043876648,,,,,,
18174,27,29,False,0.8706476092338562,,,,,,
18175,46,31,False,0.8349836468696594,,,,,,
18178,18,22,False,0.9810240268707275,,,,,,
18182,31,21,False,0.7000454068183899,,,,,,
18185,26,25,False,0.986384928226471,,,,,,
18186,50,34,False,0.6808322668075562,,,,,,
18187,55,31,False,0.5338443517684937,,,,,,
18189,42,28,False,0.7547444701194763,,,,,,
18190,72,17,False,0.8890975713729858,,,,,,
18191,47,33,False,0.6591089367866516,,,,,,
18193,32,35,False,0.696184515953064,,,,,,
18194,50,10,False,0.9364966750144958,,,,,,
18196,58,22,False,0.9261229038238525,,,,,,
18197,45,28,False,0.6275732517242432,,,,,,
18199,55,16,False,0.9165284037590027,,,,,,
18204,43,28,False,0.7602955102920532,,,,,,
18205,55,28,False,0.853177547454834,,,,,,
18211,27,23,False,0.6811361908912659,,,,,,
18218,47,31,False,0.6767842769622803,,,,,,
18220,41,16,False,0.7979229092597961,,,,,,
18222,45,29,False,0.5972954034805298,,,,,,
18226,44,24,False,0.5883642435073853,,,,,,
18230,60,11,False,0.578126072883606,,,,,,
18231,49,27,False,0.5144938826560974,,,,,,
18232,48,14,False,0.652466893196106,,,,,,
18233,27,37,False,0.5362325310707092,,,,,,
18236,52,32,False,0.5843527317047119,,,,,,
18237,48,13,False,0.794251561164856,,,,,,
18240,50,12,False,0.730855405330658,,,,,,
18251,21,16,False,0.9670801758766174,,,,,,
18252,70,22,False,0.8520338535308838,,,,,,
18254,44,26,False,0.6344137191772461,,,,,,
18255,40,29,False,0.8791295289993286,,,,,,
18258,51,18,False,0.8628381490707397,,,,,,
18260,54,34,False,0.883160412311554,,,,,,
18262,42,35,False,0.8421070575714111,,,,,,
18264,86,98,True,0.8829587697982788,84.0,92.0,True,False,1.5,10.5
18265,35,28,False,0.6602240204811096,,,,,,
18267,29,33,False,0.8903039693832397,,,,,,
18274,49,24,False,0.8286451697349548,,,,,,
18275,75,27,False,0.822500467300415,,,,,,
18277,43,26,False,0.891761064529419,,,,,,
18283,46,30,False,0.690760612487793,,,,,,
18287,33,30,False,0.7478245496749878,,,,,,
18291,50,35,False,0.5902630090713501,,,,,,
18292,46,23,False,0.8346835374832153,,,,,,
18299,51,18,False,0.919143795967102,,,,,,
18300,39,26,False,0.9623480439186096,,,,,,
18302,48,29,False,0.7363387942314148,,,,,,
18305,30,27,False,0.5160006880760193,,,,,,
18307,27,26,False,0.9046701192855835,,,,,,
18308,52,22,False,0.5739502906799316,,,,,,
18309,49,25,False,0.5956376194953918,,,,,,
18312,37,25,False,0.9364582896232605,,,,,,
18316,38,48,False,0.501646876335144,,,,,,
18317,37,19,False,0.7146257758140564,,,,,,
18319,45,21,False,0.8692224025726318,,,,,,
18321,26,22,False,0.9889062643051147,,,,,,
18328,38,26,False,0.9825233817100525,,,,,,
18330,35,29,False,0.8143907189369202,,,,,,
18331,39,29,False,0.7475946545600891,,,,,,
18334,44,39,False,0.7423959970474243,,,,,,
18337,69,26,False,0.5803475379943848,,,,,,
18343,27,26,False,0.7046415209770203,,,,,,
18347,19,25,False,0.8214185237884521,,,,,,
18356,47,17,False,0.6121306419372559,,,,,,
18357,71,31,True,0.9626988172531128,64.0,72.0,True,False,3.5,36.5
18359,41,25,False,0.8818201422691345,,,,,,
18360,50,26,True,0.9110672473907471,31.0,39.0,False,False,15.5,8.5
18362,33,30,True,0.8197757601737976,29.0,37.0,True,True,0.5,2.5
18367,37,39,False,0.6754878163337708,,,,,,
18369,50,27,False,0.7077054381370544,,,,,,
18371,52,24,False,0.8000637888908386,,,,,,
18372,20,16,False,0.9724470376968384,,,,,,
18373,21,26,False,0.7296483516693115,,,,,,
18375,54,24,False,0.7838203310966492,,,,,,
18376,54,30,False,0.600268542766571,,,,,,
18378,43,32,False,0.9376255869865417,,,,,,
18379,50,28,False,0.7913422584533691,,,,,,
18380,41,25,False,0.7950534820556641,,,,,,
18383,43,7,False,0.9184823036193848,,,,,,
18384,33,26,False,0.9586164355278015,,,,,,
18388,46,20,False,0.6728619933128357,,,,,,
18389,55,26,False,0.5876827239990234,,,,,,
18393,37,24,False,0.7811779975891113,,,,,,
18394,51,27,False,0.9102256894111633,,,,,,
18396,18,16,False,0.9631819725036621,,,,,,
18400,36,41,True,0.8890743851661682,68.0,76.0,False,False,35.5,30.5
18401,47,22,False,0.8454446196556091,,,,,,
18402,48,29,False,0.9161806702613831,,,,,,
18408,62,14,False,0.7014451622962952,,,,,,
18409,40,26,False,0.7735360860824585,,,,,,
18413,43,21,False,0.8968549370765686,,,,,,
18421,38,25,False,0.9653291702270508,,,,,,
18422,40,33,False,0.5173640251159668,,,,,,
18423,43,29,False,0.6428612470626831,,,,,,
18426,82,97,False,0.9351713061332703,,,,,,
18427,24,21,False,0.8854123950004578,,,,,,
18428,43,22,False,0.7238414883613586,,,,,,
18430,40,28,False,0.9896055459976196,,,,,,
18432,28,26,False,0.94334876537323,,,,,,
18436,39,42,False,0.5005207061767578,,,,,,
18438,50,29,False,0.6875712275505066,,,,,,
18441,40,27,False,0.9399668574333191,,,,,,
18450,27,23,False,0.9693289995193481,,,,,,
18453,48,25,False,0.5807457566261292,,,,,,
18454,37,14,False,0.9277021884918213,,,,,,
18455,20,19,False,0.8797858953475952,,,,,,
18457,19,15,False,0.8726921677589417,,,,,,
18461,39,24,False,0.7652103900909424,,,,,,
18464,43,21,False,0.7498124837875366,,,,,,
18466,55,32,False,0.8053832054138184,,,,,,
18471,36,33,True,0.9686256647109985,35.0,43.0,True,True,2.5,5.5
18473,48,24,False,0.8424277901649475,,,,,,
18474,52,15,False,0.866091251373291,,,,,,
18479,62,33,False,0.626785159111023,,,,,,
18480,21,17,False,0.9804413318634033,,,,,,
18486,32,25,False,0.9922218918800354,,,,,,
18491,39,31,False,0.5847809910774231,,,,,,
18494,50,27,False,0.609103262424469,,,,,,
18496,34,26,False,0.881874680519104,,,,,,
18499,35,26,False,0.9590747952461243,,,,,,
18501,50,27,False,0.7722911834716797,,,,,,
18502,70,33,False,0.6444066762924194,,,,,,
18510,48,31,False,0.8765937089920044,,,,,,
18512,42,21,False,0.9891502261161804,,,,,,
18515,44,26,False,0.5424343347549438,,,,,,
18517,78,29,False,0.8642749190330505,,,,,,
18518,49,22,False,0.9922301173210144,,,,,,
18521,30,27,False,0.9097346067428589,,,,,,
18522,50,30,False,0.5566806793212891,,,,,,
18525,46,22,False,0.9571330547332764,,,,,,
18527,45,15,False,0.5897969007492065,,,,,,
18529,40,21,False,0.9424105286598206,,,,,,
18530,47,27,False,0.9612920880317688,,,,,,
18534,97,18,False,0.9254005551338196,,,,,,
18535,77,31,False,0.5544946193695068,,,,,,
18536,52,28,False,0.7752264142036438,,,,,,
18542,51,28,False,0.8940043449401855,,,,,,
18543,45,29,False,0.6233423948287964,,,,,,
18544,29,38,False,0.6847115755081177,,,,,,
18547,28,18,False,0.8766006231307983,,,,,,
18548,98,27,False,0.7125892639160156,,,,,,
18549,42,28,False,0.8507899641990662,,,,,,
18551,13,30,False,0.8677791953086853,,,,,,
18552,56,25,False,0.8719689249992371,,,,,,
18554,65,15,False,0.6053810715675354,,,,,,
18556,30,29,False,0.8409593105316162,,,,,,
18557,39,34,False,0.6180770397186279,,,,,,
18559,36,32,True,0.9441471695899963,34.0,42.0,True,True,1.5,5.5
18561,50,53,False,0.8454793691635132,,,,,,
18562,59,25,False,0.7320539951324463,,,,,,
18564,53,28,False,0.5949599146842957,,,,,,
18566,43,30,False,0.9299770593643188,,,,,,
18567,56,15,False,0.6314165592193604,,,,,,
18568,34,28,False,0.8989114165306091,,,,,,
18569,45,24,False,0.520405650138855,,,,,,
18570,21,23,False,0.9009623527526855,,,,,,
18574,16,23,False,0.9578827023506165,,,,,,
18576,50,29,False,0.7573203444480896,,,,,,
18580,31,4,False,0.5688374042510986,,,,,,
18582,32,29,True,0.9642159342765808,31.0,39.0,True,True,2.5,5.5
18588,50,27,False,0.8829431533813477,,,,,,
18589,92,16,False,0.6826280355453491,,,,,,
18590,56,28,False,0.907280445098877,,,,,,
18591,39,33,False,0.7299590110778809,,,,,,
18595,39,59,True,0.5784755349159241,91.0,99.0,False,False,55.5,35.5
18596,38,96,False,0.9292875528335571,,,,,,
18598,36,26,False,0.6553245782852173,,,,,,
18600,38,28,False,0.7571509480476379,,,,,,
18601,50,7,False,0.7739851474761963,,,,,,
18602,90,26,False,0.6677825450897217,,,,,,
18607,30,27,False,0.9452370405197144,,,,,,
18608,43,7,False,0.8635918498039246,,,,,,
18609,78,19,True,0.9470304250717163,49.0,57.0,False,False,25.5,33.5
18612,49,33,False,0.6283884644508362,,,,,,
18614,38,29,False,0.8948107361793518,,,,,,
18620,27,23,False,0.839763879776001,,,,,,
18623,47,27,False,0.6724901795387268,,,,,,
18626,35,24,False,0.9920558333396912,,,,,,
18627,43,23,False,0.6648768186569214,,,,,,
18628,32,27,False,0.5370067954063416,,,,,,
18630,70,22,False,0.5181677937507629,,,,,,
18631,43,15,False,0.9000929594039917,,,,,,
18633,44,24,False,0.8238869309425354,,,,,,
18634,53,23,False,0.8648712635040283,,,,,,
18635,67,24,False,0.9659599661827087,,,,,,
18638,23,26,False,0.7898930907249451,,,,,,
18640,39,23,False,0.9926522374153137,,,,,,
18641,52,17,False,0.8314992189407349,,,,,,
18647,58,36,False,0.677241325378418,,,,,,
18652,25,22,False,0.8044759631156921,,,,,,
18653,34,31,False,0.9185489416122437,,,,,,
18656,59,7,False,0.5314205884933472,,,,,,
18660,60,16,False,0.709834098815918,,,,,,
18661,61,27,False,0.9169856905937195,,,,,,
18666,40,27,False,0.8401530385017395,,,,,,
18670,68,3,False,0.6883520483970642,,,,,,
18671,45,40,False,0.6810325384140015,,,,,,
18672,15,12,False,0.7971594929695129,,,,,,
18675,61,19,True,0.9672629237174988,60.0,68.0,True,False,2.5,44.5
18676,45,38,False,0.5427886843681335,,,,,,
18677,40,27,False,0.6493320465087891,,,,,,
18681,48,31,False,0.8109068870544434,,,,,,
18686,18,23,False,0.9867256879806519,,,,,,
18687,57,32,False,0.7187140583992004,,,,,,
18688,33,31,False,0.8562461733818054,,,,,,
18690,42,33,False,0.6234816908836365,,,,,,
18692,41,28,False,0.951881468296051,,,,,,
18694,60,25,False,0.5021137595176697,,,,,,
18695,28,26,False,0.786470890045166,,,,,,
18696,33,30,False,0.80085289478302,,,,,,
18698,46,21,False,0.889682412147522,,,,,,
18699,43,4,False,0.695914089679718,,,,,,
18700,56,30,False,0.7438811659812927,,,,,,
18703,47,28,False,0.5636332035064697,,,,,,
18704,97,30,False,0.6493996977806091,,,,,,
18706,40,27,False,0.7691556215286255,,,,,,
18707,71,25,False,0.6480253338813782,,,,,,
18709,62,12,False,0.8386698961257935,,,,,,
18722,39,31,True,0.9240666031837463,0.0,8.0,False,False,35.5,27.5
18727,59,24,False,0.9053108096122742,,,,,,
18735,47,24,False,0.9931513071060181,,,,,,
18738,40,15,False,0.7359426021575928,,,,,,
18739,49,26,False,0.6644614934921265,,,,,,
18740,41,29,True,0.8518693447113037,40.0,48.0,True,False,2.5,14.5
18748,26,24,False,0.9773704409599304,,,,,,
18753,46,26,False,0.6470779180526733,,,,,,
18754,54,22,True,0.948868453502655,53.0,61.0,True,False,2.5,34.5
18758,56,27,False,0.8018399477005005,,,,,,
18765,70,17,False,0.9422263503074646,,,,,,
18770,44,21,False,0.8813061118125916,,,,,,
18772,50,21,False,0.7495132684707642,,,,,,
18774,47,30,False,0.813951313495636,,,,,,
18775,60,1,False,0.6934884190559387,,,,,,
18776,39,24,False,0.9859393835067749,,,,,,
18779,61,37,False,0.5229009985923767,,,,,,
18780,72,16,False,0.8350359797477722,,,,,,
18782,73,29,False,0.8668498396873474,,,,,,
18783,43,27,False,0.6943567991256714,,,,,,
18784,38,27,False,0.818454921245575,,,,,,
18786,55,21,False,0.777742326259613,,,,,,
18788,39,24,False,0.925451397895813,,,,,,
18790,39,19,False,0.5362697839736938,,,,,,
18792,58,16,False,0.6143890023231506,,,,,,
18793,23,21,False,0.8507777452468872,,,,,,
18796,77,24,False,0.6842382550239563,,,,,,
18798,35,25,False,0.5294830799102783,,,,,,
18799,47,25,False,0.7126597166061401,,,,,,
18800,51,51,False,0.7251284718513489,,,,,,
18805,41,27,False,0.5590202808380127,,,,,,
18808,69,29,False,0.6284173130989075,,,,,,
18809,36,30,False,0.7642810344696045,,,,,,
18810,49,37,False,0.5419333577156067,,,,,,
18811,26,11,False,0.6253669857978821,,,,,,
18812,49,40,False,0.8825666308403015,,,,,,
18813,44,21,False,0.8080763220787048,,,,,,
18814,42,28,False,0.8621207475662231,,,,,,
18817,44,24,False,0.7812207937240601,,,,,,
18818,30,22,False,0.7232593894004822,,,,,,
18820,45,27,False,0.5693261027336121,,,,,,
18822,46,26,False,0.8868085741996765,,,,,,
18823,44,24,False,0.7880053520202637,,,,,,
18825,50,24,False,0.6777822971343994,,,,,,
18828,16,28,False,0.7085492610931396,,,,,,
18830,43,30,False,0.9446535110473633,,,,,,
18832,68,20,False,0.5856178402900696,,,,,,
18835,35,34,False,0.7344644665718079,,,,,,
18836,84,33,False,0.5480425357818604,,,,,,
18838,30,26,False,0.9020484089851379,,,,,,
18846,51,22,False,0.8265799880027771,,,,,,
18851,69,24,False,0.8249475359916687,,,,,,
18857,37,29,False,0.6396954655647278,,,,,,
18859,48,29,False,0.9264848828315735,,,,,,
18860,89,21,False,0.9785276055335999,,,,,,
18862,88,26,False,0.7271190285682678,,,,,,
18863,43,16,False,0.9099805951118469,,,,,,
18864,70,23,False,0.9116629362106323,,,,,,
18865,46,31,False,0.527900218963623,,,,,,
18867,37,16,True,0.9594062566757202,13.0,21.0,False,True,20.5,0.5
18869,75,24,False,0.5702786445617676,,,,,,
18871,34,23,False,0.9305132031440735,,,,,,
18872,35,26,False,0.8941563367843628,,,,,,
18874,40,24,False,0.7702829241752625,,,,,,
18880,34,27,True,0.977269172668457,28.0,36.0,True,True,2.5,4.5
18882,43,48,False,0.8030104041099548,,,,,,
18886,30,27,True,0.9605916738510132,29.0,37.0,True,True,2.5,5.5
18888,47,31,False,0.6030061841011047,,,,,,
18889,16,10,False,0.9042330384254456,,,,,,
18891,44,20,False,0.797640323638916,,,,,,
18893,37,23,False,0.9645012617111206,,,,,,
18898,43,16,False,0.7853906154632568,,,,,,
18899,45,29,False,0.8197797536849976,,,,,,
18910,22,25,True,0.580566942691803,22.0,30.0,True,True,3.5,0.5
18911,40,32,False,0.7428324818611145,,,,,,
18917,55,30,False,0.7048752903938293,,,,,,
18920,30,21,False,0.7741316556930542,,,,,,
18921,58,25,False,0.8965480923652649,,,,,,
18926,74,26,True,0.8639401793479919,66.0,74.0,True,False,4.5,43.5
18928,21,17,False,0.7060824036598206,,,,,,
18929,37,24,False,0.8938556909561157,,,,,,
18930,90,18,False,0.7659100294113159,,,,,,
18931,24,34,False,0.8643853068351746,,,,,,
18932,43,23,False,0.9835405945777893,,,,,,
18933,48,25,False,0.7604471445083618,,,,,,
18936,51,28,True,0.9651538729667664,49.0,57.0,True,False,1.5,24.5
18937,57,26,False,0.863926351070404,,,,,,
18942,53,26,False,0.8872707486152649,,,,,,
18944,21,17,False,0.7201886177062988,,,,,,
18945,43,24,False,0.9732016324996948,,,,,,
18948,40,30,False,0.7762636542320251,,,,,,
18951,28,20,False,0.9175109267234802,,,,,,
18954,47,23,False,0.8907132148742676,,,,,,
18955,20,23,False,0.6026871204376221,,,,,,
18956,43,23,False,0.6309225559234619,,,,,,
18959,20,17,False,0.9194557070732117,,,,,,
18961,41,16,False,0.7971047759056091,,,,,,
18967,71,26,False,0.9359415173530579,,,,,,
18970,62,38,False,0.5860790610313416,,,,,,
18971,42,21,False,0.8952223658561707,,,,,,
18973,45,27,False,0.7694751024246216,,,,,,
18976,28,24,False,0.9517639875411987,,,,,,
18980,49,27,False,0.9507473111152649,,,,,,
18982,35,31,True,0.6706339716911316,35.0,43.0,True,False,3.5,7.5
18985,15,18,False,0.9252651333808899,,,,,,
18987,59,27,False,0.6701710820198059,,,,,,
18990,45,27,False,0.5754145383834839,,,,,,
18992,24,23,False,0.9728134274482727,,,,,,
19001,41,30,False,0.7126854062080383,,,,,,
19002,64,2,False,0.9235209822654724,,,,,,
19005,51,28,False,0.794317364692688,,,,,,
19006,46,20,False,0.6135053038597107,,,,,,
19008,33,32,False,0.7962435483932495,,,,,,
19009,22,19,False,0.8276149034500122,,,,,,
19012,38,24,False,0.9862918853759766,,,,,,
19015,14,14,False,0.9454881548881531,,,,,,
19017,59,34,False,0.765544056892395,,,,,,
19018,33,25,False,0.6787546277046204,,,,,,
19019,50,24,False,0.7652562260627747,,,,,,
19023,55,23,False,0.9309452772140503,,,,,,
19026,47,2,False,0.8045431971549988,,,,,,
19031,39,36,True,0.6416916847229004,38.0,46.0,True,True,2.5,5.5
19032,42,37,False,0.5982391834259033,,,,,,
19035,37,39,False,0.8342292308807373,,,,,,
19036,92,30,False,0.6992051005363464,,,,,,
19039,46,39,True,0.929438054561615,45.0,53.0,True,False,2.5,9.5
19043,51,21,False,0.8871498107910156,,,,,,
19044,44,35,False,0.6172661781311035,,,,,,
19045,46,21,False,0.5545932054519653,,,,,,
19051,29,26,False,0.7126061916351318,,,,,,
19054,57,27,False,0.9682609438896179,,,,,,
19055,44,100,False,0.8508515357971191,,,,,,
19056,48,30,False,0.781206488609314,,,,,,
19058,40,25,False,0.5985374450683594,,,,,,
19059,44,31,True,0.9560114145278931,28.0,36.0,False,True,12.5,0.5
19060,42,75,False,0.7392605543136597,,,,,,
19065,59,25,False,0.6454295516014099,,,,,,
19066,21,19,False,0.8375874161720276,,,,,,
19067,51,29,False,0.8311663866043091,,,,,,
19068,53,29,False,0.692897379398346,,,,,,
19069,37,22,False,0.8597761392593384,,,,,,
19071,65,13,False,0.6367111206054688,,,,,,
19074,45,29,False,0.9195216298103333,,,,,,
19076,41,27,False,0.8516196012496948,,,,,,
19078,10,27,True,0.918060302734375,8.0,16.0,True,False,1.5,15.5
19081,31,26,False,0.8797409534454346,,,,,,
19083,43,12,False,0.7651894092559814,,,,,,
19086,58,28,False,0.9602051973342896,,,,,,
19087,26,21,False,0.7255218029022217,,,,,,
19089,38,30,False,0.5567755103111267,,,,,,
19095,70,27,False,0.5064197778701782,,,,,,
19097,66,30,False,0.5854274034500122,,,,,,
19099,62,31,False,0.6668272018432617,,,,,,
19107,53,100,False,0.8501172065734863,,,,,,
19110,48,12,False,0.8808965682983398,,,,,,
19120,63,16,False,0.8903768658638,,,,,,
19122,48,36,False,0.6392947435379028,,,,,,
19128,44,31,False,0.509114682674408,,,,,,
19130,76,36,False,0.6894486546516418,,,,,,
19132,48,18,False,0.6562894582748413,,,,,,
19136,37,24,False,0.9787130355834961,,,,,,
19143,82,20,False,0.8263064026832581,,,,,,
19147,76,35,True,0.7078430652618408,67.0,75.0,True,False,5.5,35.5
19156,38,27,False,0.9229505658149719,,,,,,
19158,47,23,False,0.8783049583435059,,,,,,
19164,41,29,False,0.7510659694671631,,,,,,
19166,63,25,False,0.7434136867523193,,,,,,
19168,18,25,False,0.9261631369590759,,,,,,
19169,48,16,False,0.5299286842346191,,,,,,
19171,55,27,False,0.8069686889648438,,,,,,
19172,36,25,False,0.5397450923919678,,,,,,
19175,45,31,False,0.6647253632545471,,,,,,
19178,48,29,False,0.7948744893074036,,,,,,
19181,32,29,False,0.9171591401100159,,,,,,
19183,41,18,False,0.8108712434768677,,,,,,
19188,24,26,False,0.8984565734863281,,,,,,
19190,40,13,False,0.8506539463996887,,,,,,
19192,46,16,False,0.8519465923309326,,,,,,
19196,23,23,False,0.9918193817138672,,,,,,
19201,37,28,False,0.9691030979156494,,,,,,
19202,37,22,False,0.694535493850708,,,,,,
19205,50,31,True,0.91815185546875,49.0,57.0,True,False,2.5,21.5
19208,31,26,False,0.6815885901451111,,,,,,
19211,49,28,False,0.830109179019928,,,,,,
19216,50,31,False,0.756377100944519,,,,,,
19217,47,33,False,0.7112706899642944,,,,,,
19220,44,32,False,0.7842074036598206,,,,,,
19222,60,24,False,0.5429819822311401,,,,,,
19225,47,26,False,0.7147518396377563,,,,,,
19227,31,15,False,0.7857558131217957,,,,,,
19230,47,26,False,0.5660206079483032,,,,,,
19233,44,24,False,0.9501185417175293,,,,,,
19237,47,20,False,0.8100443482398987,,,,,,
19241,46,30,False,0.6525889039039612,,,,,,
19247,27,25,False,0.6746636629104614,,,,,,
19248,27,23,False,0.6618444919586182,,,,,,
19249,46,29,False,0.5572143793106079,,,,,,
19251,61,29,False,0.9479568004608154,,,,,,
19256,40,30,False,0.8340343832969666,,,,,,
19258,37,30,False,0.9006215333938599,,,,,,
19266,93,15,False,0.6118153929710388,,,,,,
19268,44,51,True,0.8543351888656616,43.0,51.0,True,True,2.5,4.5
19270,46,29,False,0.9275029897689819,,,,,,
19271,51,25,False,0.7839930653572083,,,,,,
19272,42,24,False,0.744316041469574,,,,,,
19276,24,24,False,0.9851047396659851,,,,,,
19278,42,29,False,0.6656830310821533,,,,,,
19279,35,16,False,0.9767462015151978,,,,,,
19283,25,25,False,0.6729860305786133,,,,,,
19287,53,28,False,0.8244239091873169,,,,,,
19296,50,11,False,0.7948566675186157,,,,,,
19308,38,25,False,0.7438727021217346,,,,,,
19315,20,30,False,0.7917614579200745,,,,,,
19317,49,13,False,0.9233719706535339,,,,,,
19318,40,33,False,0.7736748456954956,,,,,,
19322,21,30,False,0.8475887775421143,,,,,,
19323,27,27,True,0.9884722232818604,26.0,34.0,True,True,2.5,2.5
19326,37,27,False,0.8380383253097534,,,,,,
19327,57,1,False,0.7214139103889465,,,,,,
19330,41,35,False,0.6649650931358337,,,,,,
19331,42,26,True,0.873751699924469,40.0,48.0,True,False,1.5,17.5
19335,54,26,False,0.967275083065033,,,,,,
19338,79,29,False,0.6194025278091431,,,,,,
19339,92,31,False,0.6921584010124207,,,,,,
19340,38,22,False,0.7967418432235718,,,,,,
19342,49,27,False,0.8249767422676086,,,,,,
19343,48,42,False,0.8332740068435669,,,,,,
19345,51,21,True,0.9538574814796448,50.0,58.0,True,False,2.5,32.5
19348,44,23,False,0.7357205152511597,,,,,,
19351,55,26,False,0.6206064224243164,,,,,,
19352,43,17,False,0.7750173211097717,,,,,,
19353,96,23,False,0.7771560549736023,,,,,,
19355,36,31,True,0.9575234055519104,34.0,42.0,True,False,1.5,6.5
19364,44,31,False,0.934695839881897,,,,,,
19365,33,25,False,0.8962686657905579,,,,,,
19366,39,29,False,0.7559945583343506,,,,,,
19368,42,21,False,0.7186222076416016,,,,,,
19371,54,27,False,0.55265212059021,,,,,,
19372,54,30,False,0.7396708726882935,,,,,,
19375,36,33,False,0.7343268990516663,,,,,,
19377,48,35,False,0.5461627244949341,,,,,,
19383,16,29,False,0.8857090473175049,,,,,,
19385,27,23,False,0.694521427154541,,,,,,
19387,19,19,False,0.9113950729370117,,,,,,
19395,53,26,False,0.8732344508171082,,,,,,
19397,47,16,False,0.9521914720535278,,,,,,
19411,50,22,False,0.8835532069206238,,,,,,
19412,43,29,False,0.6270481944084167,,,,,,
19414,72,19,True,0.9182454347610474,68.0,76.0,True,False,0.5,52.5
19415,50,30,False,0.735000729560852,,,,,,
19416,48,29,False,0.6595829725265503,,,,,,
19421,47,29,False,0.7158326506614685,,,,,,
19426,47,28,False,0.7861288785934448,,,,,,
19429,44,37,False,0.6519294381141663,,,,,,
19430,22,18,False,0.9520278573036194,,,,,,
19431,43,29,False,0.9444952011108398,,,,,,
19432,52,26,False,0.8912634253501892,,,,,,
19436,58,26,False,0.5374749898910522,,,,,,
19437,46,27,False,0.8853840231895447,,,,,,
19439,97,17,False,0.8479181528091431,,,,,,
19440,50,28,False,0.6827433705329895,,,,,,
19441,41,21,False,0.5937848091125488,,,,,,
19445,32,27,False,0.8032429814338684,,,,,,
19447,56,33,False,0.6458515524864197,,,,,,
19448,32,28,False,0.7320327758789062,,,,,,
19449,35,26,False,0.9569379687309265,,,,,,
19450,27,22,False,0.8569424748420715,,,,,,
19451,44,29,False,0.9703155755996704,,,,,,
19452,38,26,False,0.6475879549980164,,,,,,
19459,35,23,False,0.9714537262916565,,,,,,
19460,39,28,False,0.9797219038009644,,,,,,
19461,18,15,False,0.9275080561637878,,,,,,
19462,16,35,True,0.8296331763267517,4.0,12.0,False,False,8.5,27.5
19463,51,31,False,0.8532523512840271,,,,,,
19466,60,27,False,0.789626955986023,,,,,,
19467,52,0,False,0.6538167595863342,,,,,,
19471,48,18,False,0.7203609943389893,,,,,,
19473,38,27,False,0.7810469269752502,,,,,,
19478,29,27,False,0.9142311811447144,,,,,,
19479,60,24,False,0.8693360686302185,,,,,,
19480,43,21,False,0.9498066902160645,,,,,,
19483,51,22,False,0.5163660049438477,,,,,,
19484,54,16,False,0.8118246793746948,,,,,,
19485,59,26,False,0.7540350556373596,,,,,,
19486,35,26,False,0.9592125415802002,,,,,,
19489,42,30,True,0.9052016735076904,41.0,49.0,True,False,2.5,14.5
19491,82,29,False,0.8241842985153198,,,,,,
19492,46,24,False,0.716105043888092,,,,,,
19496,44,31,False,0.9159466624259949,,,,,,
19500,54,17,False,0.9381739497184753,,,,,,
19501,14,33,True,0.765234649181366,12.0,20.0,True,False,1.5,17.5
19502,47,24,False,0.9525426626205444,,,,,,
19507,58,23,False,0.5967534780502319,,,,,,
19508,43,28,False,0.7703050374984741,,,,,,
19511,47,29,False,0.5570252537727356,,,,,,
19514,80,96,False,0.6691783666610718,,,,,,
19518,40,26,True,0.9508936405181885,39.0,47.0,True,False,2.5,16.5
19519,42,27,False,0.712212324142456,,,,,,
19520,26,28,False,0.6720830202102661,,,,,,
19535,88,33,False,0.914165735244751,,,,,,
19537,42,26,False,0.9681953191757202,,,,,,
19540,41,22,False,0.7595542073249817,,,,,,
19541,31,27,True,0.9357763528823853,29.0,37.0,True,True,1.5,5.5
19544,32,23,False,0.9904062151908875,,,,,,
19549,35,23,False,0.957073450088501,,,,,,
19555,43,30,False,0.6982195377349854,,,,,,
19558,45,86,False,0.5663279891014099,,,,,,
19560,44,20,False,0.751983106136322,,,,,,
19561,92,12,False,0.9391254186630249,,,,,,
19562,34,28,False,0.8676435947418213,,,,,,
19565,35,21,False,0.8684858679771423,,,,,,
19567,57,22,False,0.9263002276420593,,,,,,
19569,48,12,False,0.9755589365959167,,,,,,
19570,39,27,False,0.8992367386817932,,,,,,
19583,62,30,True,0.881361722946167,59.0,67.0,True,False,0.5,32.5
19585,36,33,False,0.711025595664978,,,,,,
19590,47,26,False,0.7772974371910095,,,,,,
19595,43,27,False,0.8133226037025452,,,,,,
19596,45,30,False,0.8778917789459229,,,,,,
19600,33,22,False,0.8831586241722107,,,,,,
19601,36,34,False,0.6053760647773743,,,,,,
19603,52,28,False,0.9138368964195251,,,,,,
19604,40,19,False,0.9162648320198059,,,,,,
19608,95,1,False,0.7946343421936035,,,,,,
19611,62,16,False,0.9350496530532837,,,,,,
19615,50,31,True,0.8591078519821167,50.0,58.0,True,False,3.5,22.5
19618,26,27,False,0.9203079342842102,,,,,,
19619,42,33,False,0.8615872263908386,,,,,,
19623,39,29,False,0.8457733988761902,,,,,,
19624,42,29,False,0.6864166259765625,,,,,,
19626,56,18,False,0.8792939186096191,,,,,,
19631,46,30,False,0.6602375507354736,,,,,,
19633,56,26,True,0.86165452003479,55.0,63.0,True,False,2.5,32.5
19634,43,31,False,0.8068655729293823,,,,,,
19636,61,20,False,0.8605170249938965,,,,,,
19637,30,31,False,0.7733572721481323,,,,,,
19643,19,22,False,0.7532219290733337,,,,,,
19645,43,53,False,0.7301357984542847,,,,,,
19646,65,17,False,0.587722897529602,,,,,,
19649,37,17,False,0.9295157194137573,,,,,,
19654,40,30,False,0.6083334684371948,,,,,,
19656,45,23,False,0.5220860838890076,,,,,,
19657,49,23,False,0.7816228866577148,,,,,,
19659,39,36,False,0.5568695068359375,,,,,,
19660,44,35,False,0.8611106872558594,,,,,,
19662,20,21,False,0.7402297258377075,,,,,,
19664,49,25,False,0.6482117176055908,,,,,,
19666,68,21,False,0.7425560355186462,,,,,,
19668,9,18,False,0.9711161255836487,,,,,,
19670,40,23,False,0.9889710545539856,,,,,,
19675,47,21,False,0.5765137076377869,,,,,,
19683,56,47,False,0.657149612903595,,,,,,
19684,37,25,False,0.8982351422309875,,,,,,
19685,78,28,False,0.9206447005271912,,,,,,
19686,34,24,False,0.992531955242157,,,,,,
19688,50,18,False,0.8327069282531738,,,,,,
19690,48,26,False,0.8336877822875977,,,,,,
19694,49,23,False,0.8476178646087646,,,,,,
19695,56,19,False,0.8041649460792542,,,,,,
19697,43,44,False,0.5432422161102295,,,,,,
19704,38,25,False,0.6185271739959717,,,,,,
19707,54,24,False,0.6733757853507996,,,,,,
19708,85,12,False,0.8939873576164246,,,,,,
19709,8,27,False,0.926765501499176,,,,,,
19711,30,30,False,0.9410431981086731,,,,,,
19713,47,25,False,0.839275062084198,,,,,,
19714,38,29,False,0.6222019791603088,,,,,,
19715,67,18,False,0.6285926103591919,,,,,,
19716,49,25,False,0.6933749318122864,,,,,,
19719,96,23,False,0.9033204913139343,,,,,,
19723,88,17,False,0.6936590075492859,,,,,,
19724,25,18,False,0.8274024128913879,,,,,,
19726,88,26,False,0.7287619113922119,,,,,,
19729,33,24,False,0.6291578412055969,,,,,,
19730,59,27,False,0.6010615825653076,,,,,,
19732,50,34,False,0.5018329620361328,,,,,,
19734,60,29,False,0.5660978555679321,,,,,,
19736,41,28,False,0.703153133392334,,,,,,
19738,50,20,False,0.9788778424263,,,,,,
19741,61,15,False,0.8191681504249573,,,,,,
19743,38,27,False,0.9487526416778564,,,,,,
19744,48,16,False,0.5179151296615601,,,,,,
19746,44,25,True,0.9526436924934387,43.0,51.0,True,False,2.5,21.5
19747,37,26,False,0.9412254691123962,,,,,,
19751,44,28,False,0.8276723027229309,,,,,,
19752,64,25,False,0.9361830353736877,,,,,,
19753,61,29,False,0.8903228640556335,,,,,,
19754,23,27,False,0.826343297958374,,,,,,
19766,47,26,False,0.9710868000984192,,,,,,
19767,53,23,False,0.906585156917572,,,,,,
19768,18,29,False,0.8228575587272644,,,,,,
19772,28,25,False,0.7311415076255798,,,,,,
19773,55,21,False,0.9815277457237244,,,,,,
19774,41,18,False,0.9592915177345276,,,,,,
19775,49,0,False,0.7685654759407043,,,,,,
19776,42,4,False,0.7142893671989441,,,,,,
19777,27,32,False,0.935523271560669,,,,,,
19778,44,36,False,0.9394270181655884,,,,,,
19783,15,26,False,0.8797137141227722,,,,,,
19784,51,30,False,0.8521010279655457,,,,,,
19785,41,24,False,0.8711031079292297,,,,,,
19787,72,27,False,0.7118385434150696,,,,,,
19788,20,16,False,0.9478340148925781,,,,,,
19789,15,14,False,0.9112422466278076,,,,,,
19790,27,24,False,0.9442015886306763,,,,,,
19795,48,28,False,0.7713243365287781,,,,,,
19796,53,16,False,0.820637583732605,,,,,,
19798,39,27,False,0.824925422668457,,,,,,
19802,55,13,False,0.8769838213920593,,,,,,
19804,26,22,False,0.96794193983078,,,,,,
19809,38,28,False,0.8560640811920166,,,,,,
19810,46,25,True,0.9312945008277893,45.0,53.0,True,False,2.5,23.5
19813,40,16,False,0.7648555636405945,,,,,,
19814,38,24,False,0.5574355721473694,,,,,,
19815,38,26,False,0.9804742336273193,,,,,,
19816,50,29,False,0.9324292540550232,,,,,,
19817,43,30,False,0.5775760412216187,,,,,,
19820,39,30,False,0.9257522821426392,,,,,,
19828,53,26,False,0.6621538996696472,,,,,,
19829,38,30,False,0.6807807683944702,,,,,,
19831,58,24,False,0.6669765114784241,,,,,,
19832,33,28,False,0.8634014129638672,,,,,,
19834,55,26,True,0.8301573395729065,90.0,98.0,False,False,38.5,67.5
19846,40,28,False,0.5965948700904846,,,,,,
19848,83,28,False,0.6042121052742004,,,,,,
19851,56,29,False,0.8478137850761414,,,,,,
19852,61,21,False,0.8966483473777771,,,,,,
19853,39,30,False,0.8728076815605164,,,,,,
19864,23,20,False,0.9547303318977356,,,,,,
19868,81,27,False,0.5228062868118286,,,,,,
19871,38,25,False,0.9697192907333374,,,,,,
19875,44,30,False,0.7786597609519958,,,,,,
19876,43,29,True,0.9725075364112854,42.0,50.0,True,False,2.5,16.5
19880,26,22,False,0.8403930068016052,,,,,,
19882,54,92,False,0.5664023756980896,,,,,,
19884,43,31,True,0.9532483220100403,42.0,50.0,True,False,2.5,14.5
19886,50,26,False,0.649954080581665,,,,,,
19892,42,31,False,0.9639304876327515,,,,,,
19893,48,30,True,0.9647809267044067,67.0,75.0,False,False,22.5,40.5
19896,24,20,False,0.8698573708534241,,,,,,
19897,36,16,False,0.8775638937950134,,,,,,
19898,47,26,False,0.8575050234794617,,,,,,
19901,53,26,False,0.7647600173950195,,,,,,
19902,46,26,False,0.9061786532402039,,,,,,
19903,44,25,False,0.7747412323951721,,,,,,
19904,45,27,False,0.7062538862228394,,,,,,
19905,26,23,False,0.9891946315765381,,,,,,
19909,58,28,False,0.815319836139679,,,,,,
19910,15,29,False,0.7949296236038208,,,,,,
19912,39,35,False,0.896266758441925,,,,,,
19915,70,29,False,0.7398030161857605,,,,,,
19920,54,18,False,0.5875609517097473,,,,,,
19921,37,38,False,0.566215455532074,,,,,,
19924,39,28,False,0.958285927772522,,,,,,
19926,71,27,False,0.6569303870201111,,,,,,
19927,49,21,False,0.812690794467926,,,,,,
19931,53,17,False,0.5094267725944519,,,,,,
19932,81,17,False,0.7445053458213806,,,,,,
19935,38,30,False,0.8012750744819641,,,,,,
19940,56,27,False,0.5069088339805603,,,,,,
19942,13,25,False,0.8337287902832031,,,,,,
19946,34,18,False,0.8621666431427002,,,,,,
19951,41,43,False,0.8179875612258911,,,,,,
19952,84,26,False,0.8893227577209473,,,,,,
19953,16,20,False,0.7152987718582153,,,,,,
19963,88,28,False,0.5505272746086121,,,,,,
19964,47,30,False,0.7696890234947205,,,,,,
19967,31,28,False,0.8228889107704163,,,,,,
19970,46,19,False,0.9334889650344849,,,,,,
19971,17,27,False,0.9723049998283386,,,,,,
19972,57,27,False,0.8130996227264404,,,,,,
19973,27,25,False,0.6392661929130554,,,,,,
19975,28,28,False,0.9254254698753357,,,,,,
19977,23,17,False,0.8756483793258667,,,,,,
19981,27,24,False,0.8469190001487732,,,,,,
19982,33,24,False,0.7857613563537598,,,,,,
19984,38,31,False,0.5520260334014893,,,,,,
19987,46,30,False,0.5467790961265564,,,,,,
19992,41,29,False,0.9183236956596375,,,,,,
19994,51,27,False,0.7075644135475159,,,,,,
19996,42,24,False,0.5675885677337646,,,,,,
19997,49,39,False,0.6410887837409973,,,,,,
20000,53,28,False,0.5865567922592163,,,,,,
20004,42,26,False,0.8443276286125183,,,,,,
20007,30,27,False,0.6695007681846619,,,,,,
20008,57,30,False,0.7125374674797058,,,,,,
20009,54,100,False,0.8453592658042908,,,,,,
20010,34,22,False,0.9846541285514832,,,,,,
20013,79,25,False,0.8063441514968872,,,,,,
20019,31,22,False,0.9183419942855835,,,,,,
20020,49,11,False,0.6169119477272034,,,,,,
20021,53,23,False,0.6273640990257263,,,,,,
20022,48,27,False,0.5035380721092224,,,,,,
20024,98,23,False,0.806110143661499,,,,,,
20028,47,29,False,0.9118659496307373,,,,,,
20029,18,21,False,0.8563695549964905,,,,,,
20032,22,19,False,0.9615083932876587,,,,,,
20033,64,26,False,0.8076844811439514,,,,,,
20034,46,35,False,0.8056851029396057,,,,,,
20038,50,32,False,0.8299199938774109,,,,,,
20039,32,27,True,0.9682608246803284,31.0,39.0,True,False,2.5,7.5
20041,96,97,True,0.9096708297729492,85.0,93.0,False,False,7.5,8.5
20044,30,31,False,0.863099217414856,,,,,,
20049,70,1,True,0.9588449001312256,61.0,69.0,True,False,5.5,63.5
20051,63,23,False,0.517128050327301,,,,,,
20055,18,13,False,0.9322141408920288,,,,,,
20056,49,25,False,0.8654534220695496,,,,,,
20057,49,32,False,0.8182836771011353,,,,,,
20058,43,17,False,0.7206714749336243,,,,,,
20059,45,24,False,0.6893670558929443,,,,,,
20060,39,27,False,0.9196264147758484,,,,,,
20063,54,33,False,0.7259233593940735,,,,,,
20064,45,36,True,0.76319420337677,44.0,52.0,True,False,2.5,11.5
20069,49,31,False,0.5941489338874817,,,,,,
20073,55,30,False,0.8969316482543945,,,,,,
20076,41,33,False,0.651330828666687,,,,,,
20079,44,31,True,0.904735803604126,40.0,48.0,True,False,0.5,12.5
20080,43,30,False,0.5692614912986755,,,,,,
20081,39,29,False,0.6155407428741455,,,,,,
20084,24,26,False,0.9094935059547424,,,,,,
20085,47,28,False,0.7833830118179321,,,,,,
20091,42,13,False,0.7353337407112122,,,,,,
20093,50,22,False,0.963165819644928,,,,,,
20100,55,99,False,0.954174816608429,,,,,,
20103,46,16,False,0.8263985514640808,,,,,,
20104,57,24,False,0.7335564494132996,,,,,,
20107,49,25,True,0.9212438464164734,56.0,64.0,False,False,10.5,34.5
20109,51,25,False,0.8048772811889648,,,,,,
20110,38,27,False,0.8063036799430847,,,,,,
20115,59,96,False,0.7813032269477844,,,,,,
20116,65,26,False,0.733180582523346,,,,,,
20121,45,14,False,0.7352967262268066,,,,,,
20127,51,27,False,0.6007946729660034,,,,,,
20129,28,26,False,0.8189530968666077,,,,,,
20130,54,43,False,0.5094326138496399,,,,,,
20131,19,16,False,0.9837154746055603,,,,,,
20132,49,31,False,0.889252245426178,,,,,,
20134,42,31,False,0.8741977214813232,,,,,,
20140,41,28,False,0.9371803998947144,,,,,,
20143,99,28,False,0.5969874262809753,,,,,,
20144,50,26,False,0.9299705624580383,,,,,,
20145,36,37,False,0.7290551662445068,,,,,,
20146,33,31,True,0.9785716533660889,31.0,39.0,True,True,1.5,3.5
20151,75,23,False,0.5586110353469849,,,,,,
20152,41,22,False,0.8347408771514893,,,,,,
20153,64,24,False,0.8695006966590881,,,,,,
20154,36,18,True,0.9327868223190308,72.0,80.0,False,False,39.5,57.5
20156,46,31,False,0.5665768980979919,,,,,,
20158,51,43,False,0.5389833450317383,,,,,,
20159,43,33,False,0.5406728982925415,,,,,,
20161,98,23,False,0.7229881882667542,,,,,,
20164,46,32,False,0.7655653953552246,,,,,,
20167,43,27,False,0.8276680111885071,,,,,,
20175,44,24,False,0.764556884765625,,,,,,
20176,49,28,False,0.9291324019432068,,,,,,
20180,68,24,False,0.6689274907112122,,,,,,
20186,41,33,False,0.9011254906654358,,,,,,
20188,42,28,False,0.9113509058952332,,,,,,
20190,67,28,False,0.787155270576477,,,,,,
20192,40,26,False,0.916496992111206,,,,,,
20195,24,21,False,0.9540770649909973,,,,,,
20196,50,19,False,0.6431124210357666,,,,,,
20199,38,28,False,0.751410722732544,,,,,,
20204,57,13,False,0.6521587371826172,,,,,,
20207,47,22,False,0.8630172610282898,,,,,,
20215,47,29,False,0.9083375334739685,,,,,,
20216,70,34,False,0.7936811447143555,,,,,,
20218,36,33,False,0.5657735466957092,,,,,,
20221,47,31,False,0.6196333169937134,,,,,,
20223,48,27,False,0.7108005285263062,,,,,,
20224,79,90,False,0.5391466617584229,,,,,,
20237,23,21,False,0.8794634938240051,,,,,,
20238,44,9,False,0.543163537979126,,,,,,
20239,28,25,False,0.8081053495407104,,,,,,
20240,19,19,False,0.8147761225700378,,,,,,
20243,33,27,False,0.9614973664283752,,,,,,
20244,25,22,False,0.9547257423400879,,,,,,
20249,43,99,False,0.6117315888404846,,,,,,
20252,39,25,False,0.8299078345298767,,,,,,
20253,45,31,False,0.7661527395248413,,,,,,
20259,56,41,True,0.799491286277771,55.0,63.0,True,False,2.5,17.5
20262,22,21,False,0.9201757907867432,,,,,,
20264,49,21,True,0.9606398940086365,69.0,77.0,False,False,23.5,51.5
20265,42,35,False,0.6672360301017761,,,,,,
20266,54,31,False,0.6978834867477417,,,,,,
20268,43,27,False,0.5784255266189575,,,,,,
20269,26,25,False,0.8698286414146423,,,,,,
20274,47,20,False,0.8825146555900574,,,,,,
20276,54,27,True,0.9867427349090576,57.0,65.0,False,False,6.5,33.5
20280,59,27,True,0.87812739610672,57.0,65.0,True,False,1.5,33.5
20281,53,23,False,0.9228503108024597,,,,,,
20282,57,29,False,0.6014878153800964,,,,,,
20283,41,24,False,0.5169150829315186,,,,,,
20287,46,14,False,0.9655740261077881,,,,,,
20291,52,32,False,0.5753306746482849,,,,,,
20294,54,19,False,0.6348788142204285,,,,,,
20295,86,12,False,0.9632750749588013,,,,,,
20296,32,25,False,0.8481307029724121,,,,,,
20302,24,23,False,0.932741105556488,,,,,,
20303,92,36,False,0.7992547154426575,,,,,,
20304,33,31,False,0.9343581795692444,,,,,,
20306,56,23,False,0.6344253420829773,,,,,,
20307,31,22,False,0.9723380208015442,,,,,,
20308,52,34,False,0.5542529225349426,,,,,,
20310,85,20,False,0.6250600814819336,,,,,,
20311,46,33,False,0.6756564378738403,,,,,,
20313,39,28,False,0.5294543504714966,,,,,,
20316,25,4,False,0.7034853100776672,,,,,,
20317,38,28,False,0.6793919801712036,,,,,,
20318,52,11,False,0.8906609416007996,,,,,,
20319,42,35,False,0.7184371948242188,,,,,,
20324,44,19,False,0.8035961389541626,,,,,,
20325,48,21,False,0.7182140350341797,,,,,,
20328,57,24,False,0.657107949256897,,,,,,
20329,44,28,False,0.8598802089691162,,,,,,
20332,77,25,True,0.916374921798706,74.0,82.0,True,False,0.5,52.5
20335,28,29,False,0.5342594385147095,,,,,,
20336,50,19,False,0.5899707674980164,,,,,,
20339,51,31,True,0.9161711931228638,50.0,58.0,True,False,2.5,22.5
20340,50,22,False,0.7037327289581299,,,,,,
20341,49,30,False,0.879071831703186,,,,,,
20343,28,28,False,0.8408063650131226,,,,,,
20344,39,30,False,0.970245897769928,,,,,,
20346,41,30,False,0.8137841820716858,,,,,,
20349,44,17,False,0.7506388425827026,,,,,,
20351,65,26,False,0.9110913872718811,,,,,,
20352,47,20,False,0.8615230917930603,,,,,,
20354,55,27,False,0.9069184064865112,,,,,,
20355,47,23,False,0.5875493884086609,,,,,,
20356,31,28,True,0.8858956694602966,30.0,38.0,True,True,2.5,5.5
20357,27,25,False,0.9470798373222351,,,,,,
20359,18,34,False,0.9712665677070618,,,,,,
20365,44,23,False,0.9858250617980957,,,,,,
20367,38,51,True,0.784752607345581,37.0,45.0,True,False,2.5,10.5
20371,54,25,False,0.7544558048248291,,,,,,
20375,45,29,False,0.6936238408088684,,,,,,
20377,35,32,True,0.9554117918014526,34.0,42.0,True,True,2.5,5.5
20381,40,91,False,0.8273892402648926,,,,,,
20388,43,25,False,0.8908938765525818,,,,,,
20390,46,38,False,0.6727414131164551,,,,,,
20392,57,17,False,0.9199451208114624,,,,,,
20394,48,26,False,0.7362694144248962,,,,,,
20395,51,86,False,0.7519556879997253,,,,,,
20397,39,35,False,0.7360871434211731,,,,,,
20400,52,20,False,0.7462834715843201,,,,,,
20402,48,25,False,0.5410440564155579,,,,,,
20406,45,33,False,0.7848562002182007,,,,,,
20407,43,29,False,0.8898091316223145,,,,,,
20408,51,27,True,0.9683977365493774,50.0,58.0,True,False,2.5,26.5
20409,39,11,False,0.8894202709197998,,,,,,
20417,45,28,False,0.7941390872001648,,,,,,
20418,44,31,False,0.7930317521095276,,,,,,
20419,55,32,False,0.7697911858558655,,,,,,
20420,36,26,False,0.9719042778015137,,,,,,
20421,27,27,False,0.9256793260574341,,,,,,
20423,45,26,False,0.674436092376709,,,,,,
20427,48,38,True,0.5096208453178406,82.0,90.0,False,False,37.5,47.5
20430,36,30,False,0.908484697341919,,,,,,
20431,58,19,False,0.8882040977478027,,,,,,
20432,31,17,False,0.7375750541687012,,,,,,
20434,39,24,False,0.9559931755065918,,,,,,
20435,39,24,False,0.9305564165115356,,,,,,
20436,9,27,False,0.8369669914245605,,,,,,
20437,69,37,False,0.5052980780601501,,,,,,
20438,49,27,False,0.5880062580108643,,,,,,
20439,54,28,False,0.9379003643989563,,,,,,
20440,39,36,False,0.9055653810501099,,,,,,
20442,16,24,False,0.8786634802818298,,,,,,
20444,41,52,False,0.5325332283973694,,,,,,
20447,46,19,False,0.5522979497909546,,,,,,
20448,31,26,False,0.6432808637619019,,,,,,
20449,41,36,False,0.5078453421592712,,,,,,
20452,42,28,False,0.8822236657142639,,,,,,
20453,59,17,False,0.7758654952049255,,,,,,
20454,45,34,False,0.8391299247741699,,,,,,
20455,41,18,False,0.7371399402618408,,,,,,
20457,34,26,False,0.553991973400116,,,,,,
20459,44,31,False,0.5900052189826965,,,,,,
20460,33,27,True,0.6911711692810059,22.0,30.0,False,True,7.5,1.5
20463,61,100,False,0.8132954239845276,,,,,,
20466,45,21,False,0.9714727401733398,,,,,,
20468,37,33,True,0.9534462690353394,36.0,44.0,True,False,2.5,6.5
20470,41,17,False,0.6553903222084045,,,,,,
20471,24,17,False,0.6879410743713379,,,,,,
20475,29,16,False,0.8847599625587463,,,,,,
20477,51,30,False,0.7420588135719299,,,,,,
20479,39,28,False,0.7756862640380859,,,,,,
20480,42,17,False,0.6548283696174622,,,,,,
20481,24,20,True,0.9616346955299377,22.0,30.0,True,True,1.5,5.5
20484,45,27,False,0.9753168821334839,,,,,,
20487,54,24,False,0.7103615999221802,,,,,,
20490,48,26,False,0.743758499622345,,,,,,
20491,42,25,True,0.9924136996269226,90.0,98.0,False,False,51.5,68.5
20492,66,36,False,0.7120862603187561,,,,,,
20496,43,31,False,0.5686646699905396,,,,,,
20497,51,31,True,0.966885507106781,93.0,101.0,False,False,45.5,65.5
20498,52,50,False,0.7371192574501038,,,,,,
20500,99,2,False,0.7506818771362305,,,,,,
20502,34,25,False,0.9923890233039856,,,,,,
20506,53,3,False,0.7326443195343018,,,,,,
20509,46,30,False,0.8821926116943359,,,,,,
20514,47,23,False,0.6758773922920227,,,,,,
20515,46,24,False,0.6851614117622375,,,,,,
20516,34,22,False,0.9657212495803833,,,,,,
20517,26,26,False,0.5011538863182068,,,,,,
20518,39,23,False,0.7101028561592102,,,,,,
20526,40,35,False,0.5130403637886047,,,,,,
20537,45,23,False,0.6297177672386169,,,,,,
20544,51,25,False,0.6095121502876282,,,,,,
20545,50,17,False,0.8308225274085999,,,,,,
20547,48,42,False,0.6432520151138306,,,,,,
20548,30,21,False,0.9832533001899719,,,,,,
20551,16,24,False,0.9307198524475098,,,,,,
20553,32,32,False,0.8951728940010071,,,,,,
20558,71,23,False,0.547058641910553,,,,,,
20559,46,25,False,0.8523392677307129,,,,,,
20560,48,22,False,0.9907177090644836,,,,,,
20562,68,29,False,0.5075980424880981,,,,,,
20563,45,23,False,0.513187825679779,,,,,,
20564,50,19,False,0.736443281173706,,,,,,
20565,42,30,False,0.7925839424133301,,,,,,
20566,17,26,False,0.8503076434135437,,,,,,
20567,43,27,False,0.8392373919487,,,,,,
20573,53,24,False,0.9703861474990845,,,,,,
20580,47,32,False,0.796838104724884,,,,,,
20582,31,26,False,0.8158515691757202,,,,,,
20583,42,29,False,0.8061369061470032,,,,,,
20586,27,28,True,0.9204967021942139,25.0,33.0,True,True,1.5,0.5
20588,47,30,False,0.7184325456619263,,,,,,
20590,23,33,False,0.7847923040390015,,,,,,
20591,39,34,False,0.7044033408164978,,,,,,
20597,61,84,False,0.8247373104095459,,,,,,
20598,40,23,False,0.9512233138084412,,,,,,
20601,48,18,False,0.7324864864349365,,,,,,
20608,39,23,False,0.9932119846343994,,,,,,
20610,37,24,False,0.9869450926780701,,,,,,
20611,43,29,False,0.5344357490539551,,,,,,
20612,84,30,False,0.8048543930053711,,,,,,
20614,47,33,False,0.8704163432121277,,,,,,
20616,56,28,False,0.5663579106330872,,,,,,
20624,58,22,True,0.8588002324104309,58.0,66.0,True,False,3.5,39.5
20627,38,30,False,0.7833130955696106,,,,,,
20628,74,23,False,0.9340798854827881,,,,,,
20629,85,30,False,0.687406063079834,,,,,,
20632,17,20,False,0.8008478283882141,,,,,,
20633,64,23,False,0.6406670212745667,,,,,,
20635,44,30,False,0.7336061000823975,,,,,,
20641,96,22,False,0.5509352684020996,,,,,,
20642,90,28,False,0.8557726740837097,,,,,,
20644,48,21,False,0.9575754404067993,,,,,,
20646,40,30,True,0.7702320218086243,72.0,80.0,False,False,35.5,45.5
20647,23,20,False,0.9557804465293884,,,,,,
20648,48,26,False,0.8035941123962402,,,,,,
20649,51,30,False,0.6868900656700134,,,,,,
20650,43,18,False,0.8868517279624939,,,,,,
20651,38,33,False,0.7860608100891113,,,,,,
20657,48,32,False,0.6770285964012146,,,,,,
20659,32,25,False,0.7928892970085144,,,,,,
20660,30,27,True,0.904281497001648,28.0,36.0,True,True,1.5,4.5
20667,53,26,True,0.8225641846656799,1.0,9.0,False,False,48.5,21.5
20669,45,28,False,0.9711414575576782,,,,,,
20674,45,23,False,0.718119740486145,,,,,,
20679,31,33,False,0.8673399090766907,,,,,,
20681,86,23,False,0.6364353895187378,,,,,,
20682,20,21,False,0.6710686087608337,,,,,,
20684,44,28,False,0.6691229343414307,,,,,,
20685,15,31,False,0.9263071417808533,,,,,,
20687,46,29,False,0.5973021388053894,,,,,,
20690,31,28,True,0.9613064527511597,30.0,38.0,True,True,2.5,5.5
20693,27,24,False,0.7194289565086365,,,,,,
20694,39,11,False,0.8717086911201477,,,,,,
20696,56,25,True,0.9679869413375854,13.0,21.0,False,False,39.5,8.5
20697,37,26,False,0.9789659976959229,,,,,,
20698,55,18,False,0.5095938444137573,,,,,,
20699,43,24,False,0.975167453289032,,,,,,
20700,33,44,False,0.802992045879364,,,,,,
20701,14,29,False,0.6650447249412537,,,,,,
20702,43,22,False,0.755717933177948,,,,,,
20706,65,32,False,0.7358751893043518,,,,,,
20707,20,0,False,0.7248818278312683,,,,,,
20711,34,19,True,0.9504466652870178,62.0,70.0,False,False,31.5,46.5
20718,60,33,True,0.9211676120758057,58.0,66.0,True,False,1.5,28.5
20720,30,27,True,0.9653348326683044,29.0,37.0,True,True,2.5,5.5
20722,56,31,False,0.5102369785308838,,,,,,
20723,53,16,False,0.6628101468086243,,,,,,
20725,44,28,False,0.7702454924583435,,,,,,
20726,50,30,False,0.9093306660652161,,,,,,
20727,40,32,False,0.5061587691307068,,,,,,
20731,37,28,False,0.9426475167274475,,,,,,
20732,43,28,False,0.8853366374969482,,,,,,
20737,44,24,False,0.6249915957450867,,,,,,
20738,44,25,False,0.8478214144706726,,,,,,
20741,30,26,True,0.8979472517967224,28.0,36.0,True,True,1.5,5.5
20742,33,22,False,0.9919841885566711,,,,,,
20745,69,30,False,0.7649807929992676,,,,,,
20746,47,12,False,0.9033913016319275,,,,,,
20749,30,25,True,0.974494993686676,27.0,35.0,True,True,0.5,5.5
20751,41,32,False,0.5080790519714355,,,,,,
20753,47,32,False,0.6950227618217468,,,,,,
20754,47,24,False,0.5879194736480713,,,,,,
20756,39,30,False,0.8919944763183594,,,,,,
20759,49,30,False,0.8899567127227783,,,,,,
20761,81,18,False,0.7538080215454102,,,,,,
20762,43,30,False,0.5637516379356384,,,,,,
20763,42,35,False,0.7485719323158264,,,,,,
20767,48,21,False,0.6942528486251831,,,,,,
20769,98,26,False,0.7941931486129761,,,,,,
20771,30,24,False,0.8114928603172302,,,,,,
20772,70,27,False,0.7670802474021912,,,,,,
20774,59,96,False,0.5198138952255249,,,,,,
20775,40,27,False,0.7741674780845642,,,,,,
20778,53,18,False,0.9336783289909363,,,,,,
20779,28,25,False,0.8072618842124939,,,,,,
20780,54,32,False,0.6882530450820923,,,,,,
20783,86,37,False,0.8485479950904846,,,,,,
20787,45,7,False,0.7198517322540283,,,,,,
20789,52,18,True,0.8336623907089233,20.0,28.0,False,True,28.5,5.5
20792,62,26,False,0.5893743634223938,,,,,,
20797,42,26,False,0.6276524066925049,,,,,,
20801,50,27,False,0.5079229474067688,,,,,,
20802,47,28,False,0.5891006588935852,,,,,,
20803,49,30,False,0.5815414786338806,,,,,,
20804,22,16,False,0.9850009679794312,,,,,,
20808,48,28,False,0.5701872110366821,,,,,,
20809,42,25,False,0.907996654510498,,,,,,
20810,38,26,False,0.9617419838905334,,,,,,
20811,43,23,False,0.683926522731781,,,,,,
20814,47,20,False,0.9930603504180908,,,,,,
20822,79,14,True,0.8335376381874084,76.0,84.0,True,False,0.5,65.5
20837,54,27,False,0.7670363783836365,,,,,,
20839,45,28,False,0.7070125341415405,,,,,,
20840,60,22,False,0.8761284351348877,,,,,,
20842,67,26,False,0.5674803256988525,,,,,,
20843,57,17,False,0.5464705228805542,,,,,,
20844,45,13,False,0.9192461967468262,,,,,,
20846,38,30,False,0.6760128140449524,,,,,,
20848,43,31,False,0.8688310384750366,,,,,,
20850,45,36,False,0.8850907683372498,,,,,,
20855,40,31,False,0.7610462307929993,,,,,,
20858,45,34,False,0.9297431111335754,,,,,,
20859,51,18,False,0.9197597503662109,,,,,,
20868,56,27,False,0.9144795536994934,,,,,,
20872,48,24,False,0.5198236107826233,,,,,,
20874,50,24,False,0.7051127552986145,,,,,,
20884,44,27,False,0.947282612323761,,,,,,
20885,26,28,True,0.9401995539665222,25.0,33.0,True,True,2.5,0.5
20886,66,63,True,0.8912804126739502,57.0,65.0,True,True,5.5,2.5
20887,45,83,False,0.610828697681427,,,,,,
20889,50,34,False,0.5385782718658447,,,,,,
20891,72,28,False,0.6151124835014343,,,,,,
20894,14,26,False,0.80549156665802,,,,,,
20895,49,29,False,0.9180821180343628,,,,,,
20897,53,36,False,0.5836507678031921,,,,,,
20898,44,27,False,0.762281060218811,,,,,,
20900,55,30,False,0.7956262826919556,,,,,,
20902,38,28,False,0.8553274869918823,,,,,,
20909,38,26,False,0.6211124658584595,,,,,,
20910,17,25,False,0.8573889136314392,,,,,,
20911,16,15,False,0.7954509258270264,,,,,,
20917,63,17,False,0.8396973609924316,,,,,,
20918,45,26,False,0.6017623543739319,,,,,,
20922,40,28,False,0.8976674675941467,,,,,,
20924,46,32,False,0.7903719544410706,,,,,,
20926,48,31,False,0.7212746739387512,,,,,,
20927,46,30,False,0.5765261054039001,,,,,,
20928,52,25,False,0.7069734334945679,,,,,,
20931,54,29,False,0.7554593682289124,,,,,,
20932,47,26,False,0.7580841779708862,,,,,,
20936,25,22,False,0.9754452705383301,,,,,,
20937,46,23,False,0.9108425974845886,,,,,,
20938,85,25,False,0.6074653267860413,,,,,,
20942,56,21,False,0.824966549873352,,,,,,
20945,35,24,False,0.9409387111663818,,,,,,
20950,43,33,False,0.701684832572937,,,,,,
20951,74,24,False,0.625220537185669,,,,,,
20952,63,27,False,0.928808867931366,,,,,,
20959,30,29,True,0.7617149353027344,8.0,16.0,False,False,18.5,17.5
20964,21,27,False,0.925201952457428,,,,,,
20966,20,23,False,0.5558353066444397,,,,,,
20968,65,23,False,0.769446611404419,,,,,,
20969,48,22,False,0.7223722338676453,,,,,,
20972,95,26,False,0.5849608182907104,,,,,,
20973,20,17,False,0.7997608184814453,,,,,,
20976,46,31,False,0.7379037737846375,,,,,,
20978,35,26,False,0.7642490267753601,,,,,,
20980,47,34,False,0.6285561919212341,,,,,,
20983,57,33,False,0.7410807609558105,,,,,,
20986,58,26,False,0.717870831489563,,,,,,
20988,29,22,False,0.8631933331489563,,,,,,
20991,39,24,False,0.5158404111862183,,,,,,
20993,30,30,False,0.6849586367607117,,,,,,
20994,30,29,False,0.8504635095596313,,,,,,
20996,53,32,False,0.8728318810462952,,,,,,
20997,57,12,False,0.7534107565879822,,,,,,
21000,37,28,False,0.6788090467453003,,,,,,
21002,43,30,False,0.6496281623840332,,,,,,
21004,63,31,False,0.850121259689331,,,,,,
21005,67,19,False,0.5535507202148438,,,,,,
21009,54,27,False,0.9419995546340942,,,,,,
21010,32,31,True,0.9569023847579956,30.0,38.0,True,True,1.5,2.5
21012,55,25,False,0.7663108110427856,,,,,,
21013,49,27,False,0.686881959438324,,,,,,
21014,88,25,False,0.8447181582450867,,,,,,
21016,50,23,False,0.5718057155609131,,,,,,
21020,57,31,False,0.9708042740821838,,,,,,
21028,21,20,False,0.9143199920654297,,,,,,
21029,50,29,False,0.7189746499061584,,,,,,
21032,46,30,False,0.507826566696167,,,,,,
21033,42,33,False,0.8346803784370422,,,,,,
21036,65,16,False,0.5640175938606262,,,,,,
21037,34,27,False,0.8007336854934692,,,,,,
21044,43,10,False,0.5586435794830322,,,,,,
21052,49,0,False,0.8286886215209961,,,,,,
21053,49,20,False,0.8451803922653198,,,,,,
21056,36,25,False,0.984320878982544,,,,,,
21058,21,24,False,0.8549399375915527,,,,,,
21066,39,27,False,0.9447669982910156,,,,,,
21067,33,21,False,0.9951604008674622,,,,,,
21071,52,27,False,0.5651435256004333,,,,,,
21075,61,42,False,0.8105990290641785,,,,,,
21076,52,21,False,0.6855335235595703,,,,,,
21081,53,20,False,0.8647984266281128,,,,,,
21083,44,30,False,0.5530709028244019,,,,,,
21089,24,28,False,0.6418912410736084,,,,,,
21090,48,32,False,0.5529333353042603,,,,,,
21094,50,24,False,0.985675036907196,,,,,,
21097,41,37,False,0.9070282578468323,,,,,,
21100,45,23,False,0.9466679096221924,,,,,,
21101,61,28,False,0.6770004034042358,,,,,,
21102,54,27,False,0.844502329826355,,,,,,
21104,85,92,False,0.636745035648346,,,,,,
21106,24,21,False,0.7882617115974426,,,,,,
21107,50,29,False,0.6333503723144531,,,,,,
21114,46,29,False,0.847169816493988,,,,,,
21116,40,20,False,0.6964723467826843,,,,,,
21117,38,24,False,0.6223410367965698,,,,,,
21121,36,29,True,0.9814406633377075,36.0,44.0,True,True,3.5,10.5
21122,43,30,False,0.9035834074020386,,,,,,
21125,42,21,False,0.5875160098075867,,,,,,
21134,46,31,False,0.6932008266448975,,,,,,
21135,33,30,False,0.9283416867256165,,,,,,
21138,47,29,True,0.8854393362998962,46.0,54.0,True,False,2.5,20.5
21139,29,26,False,0.6253253221511841,,,,,,
21142,36,29,False,0.6931671500205994,,,,,,
21156,35,25,False,0.9161473512649536,,,,,,
21158,24,25,False,0.9572892785072327,,,,,,
21159,24,20,False,0.9639467597007751,,,,,,
21160,42,27,False,0.5828733444213867,,,,,,
21161,23,21,False,0.9557809233665466,,,,,,
21165,63,26,False,0.7313048839569092,,,,,,
21167,28,23,False,0.9727939963340759,,,,,,
21170,51,11,False,0.708818256855011,,,,,,
21173,52,32,False,0.6234102249145508,,,,,,
21174,31,25,False,0.9351158142089844,,,,,,
21177,16,30,False,0.7650086879730225,,,,,,
21183,61,36,False,0.547825038433075,,,,,,
21185,44,30,False,0.8507415652275085,,,,,,
21186,46,13,False,0.8418688178062439,,,,,,
21188,92,38,False,0.5197239518165588,,,,,,
21190,45,31,False,0.8297929763793945,,,,,,
21192,49,48,True,0.9418289065361023,48.0,56.0,True,True,2.5,3.5
21194,51,24,False,0.6708619594573975,,,,,,
21195,18,28,False,0.650037407875061,,,,,,
21197,21,27,False,0.8939418196678162,,,,,,
21198,21,18,False,0.9316930174827576,,,,,,
21204,43,26,False,0.600064754486084,,,,,,
21206,44,29,False,0.7465164065361023,,,,,,
21207,21,23,True,0.9237657785415649,20.0,28.0,True,True,2.5,0.5
21209,22,33,False,0.9585639834403992,,,,,,
21210,47,26,False,0.7559223771095276,,,,,,
21214,47,27,False,0.9138233065605164,,,,,,
21216,48,22,False,0.9872683882713318,,,,,,
21217,36,25,False,0.9730414748191833,,,,,,
21218,73,31,False,0.8479500412940979,,,,,,
21220,45,19,False,0.7070209383964539,,,,,,
21221,28,25,False,0.9729869365692139,,,,,,
21226,39,29,False,0.5338866710662842,,,,,,
21227,55,3,False,0.7145581245422363,,,,,,
21228,100,25,False,0.5627304315567017,,,,,,
21230,58,17,False,0.9082040190696716,,,,,,
21237,37,33,False,0.566694438457489,,,,,,
21240,56,25,False,0.585525393486023,,,,,,
21241,52,32,True,0.9338445663452148,51.0,59.0,True,False,2.5,22.5
21242,40,43,False,0.5759899616241455,,,,,,
21243,55,5,False,0.7625182867050171,,,,,,
21244,40,32,False,0.7585447430610657,,,,,,
21245,48,16,False,0.968011200428009,,,,,,
21249,27,29,False,0.81352698802948,,,,,,
21250,42,25,False,0.9451971650123596,,,,,,
21254,39,41,True,0.9137810468673706,38.0,46.0,True,True,2.5,0.5
21255,44,18,False,0.7604741454124451,,,,,,
21256,40,11,False,0.7617251873016357,,,,,,
21257,49,24,False,0.8860614895820618,,,,,,
21258,49,28,False,0.7977334260940552,,,,,,
21263,62,34,False,0.7374541163444519,,,,,,
21269,45,26,False,0.9323124289512634,,,,,,
21271,48,32,False,0.8451850414276123,,,,,,
21274,14,36,False,0.6411400437355042,,,,,,
21276,31,26,False,0.8681651949882507,,,,,,
21279,24,25,False,0.9323063492774963,,,,,,
21284,31,29,False,0.8729250431060791,,,,,,
21289,38,29,False,0.7877063751220703,,,,,,
21290,46,28,True,0.6630227565765381,45.0,53.0,True,False,2.5,20.5
21291,39,31,False,0.7956411242485046,,,,,,
21292,55,41,False,0.6477378010749817,,,,,,
21293,50,19,False,0.7379084229469299,,,,,,
21294,56,18,False,0.6449795961380005,,,,,,
21295,54,36,False,0.7872361540794373,,,,,,
21296,45,5,False,0.5851671695709229,,,,,,
21297,55,12,True,0.9107093214988708,75.0,83.0,False,False,23.5,66.5
21300,84,31,False,0.6114578247070312,,,,,,
21303,29,28,False,0.8611460328102112,,,,,,
21306,49,30,False,0.7645211815834045,,,,,,
21310,58,2,False,0.7227887511253357,,,,,,
21312,40,27,False,0.7928425669670105,,,,,,
21315,18,32,True,0.8717470169067383,17.0,25.0,True,False,2.5,11.5
21317,46,32,False,0.8944227695465088,,,,,,
21318,48,29,False,0.815113365650177,,,,,,
21328,53,24,False,0.816227376461029,,,,,,
21331,42,31,False,0.5003947615623474,,,,,,
21337,70,26,False,0.8002566695213318,,,,,,
21338,44,27,False,0.7879514694213867,,,,,,
21344,76,25,False,0.7285629510879517,,,,,,
21345,42,32,False,0.5401937365531921,,,,,,
21346,41,25,False,0.6500155329704285,,,,,,
21347,45,26,False,0.8899135589599609,,,,,,
21348,22,16,False,0.8711006045341492,,,,,,
21350,21,25,True,0.8807264566421509,21.0,29.0,True,True,3.5,0.5
21352,55,27,False,0.9557361602783203,,,,,,
21356,36,31,False,0.7144744396209717,,,,,,
21357,21,22,True,0.8757132887840271,19.0,27.0,True,True,1.5,0.5
21361,29,26,False,0.828560471534729,,,,,,
21362,89,26,False,0.6416943073272705,,,,,,
21364,91,27,False,0.7223511934280396,,,,,,
21366,51,30,True,0.9611433148384094,50.0,58.0,True,False,2.5,23.5
21367,40,28,False,0.88779217004776,,,,,,
21369,39,29,False,0.7699054479598999,,,,,,
21372,40,1,False,0.858517587184906,,,,,,
21375,33,26,False,0.6714195609092712,,,,,,
21376,13,29,False,0.7576566934585571,,,,,,
21377,43,23,False,0.8468050956726074,,,,,,
21378,43,30,True,0.9644443988800049,42.0,50.0,True,False,2.5,15.5
21386,49,28,False,0.9546608924865723,,,,,,
21394,45,28,False,0.9242963790893555,,,,,,
21395,39,35,True,0.925123393535614,37.0,45.0,True,True,1.5,5.5
21397,81,25,False,0.7870311737060547,,,,,,
21407,46,22,False,0.7606566548347473,,,,,,
21412,37,24,False,0.9940847754478455,,,,,,
21416,23,22,False,0.9651921987533569,,,,,,
21417,43,18,False,0.6732104420661926,,,,,,
21420,27,23,True,0.9625956416130066,25.0,33.0,True,True,1.5,5.5
21424,44,21,False,0.907590925693512,,,,,,
21425,37,27,False,0.9533417224884033,,,,,,
21427,49,24,False,0.8810006380081177,,,,,,
21434,39,8,False,0.8902790546417236,,,,,,
21435,49,28,False,0.9164780378341675,,,,,,
21436,64,29,False,0.5981736779212952,,,,,,
21438,37,13,False,0.6653580665588379,,,,,,
21443,47,34,False,0.5292131900787354,,,,,,
21444,40,27,False,0.5277685523033142,,,,,,
21445,45,31,False,0.947744607925415,,,,,,
21447,83,26,False,0.9167675375938416,,,,,,
21449,26,25,False,0.9227445721626282,,,,,,
21453,40,26,False,0.9567370414733887,,,,,,
21458,57,29,False,0.6036065220832825,,,,,,
21460,57,32,False,0.5378313660621643,,,,,,
21461,40,27,False,0.6147180199623108,,,,,,
21465,47,21,False,0.7994167804718018,,,,,,
21466,40,27,False,0.6392860412597656,,,,,,
21468,39,22,False,0.6133404970169067,,,,,,
21469,47,32,False,0.7717101573944092,,,,,,
21470,50,0,False,0.6824817061424255,,,,,,
21472,24,21,False,0.8254568576812744,,,,,,
21473,47,34,False,0.7812961935997009,,,,,,
21476,45,27,False,0.9813848733901978,,,,,,
21481,15,23,False,0.9259739518165588,,,,,,
21483,39,24,False,0.9602065086364746,,,,,,
21486,38,24,False,0.9536390900611877,,,,,,
21487,37,29,False,0.5979149341583252,,,,,,
21490,24,21,False,0.973162829875946,,,,,,
21493,50,13,False,0.6953748464584351,,,,,,
21497,27,36,False,0.6894482970237732,,,,,,
21498,51,24,False,0.5809016227722168,,,,,,
21502,39,27,False,0.766198992729187,,,,,,
21503,28,24,False,0.9080694913864136,,,,,,
21506,47,2,False,0.8495057225227356,,,,,,
21508,37,31,False,0.6163083910942078,,,,,,
21511,38,36,False,0.6236955523490906,,,,,,
21512,19,18,False,0.8761124610900879,,,,,,
21513,77,20,False,0.839471697807312,,,,,,
21518,26,23,False,0.9635236859321594,,,,,,
21522,35,24,False,0.8793095946311951,,,,,,
21524,40,27,False,0.6472409963607788,,,,,,
21525,47,84,False,0.8048471808433533,,,,,,
21526,37,23,False,0.8962708711624146,,,,,,
21527,24,21,False,0.9446772933006287,,,,,,
21529,38,41,False,0.8816467523574829,,,,,,
21530,36,31,False,0.718425989151001,,,,,,
21531,89,25,True,0.6636350154876709,85.0,93.0,True,False,0.5,63.5
21532,33,29,True,0.9510795474052429,31.0,39.0,True,True,1.5,5.5
21533,14,17,False,0.9452442526817322,,,,,,
21534,48,28,False,0.5910734534263611,,,,,,
21535,47,23,False,0.7639026045799255,,,,,,
21537,71,29,False,0.9564592838287354,,,,,,
21539,19,28,True,0.9902350902557373,17.0,25.0,True,False,1.5,7.5
21541,50,30,False,0.6298718452453613,,,,,,
21543,27,24,False,0.8944403529167175,,,,,,
21544,39,34,False,0.6730779409408569,,,,,,
21548,15,17,False,0.9353563785552979,,,,,,
21549,52,31,False,0.6077572107315063,,,,,,
21558,37,32,False,0.9386442303657532,,,,,,
21559,27,25,False,0.8970370888710022,,,,,,
21561,48,26,False,0.8947515487670898,,,,,,
21562,40,33,False,0.8659923672676086,,,,,,
21563,37,26,False,0.8095305562019348,,,,,,
21564,78,15,False,0.5595092177391052,,,,,,
21566,64,27,False,0.6068333387374878,,,,,,
21569,99,15,False,0.5411487221717834,,,,,,
21570,41,14,False,0.8474226593971252,,,,,,
21571,25,14,False,0.967197597026825,,,,,,
21572,48,33,False,0.8628250956535339,,,,,,
21574,76,27,False,0.8261483311653137,,,,,,
21576,78,16,False,0.9501425623893738,,,,,,
21579,48,25,False,0.7511481642723083,,,,,,
21585,42,16,False,0.8637696504592896,,,,,,
21586,44,31,False,0.7873049974441528,,,,,,
21589,36,23,False,0.9631403088569641,,,,,,
21590,54,13,False,0.9159032702445984,,,,,,
21592,13,12,False,0.8362230062484741,,,,,,
21593,54,31,False,0.6975783109664917,,,,,,
21595,21,20,False,0.9680221676826477,,,,,,
21598,52,25,False,0.6158533692359924,,,,,,
21601,46,17,True,0.8997602462768555,61.0,69.0,False,False,18.5,47.5
21604,41,27,False,0.5757320523262024,,,,,,
21605,30,28,False,0.8454220294952393,,,,,,
21606,48,34,False,0.8638015985488892,,,,,,
21609,44,32,False,0.6352684497833252,,,,,,
21613,46,23,False,0.9850569367408752,,,,,,
21616,77,37,True,0.9674037098884583,57.0,65.0,False,False,16.5,23.5
21617,68,22,False,0.8752184510231018,,,,,,
21618,43,27,True,0.9162838459014893,87.0,95.0,False,False,47.5,63.5
21619,57,25,True,0.9967917799949646,31.0,39.0,False,False,22.5,9.5
21620,83,33,False,0.6178542375564575,,,,,,
21622,47,24,False,0.9712305068969727,,,,,,
21625,35,31,False,0.5989433526992798,,,,,,
21626,44,21,False,0.5245279669761658,,,,,,
21630,40,29,False,0.5350247621536255,,,,,,
21637,19,17,False,0.8823841214179993,,,,,,
21638,45,32,False,0.7677129507064819,,,,,,
21639,53,27,False,0.8389210104942322,,,,,,
21640,49,21,False,0.9873084425926208,,,,,,
21641,80,21,False,0.6729145646095276,,,,,,
21642,20,19,False,0.7827264666557312,,,,,,
21646,44,14,False,0.8249130249023438,,,,,,
21647,42,22,False,0.6364533305168152,,,,,,
21649,49,26,False,0.6924309134483337,,,,,,
21655,25,25,True,0.7585054636001587,23.0,31.0,True,True,1.5,1.5
21659,55,14,False,0.7499619722366333,,,,,,
21661,41,31,False,0.5831922292709351,,,,,,
21662,33,29,False,0.8425929546356201,,,,,,
21668,48,28,False,0.6108558773994446,,,,,,
21670,54,24,False,0.8083544969558716,,,,,,
21674,57,26,False,0.8284501433372498,,,,,,
21676,42,36,False,0.7669875025749207,,,,,,
21678,30,27,False,0.6574046015739441,,,,,,
21679,37,25,False,0.9871594905853271,,,,,,
21682,47,55,False,0.6033166646957397,,,,,,
21683,39,32,False,0.7723208665847778,,,,,,
21686,48,26,False,0.8193761110305786,,,,,,
21687,41,28,False,0.6822925209999084,,,,,,
21689,60,35,False,0.5536941885948181,,,,,,
21690,58,26,False,0.6471283435821533,,,,,,
21691,17,30,False,0.9335902333259583,,,,,,
21692,50,5,False,0.7216431498527527,,,,,,
21694,44,27,False,0.8357997536659241,,,,,,
21695,37,23,False,0.6322552561759949,,,,,,
21696,50,97,False,0.7485402822494507,,,,,,
21699,57,32,False,0.8453906178474426,,,,,,
21700,39,22,False,0.9227223992347717,,,,,,
21701,66,29,True,0.9532811045646667,64.0,72.0,True,False,1.5,38.5
21703,49,18,False,0.5753778219223022,,,,,,
21706,54,79,False,0.7148937582969666,,,,,,
21707,52,29,False,0.82964688539505,,,,,,
21716,40,6,False,0.588623583316803,,,,,,
21720,26,23,False,0.9694721698760986,,,,,,
21726,12,20,False,0.944826602935791,,,,,,
21727,70,16,False,0.5692580938339233,,,,,,
21736,41,33,False,0.6858536005020142,,,,,,
21738,41,26,False,0.9653262495994568,,,,,,
21739,40,28,False,0.7891337871551514,,,,,,
21740,38,25,False,0.6344733238220215,,,,,,
21741,41,33,False,0.5428619980812073,,,,,,
21743,61,29,False,0.6616503596305847,,,,,,
21749,49,33,False,0.628400981426239,,,,,,
21762,56,29,False,0.866086483001709,,,,,,
21765,55,3,False,0.5524331331253052,,,,,,
21766,44,26,False,0.9569054245948792,,,,,,
21770,57,22,False,0.7227827310562134,,,,,,
21773,47,29,False,0.6200469136238098,,,,,,
21776,49,32,False,0.5633004307746887,,,,,,
21778,48,25,False,0.6233438849449158,,,,,,
21780,48,27,False,0.8134903907775879,,,,,,
21781,38,26,False,0.7088648676872253,,,,,,
21786,24,21,False,0.8576425909996033,,,,,,
21788,46,32,False,0.6767809987068176,,,,,,
21794,52,31,False,0.5250974893569946,,,,,,
21797,42,26,False,0.6354084014892578,,,,,,
21798,21,28,False,0.5894656777381897,,,,,,
21799,42,30,False,0.8954700231552124,,,,,,
21800,43,27,False,0.7014028429985046,,,,,,
21801,43,27,False,0.8843607306480408,,,,,,
21802,19,30,False,0.8429732322692871,,,,,,
21806,59,24,False,0.5443249940872192,,,,,,
21807,42,20,True,0.9179867506027222,59.0,67.0,False,False,20.5,42.5
21808,48,21,False,0.7090824246406555,,,,,,
21810,77,40,False,0.5795791149139404,,,,,,
21813,40,100,False,0.9184786677360535,,,,,,
21823,22,25,False,0.9347494840621948,,,,,,
21825,37,29,False,0.8457181453704834,,,,,,
21829,60,80,False,0.5193102955818176,,,,,,
21833,39,32,False,0.7114973068237305,,,,,,
21838,26,27,False,0.5003796815872192,,,,,,
21839,45,28,False,0.7699460387229919,,,,,,
21841,37,22,False,0.9932501316070557,,,,,,
21843,33,23,False,0.9781700372695923,,,,,,
21845,35,25,False,0.9141314625740051,,,,,,
21846,45,27,False,0.813789427280426,,,,,,
21847,31,25,False,0.8305617570877075,,,,,,
21848,71,16,False,0.7107515931129456,,,,,,
21850,48,31,False,0.6053641438484192,,,,,,
21851,36,26,False,0.9736346006393433,,,,,,
21852,55,4,False,0.583084762096405,,,,,,
21854,39,30,False,0.850357711315155,,,,,,
21857,38,30,False,0.7057408094406128,,,,,,
21858,53,21,False,0.8190226554870605,,,,,,
21860,31,29,True,0.97939133644104,31.0,39.0,True,True,3.5,5.5
21863,47,17,False,0.8953410387039185,,,,,,
21864,58,56,False,0.5461270809173584,,,,,,
21866,59,20,False,0.6896821856498718,,,,,,
21870,40,28,True,0.8388768434524536,61.0,69.0,False,False,24.5,36.5
21871,39,22,False,0.7061320543289185,,,,,,
21874,67,27,False,0.5063887238502502,,,,,,
21877,51,100,False,0.882449746131897,,,,,,
21881,31,31,False,0.7529380917549133,,,,,,
21882,49,27,False,0.6159469485282898,,,,,,
21885,37,22,False,0.587975800037384,,,,,,
21886,45,18,False,0.8436461091041565,,,,,,
21889,48,24,False,0.767156183719635,,,,,,
21891,46,24,False,0.795998215675354,,,,,,
21892,60,74,False,0.822891354560852,,,,,,
21893,43,22,False,0.6020292639732361,,,,,,
21894,55,25,False,0.5321359634399414,,,,,,
21900,46,28,False,0.6788559556007385,,,,,,
21903,47,28,False,0.75703364610672,,,,,,
21911,22,21,False,0.6816127896308899,,,,,,
21912,48,25,False,0.524498701095581,,,,,,
21913,44,22,False,0.6864859461784363,,,,,,
21914,40,24,False,0.9932000041007996,,,,,,
21916,37,29,True,0.9296390414237976,36.0,44.0,True,False,2.5,10.5
21918,46,52,False,0.6605391502380371,,,,,,
21920,28,24,False,0.9775980710983276,,,,,,
21923,18,27,False,0.938227653503418,,,,,,
21925,30,27,False,0.9615749716758728,,,,,,
21926,45,20,False,0.6389390826225281,,,,,,
21931,19,30,False,0.9254438281059265,,,,,,
21932,28,26,False,0.977423906326294,,,,,,
21935,58,28,True,0.8744775652885437,57.0,65.0,True,False,2.5,32.5
21937,54,33,False,0.8720211386680603,,,,,,
21938,40,24,False,0.9751571416854858,,,,,,
21949,32,10,False,0.932515561580658,,,,,,
21950,61,21,False,0.5570318698883057,,,,,,
21959,54,30,False,0.9001039862632751,,,,,,
21962,44,29,False,0.9652677178382874,,,,,,
21965,44,7,False,0.6186293363571167,,,,,,
21967,40,29,False,0.9837047457695007,,,,,,
21972,27,24,False,0.8537246584892273,,,,,,
21973,63,25,False,0.6749066710472107,,,,,,
21978,56,14,False,0.8106065392494202,,,,,,
21980,19,27,False,0.6795403361320496,,,,,,
21982,80,15,False,0.5787880420684814,,,,,,
21987,52,11,False,0.7602120041847229,,,,,,
21991,66,26,False,0.8822148442268372,,,,,,
21992,13,9,False,0.8211804032325745,,,,,,
21995,59,25,False,0.9548233151435852,,,,,,
22003,54,28,False,0.5133015513420105,,,,,,
22005,49,13,False,0.5970301032066345,,,,,,
22007,41,36,False,0.8227910399436951,,,,,,
22008,63,24,False,0.9253495335578918,,,,,,
22009,51,25,False,0.9710637331008911,,,,,,
22011,44,19,False,0.9137955904006958,,,,,,
22014,24,29,False,0.7200766801834106,,,,,,
22016,50,25,False,0.8480616807937622,,,,,,
22022,17,27,True,0.9941543936729431,17.0,25.0,True,False,3.5,6.5
22024,24,20,False,0.7441622614860535,,,,,,
22028,54,17,False,0.8559213876724243,,,,,,
22029,58,37,False,0.6909909248352051,,,,,,
22030,41,25,False,0.5206869840621948,,,,,,
22032,27,26,True,0.9765517711639404,25.0,33.0,True,True,1.5,2.5
22033,15,13,False,0.8197219371795654,,,,,,
22035,49,19,False,0.7294185757637024,,,,,,
22036,44,94,False,0.7276069521903992,,,,,,
22037,55,28,False,0.6554645299911499,,,,,,
22039,49,27,False,0.5093322992324829,,,,,,
22040,58,32,False,0.8024621605873108,,,,,,
22041,62,93,False,0.8487940430641174,,,,,,
22045,49,29,True,0.9671307802200317,48.0,56.0,True,False,2.5,22.5
22046,71,23,True,0.8982790112495422,69.0,77.0,True,False,1.5,49.5
22048,39,22,False,0.9894652366638184,,,,,,
22052,49,26,False,0.5453118085861206,,,,,,
22053,30,24,False,0.9946054816246033,,,,,,
22054,56,24,False,0.8183841109275818,,,,,,
22057,55,99,False,0.7186241745948792,,,,,,
22062,47,25,False,0.662773847579956,,,,,,
22064,53,87,False,0.5457558035850525,,,,,,
22065,54,17,False,0.8177503943443298,,,,,,
22070,48,28,False,0.7159844040870667,,,,,,
22071,41,35,False,0.706089437007904,,,,,,
22072,37,29,False,0.8627964854240417,,,,,,
22073,59,35,False,0.6532655358314514,,,,,,
22075,98,27,False,0.9614880084991455,,,,,,
22080,56,82,True,0.8933526277542114,55.0,63.0,True,False,2.5,23.5
22082,49,30,False,0.6025347709655762,,,,,,
22085,40,19,False,0.9475172162055969,,,,,,
22088,16,29,False,0.8471154570579529,,,,,,
22091,33,28,False,0.5739839673042297,,,,,,
22093,20,24,False,0.8838965892791748,,,,,,
22094,56,28,False,0.9383364915847778,,,,,,
22095,45,21,False,0.8823935985565186,,,,,,
22097,54,18,False,0.7172801494598389,,,,,,
22100,45,34,False,0.6277397274971008,,,,,,
22102,67,28,False,0.8007522225379944,,,,,,
22103,50,31,False,0.5649600625038147,,,,,,
22106,49,21,False,0.9511653780937195,,,,,,
22110,48,23,False,0.8597383499145508,,,,,,
22112,46,33,False,0.9105463027954102,,,,,,
22117,23,25,False,0.8274295926094055,,,,,,
22119,84,100,False,0.9096887111663818,,,,,,
22120,44,40,False,0.88477623462677,,,,,,
22122,39,34,False,0.9434983730316162,,,,,,
22123,28,24,False,0.9341480135917664,,,,,,
22124,42,22,False,0.9917463064193726,,,,,,
22125,60,31,False,0.8586785793304443,,,,,,
22126,55,99,False,0.7579293847084045,,,,,,
22127,86,18,False,0.9432493448257446,,,,,,
22131,16,11,False,0.8772543668746948,,,,,,
22133,43,3,False,0.8139072060585022,,,,,,
22134,38,27,True,0.8874063491821289,37.0,45.0,True,False,2.5,13.5
22136,37,30,False,0.8695306181907654,,,,,,
22138,70,86,False,0.6875386834144592,,,,,,
22139,85,28,True,0.8443859815597534,70.0,78.0,False,False,11.5,45.5
22143,43,20,False,0.6875578761100769,,,,,,
22145,59,34,False,0.5488330721855164,,,,,,
22149,51,33,False,0.9434335231781006,,,,,,
22150,44,26,False,0.9058893918991089,,,,,,
22152,48,25,False,0.8656201362609863,,,,,,
22153,68,16,True,0.9607027769088745,66.0,74.0,True,False,1.5,53.5
22154,53,27,False,0.6723487377166748,,,,,,
22155,75,33,False,0.6755873560905457,,,,,,
22156,45,26,False,0.6922890543937683,,,,,,
22160,49,29,False,0.5862491726875305,,,,,,
22161,41,20,False,0.9604754447937012,,,,,,
22163,52,42,False,0.6406363844871521,,,,,,
22166,52,20,True,0.9651486873626709,51.0,59.0,True,False,2.5,34.5
22167,68,9,False,0.6476913690567017,,,,,,
22170,55,21,False,0.6362940669059753,,,,,,
22172,43,32,False,0.77215975522995,,,,,,
22177,44,29,False,0.6745108962059021,,,,,,
22180,37,25,False,0.9691294431686401,,,,,,
22182,56,33,False,0.6426387429237366,,,,,,
22184,41,42,False,0.6362459063529968,,,,,,
22185,61,33,False,0.8237122893333435,,,,,,
22186,42,40,False,0.9073413014411926,,,,,,
22190,38,25,False,0.8345696926116943,,,,,,
22194,37,29,False,0.8982290029525757,,,,,,
22195,40,29,False,0.7681355476379395,,,,,,
22202,25,22,False,0.979310154914856,,,,,,
22203,31,26,True,0.9585744738578796,25.0,33.0,True,True,2.5,2.5
22204,43,31,False,0.8366042971611023,,,,,,
22205,29,37,False,0.6543319225311279,,,,,,
22207,50,22,False,0.8766868710517883,,,,,,
22208,56,28,True,0.9488577842712402,55.0,63.0,True,False,2.5,30.5
22210,21,26,False,0.9303261041641235,,,,,,
22211,32,25,False,0.7941952347755432,,,,,,
22218,19,23,False,0.9751391410827637,,,,,,
22220,72,18,False,0.654348611831665,,,,,,
22221,49,12,False,0.8272895216941833,,,,,,
22222,51,25,False,0.5999377369880676,,,,,,
22224,49,27,False,0.7338157892227173,,,,,,
22228,44,27,False,0.6438107490539551,,,,,,
22229,57,29,False,0.7321421504020691,,,,,,
22236,41,51,False,0.7361136078834534,,,,,,
22240,43,19,True,0.9281914234161377,81.0,89.0,False,False,41.5,65.5
22245,29,25,False,0.7171764373779297,,,,,,
22246,58,34,False,0.5900138020515442,,,,,,
22247,26,20,False,0.9550447463989258,,,,,,
22248,19,15,False,0.9458283185958862,,,,,,
22249,49,24,False,0.7260010242462158,,,,,,
22250,64,19,False,0.8886818885803223,,,,,,
22252,33,25,False,0.9761940240859985,,,,,,
22254,29,26,False,0.9483470916748047,,,,,,
22255,38,28,False,0.7469514608383179,,,,,,
22257,74,30,False,0.786750078201294,,,,,,
22258,10,27,False,0.7158917784690857,,,,,,
22260,46,37,False,0.6850647330284119,,,,,,
22263,45,28,False,0.8102284073829651,,,,,,
22264,46,26,False,0.8259843587875366,,,,,,
22273,44,19,False,0.8988409042358398,,,,,,
22274,48,24,False,0.9796367287635803,,,,,,
22278,38,32,False,0.8576878309249878,,,,,,
22283,45,47,False,0.6381544470787048,,,,,,
22285,37,28,False,0.883959174156189,,,,,,
22287,34,24,False,0.870217502117157,,,,,,
22289,43,23,False,0.5982615351676941,,,,,,
22294,34,27,False,0.6002042889595032,,,,,,
22296,63,20,False,0.7358251214027405,,,,,,
22298,28,24,False,0.9145470857620239,,,,,,
22299,50,24,False,0.5216338634490967,,,,,,
22301,39,27,False,0.9107224345207214,,,,,,
22308,46,22,False,0.541423499584198,,,,,,
22311,57,24,False,0.617851972579956,,,,,,
22312,41,37,True,0.9715873003005981,39.0,47.0,True,True,1.5,5.5
22313,44,28,False,0.5894571542739868,,,,,,
22315,26,23,False,0.9478071331977844,,,,,,
22316,46,16,False,0.9442886710166931,,,,,,
22320,34,30,False,0.9246656894683838,,,,,,
22321,28,15,False,0.9198374152183533,,,,,,
22323,18,28,False,0.8545981645584106,,,,,,
22327,44,14,False,0.6511645913124084,,,,,,
22329,28,29,True,0.944543182849884,26.0,34.0,True,True,1.5,0.5
22330,41,23,False,0.5459155440330505,,,,,,
22332,47,24,False,0.8663824796676636,,,,,,
22333,39,25,False,0.9044457674026489,,,,,,
22337,43,25,False,0.9115180969238281,,,,,,
22338,23,24,False,0.77327561378479,,,,,,
22342,49,32,False,0.6070701479911804,,,,,,
22345,25,24,False,0.7802571058273315,,,,,,
22347,47,35,False,0.6356518268585205,,,,,,
22348,44,28,False,0.7965000867843628,,,,,,
22349,62,28,True,0.8830794095993042,48.0,56.0,False,False,10.5,23.5
22356,73,25,False,0.51706463098526,,,,,,
22358,32,29,True,0.9291364550590515,31.0,39.0,True,True,2.5,5.5
22361,54,16,False,0.8662531971931458,,,,,,
22362,21,20,False,0.9625731110572815,,,,,,
22363,33,28,False,0.8259657621383667,,,,,,
22366,39,29,False,0.680023193359375,,,,,,
22367,46,0,False,0.9022769927978516,,,,,,
22368,54,25,False,0.7116740345954895,,,,,,
22373,38,17,False,0.9742841720581055,,,,,,
22374,50,45,False,0.5545192360877991,,,,,,
22375,59,14,False,0.708080530166626,,,,,,
22378,49,22,False,0.950481116771698,,,,,,
22379,49,33,False,0.5102554559707642,,,,,,
22380,41,26,False,0.5765101313591003,,,,,,
22381,24,19,False,0.9899717569351196,,,,,,
22385,47,34,False,0.5082272887229919,,,,,,
22386,19,19,False,0.9564718008041382,,,,,,
22389,48,18,False,0.8720771074295044,,,,,,
22391,43,24,False,0.9109457731246948,,,,,,
22392,43,27,False,0.5529391169548035,,,,,,
22394,67,19,False,0.7301661372184753,,,,,,
22399,55,18,False,0.5450718402862549,,,,,,
22404,26,27,False,0.9613093137741089,,,,,,
22406,50,12,False,0.6908693909645081,,,,,,
22407,46,29,False,0.6293421983718872,,,,,,
22410,10,30,True,0.8703814744949341,9.0,17.0,True,False,2.5,17.5
22413,30,35,False,0.6423026323318481,,,,,,
22415,25,25,False,0.8396332859992981,,,,,,
22422,91,31,False,0.5542459487915039,,,,,,
22426,37,22,False,0.9936595559120178,,,,,,
22427,40,32,False,0.5844111442565918,,,,,,
22431,45,31,False,0.8442618250846863,,,,,,
22437,37,31,False,0.5707144141197205,,,,,,
22440,42,22,False,0.905609667301178,,,,,,
22443,47,31,True,0.9376845955848694,46.0,54.0,True,False,2.5,18.5
22446,37,32,False,0.8176071643829346,,,,,,
22447,34,27,False,0.9769501686096191,,,,,,
22451,67,31,False,0.6975786685943604,,,,,,
22452,27,25,False,0.8448500037193298,,,,,,
22455,64,0,False,0.5522163510322571,,,,,,
22461,49,31,False,0.7724123597145081,,,,,,
22462,42,23,False,0.6853994131088257,,,,,,
22463,58,30,False,0.9023666381835938,,,,,,
22465,68,25,False,0.84097820520401,,,,,,
22467,41,22,False,0.5872909426689148,,,,,,
22469,89,94,False,0.7996352314949036,,,,,,
22471,19,17,False,0.6510804295539856,,,,,,
22472,59,89,False,0.841620922088623,,,,,,
22476,47,28,False,0.7648308277130127,,,,,,
22477,40,29,True,0.642463743686676,63.0,71.0,False,False,26.5,37.5
22480,63,29,False,0.9272767305374146,,,,,,
22481,39,29,True,0.8623923659324646,55.0,63.0,False,False,19.5,29.5
22482,48,29,True,0.8437185287475586,8.0,16.0,False,False,36.5,17.5
22483,31,14,False,0.923391580581665,,,,,,
22484,54,33,False,0.637687087059021,,,,,,
22486,37,34,False,0.6333510279655457,,,,,,
22488,83,30,False,0.5234442353248596,,,,,,
22493,48,27,False,0.6253864169120789,,,,,,
22497,46,26,False,0.638017475605011,,,,,,
22500,41,30,False,0.9048900008201599,,,,,,
22501,61,1,False,0.7478132247924805,,,,,,
22503,45,26,False,0.5360783338546753,,,,,,
22505,44,17,False,0.6249328255653381,,,,,,
22507,53,36,False,0.6411274671554565,,,,,,
22510,50,31,False,0.8169879913330078,,,,,,
22511,38,26,False,0.6745966672897339,,,,,,
22513,60,43,False,0.5685719847679138,,,,,,
22514,45,25,False,0.9275816679000854,,,,,,
22519,46,42,True,0.948701798915863,45.0,53.0,True,False,2.5,6.5
22524,28,31,False,0.8233004808425903,,,,,,
22529,55,32,False,0.5619072318077087,,,,,,
22537,31,23,False,0.8128145933151245,,,,,,
22541,25,28,False,0.8289419412612915,,,,,,
22545,66,26,True,0.8862462639808655,18.0,26.0,False,True,44.5,4.5
22546,51,24,False,0.662165641784668,,,,,,
22547,52,30,False,0.5503617525100708,,,,,,
22550,43,40,False,0.7676465511322021,,,,,,
22551,47,26,False,0.5394847393035889,,,,,,
22552,43,28,False,0.5759304761886597,,,,,,
22557,41,30,False,0.7244524359703064,,,,,,
22558,41,30,False,0.8641895651817322,,,,,,
22559,61,27,False,0.5179284811019897,,,,,,
22563,46,19,False,0.6405466794967651,,,,,,
22564,53,24,False,0.7721577882766724,,,,,,
22566,43,25,False,0.7738645076751709,,,,,,
22575,69,23,False,0.9588595032691956,,,,,,
22576,44,24,False,0.922916829586029,,,,,,
22578,30,27,False,0.9079702496528625,,,,,,
22579,64,19,False,0.6347420811653137,,,,,,
22580,41,31,False,0.8310785889625549,,,,,,
22583,47,24,False,0.8843286633491516,,,,,,
22584,50,42,False,0.7022676467895508,,,,,,
22585,47,22,False,0.5516231656074524,,,,,,
22587,41,37,False,0.7236581444740295,,,,,,
22590,33,30,True,0.9730207920074463,32.0,40.0,True,True,2.5,5.5
22591,86,28,False,0.5684595108032227,,,,,,
22592,49,26,False,0.6243146657943726,,,,,,
22597,46,26,False,0.8317365646362305,,,,,,
22600,48,91,True,0.6303408145904541,47.0,55.0,True,False,2.5,40.5
22601,44,21,False,0.8632355332374573,,,,,,
22608,71,14,True,0.8609793782234192,43.0,51.0,False,False,24.5,32.5
22609,37,22,False,0.961530327796936,,,,,,
22611,68,28,False,0.8063218593597412,,,,,,
22613,54,25,False,0.7691996693611145,,,,,,
22616,47,29,False,0.6493855714797974,,,,,,
22619,25,26,False,0.9052242636680603,,,,,,
22623,48,27,False,0.9463316202163696,,,,,,
22624,47,30,False,0.6223485469818115,,,,,,
22627,49,31,False,0.7920905351638794,,,,,,
22631,45,31,False,0.6403647661209106,,,,,,
22633,45,28,False,0.6971986889839172,,,,,,
22635,50,17,False,0.6486104130744934,,,,,,
22636,47,26,False,0.8727875351905823,,,,,,
22640,41,24,False,0.7083598375320435,,,,,,
22647,32,33,False,0.8701855540275574,,,,,,
22653,38,23,False,0.9656054973602295,,,,,,
22654,52,26,False,0.5522053241729736,,,,,,
22655,55,26,False,0.6599085330963135,,,,,,
22658,22,31,False,0.8310932517051697,,,,,,
22659,51,26,False,0.6069760322570801,,,,,,
22661,49,30,False,0.6892356276512146,,,,,,
22664,45,20,False,0.8798589706420898,,,,,,
22669,64,15,False,0.7006754279136658,,,,,,
22671,96,24,False,0.7293368577957153,,,,,,
22672,77,88,False,0.6570066213607788,,,,,,
22673,36,25,False,0.9585397839546204,,,,,,
22674,28,26,False,0.9005051255226135,,,,,,
22676,61,30,False,0.8141797780990601,,,,,,
22677,51,17,False,0.763644278049469,,,,,,
22678,68,32,False,0.7648708820343018,,,,,,
22679,48,0,False,0.9049907326698303,,,,,,
22685,39,30,False,0.5685757994651794,,,,,,
22686,40,23,False,0.9778023958206177,,,,,,
22689,45,23,False,0.9138086438179016,,,,,,
22691,48,28,False,0.6623530983924866,,,,,,
22693,54,0,False,0.8912448883056641,,,,,,
22694,86,30,False,0.6104217767715454,,,,,,
22696,76,33,False,0.6999088525772095,,,,,,
22697,51,43,False,0.5179505348205566,,,,,,
22699,53,28,False,0.871886670589447,,,,,,
22704,33,43,False,0.7164098620414734,,,,,,
22705,42,36,False,0.5249815583229065,,,,,,
22707,19,19,False,0.9224614500999451,,,,,,
22709,49,44,True,0.6657066345214844,45.0,53.0,True,True,0.5,4.5
22713,31,46,False,0.6066659092903137,,,,,,
22715,59,17,False,0.8729865550994873,,,,,,
22716,42,19,False,0.6493273973464966,,,,,,
22719,52,22,False,0.964553952217102,,,,,,
22720,25,27,False,0.8769674897193909,,,,,,
22721,51,24,False,0.9140927195549011,,,,,,
22725,92,6,False,0.6040845513343811,,,,,,
22727,41,29,True,0.9152786135673523,40.0,48.0,True,False,2.5,14.5
22730,49,28,False,0.6351454257965088,,,,,,
22731,57,25,False,0.7732556462287903,,,,,,
22733,24,21,False,0.6872826814651489,,,,,,
22735,37,31,False,0.9431195259094238,,,,,,
22737,47,38,True,0.9285674691200256,44.0,52.0,True,False,0.5,9.5
22745,60,13,False,0.9383866786956787,,,,,,
22747,99,31,False,0.7889388799667358,,,,,,
22751,88,30,False,0.630039632320404,,,,,,
22757,20,16,False,0.9190691709518433,,,,,,
22759,46,22,False,0.6812533736228943,,,,,,
22761,50,31,False,0.8454136848449707,,,,,,
22762,61,26,False,0.7867211699485779,,,,,,
22763,40,26,False,0.75975102186203,,,,,,
22767,48,27,False,0.9231613278388977,,,,,,
22768,54,27,False,0.5742384791374207,,,,,,
22769,41,31,False,0.8960320353507996,,,,,,
22771,32,29,True,0.9015371799468994,29.0,37.0,True,True,0.5,3.5
22773,50,26,False,0.6770841479301453,,,,,,
22778,38,17,False,0.8165708780288696,,,,,,
22779,57,25,False,0.6627861857414246,,,,,,
22780,40,23,False,0.9969557523727417,,,,,,
22781,31,27,False,0.8649898171424866,,,,,,
22782,37,27,False,0.8743139505386353,,,,,,
22785,44,25,False,0.7645288705825806,,,,,,
22786,34,26,False,0.8885114192962646,,,,,,
22787,44,31,False,0.8002403378486633,,,,,,
22788,39,31,False,0.8591490983963013,,,,,,
22791,28,28,False,0.7767443060874939,,,,,,
22794,54,18,False,0.7988336682319641,,,,,,
22795,28,24,False,0.9064232110977173,,,,,,
22796,48,42,False,0.7926097512245178,,,,,,
22798,42,26,False,0.934311032295227,,,,,,
22799,30,27,False,0.8406089544296265,,,,,,
22801,51,48,True,0.9277742505073547,50.0,58.0,True,True,2.5,5.5
22807,47,16,False,0.9474443793296814,,,,,,
22809,53,28,False,0.5214572548866272,,,,,,
22813,50,23,False,0.8581029176712036,,,,,,
22815,76,25,False,0.946880042552948,,,,,,
22816,20,16,False,0.9670079350471497,,,,,,
22818,32,29,False,0.7602434158325195,,,,,,
22822,47,44,True,0.8702298998832703,45.0,53.0,True,True,1.5,4.5
22826,48,24,False,0.9013330936431885,,,,,,
22830,32,30,False,0.6121218800544739,,,,,,
22833,38,49,False,0.6311793923377991,,,,,,
22835,38,31,False,0.6868559718132019,,,,,,
22836,51,31,False,0.5584008693695068,,,,,,
22839,49,18,False,0.6919785737991333,,,,,,
22840,55,19,False,0.8974329233169556,,,,,,
22841,22,34,False,0.6332643628120422,,,,,,
22845,44,27,False,0.5638006329536438,,,,,,
22846,53,27,False,0.6354018449783325,,,,,,
22848,48,37,False,0.7838637232780457,,,,,,
22850,49,32,False,0.5710599422454834,,,,,,
22852,78,14,True,0.9478329420089722,69.0,77.0,True,False,5.5,58.5
22853,51,30,False,0.8834609389305115,,,,,,
22854,31,41,False,0.6037951111793518,,,,,,
22857,68,26,False,0.7635882496833801,,,,,,
22859,94,26,False,0.6457332372665405,,,,,,
22860,48,28,False,0.6408049464225769,,,,,,
22861,42,24,False,0.8772851824760437,,,,,,
22864,45,22,False,0.7929611802101135,,,,,,
22866,49,30,False,0.673645555973053,,,,,,
22872,34,27,False,0.9300286173820496,,,,,,
22874,34,30,True,0.9879898428916931,32.0,40.0,True,True,1.5,5.5
22877,48,13,False,0.6951621770858765,,,,,,
22879,25,22,False,0.6734926104545593,,,,,,
22886,53,15,False,0.806069552898407,,,,,,
22888,49,30,True,0.9159573912620544,48.0,56.0,True,False,2.5,21.5
22892,45,27,False,0.559786319732666,,,,,,
22897,31,27,True,0.955547034740448,29.0,37.0,True,True,1.5,5.5
22898,40,33,False,0.8976017236709595,,,,,,
22899,59,22,False,0.8028131127357483,,,,,,
22900,40,23,False,0.945111870765686,,,,,,
22901,39,24,False,0.8968281149864197,,,,,,
22902,46,9,False,0.5687520503997803,,,,,,
22903,35,29,False,0.9100801348686218,,,,,,
22904,27,35,False,0.6948105692863464,,,,,,
22913,45,27,False,0.7991386651992798,,,,,,
22915,61,29,False,0.9736685156822205,,,,,,
22918,51,26,False,0.7472795844078064,,,,,,
22921,97,17,False,0.8408387899398804,,,,,,
22925,15,25,False,0.8573668003082275,,,,,,
22926,98,34,False,0.9003176689147949,,,,,,
22933,39,30,False,0.7957680225372314,,,,,,
22935,60,18,False,0.7634321451187134,,,,,,
22940,35,29,False,0.5731087923049927,,,,,,
22947,33,23,True,0.9297235012054443,55.0,63.0,False,False,25.5,35.5
22953,45,26,False,0.9146274328231812,,,,,,
22957,39,25,False,0.6488808989524841,,,,,,
22962,54,33,False,0.576120138168335,,,,,,
22965,46,13,False,0.5323563814163208,,,,,,
22967,49,25,False,0.9322932958602905,,,,,,
22972,38,26,False,0.9895400404930115,,,,,,
22974,64,20,False,0.9469610452651978,,,,,,
22981,46,30,False,0.5933288335800171,,,,,,
22983,25,29,False,0.9317716956138611,,,,,,
22989,41,28,False,0.8925261497497559,,,,,,
22990,33,23,False,0.9898091554641724,,,,,,
22991,29,26,False,0.7999672889709473,,,,,,
22992,49,30,False,0.6986063122749329,,,,,,
22994,52,23,False,0.7135024070739746,,,,,,
22998,26,23,False,0.8134775161743164,,,,,,
23000,47,22,False,0.9733962416648865,,,,,,
23001,81,31,False,0.795082151889801,,,,,,
23002,62,28,False,0.8787004351615906,,,,,,
23004,49,13,False,0.663341760635376,,,,,,
23008,19,15,False,0.9782199859619141,,,,,,
23010,67,32,False,0.8660140037536621,,,,,,
23012,36,25,False,0.9441307187080383,,,,,,
23013,38,25,False,0.7222479581832886,,,,,,
23015,63,22,False,0.5707728266716003,,,,,,
23019,46,25,False,0.798701822757721,,,,,,
23022,29,24,False,0.5366278290748596,,,,,,
23028,33,33,False,0.7392855286598206,,,,,,
23033,56,19,False,0.9154583215713501,,,,,,
23035,30,30,False,0.9416862726211548,,,,,,
23040,44,12,False,0.6521865725517273,,,,,,
23041,50,15,False,0.7269119024276733,,,,,,
23042,39,18,False,0.9136343002319336,,,,,,
23044,53,28,False,0.5548859238624573,,,,,,
23048,48,20,False,0.779000461101532,,,,,,
23050,54,11,False,0.8902648687362671,,,,,,
23055,44,28,False,0.5446123480796814,,,,,,
23057,41,36,False,0.7034938335418701,,,,,,
23061,27,25,False,0.6361646056175232,,,,,,
23062,24,36,True,0.9249222278594971,22.0,30.0,True,False,1.5,10.5
23066,32,25,True,0.8640668988227844,47.0,55.0,False,False,18.5,25.5
23068,54,34,True,0.9494264721870422,53.0,61.0,True,False,2.5,22.5
23069,37,24,False,0.8572349548339844,,,,,,
23073,32,29,False,0.7490201592445374,,,,,,
23076,41,22,False,0.713544487953186,,,,,,
23077,89,32,False,0.5474041104316711,,,,,,
23079,28,28,False,0.8316522240638733,,,,,,
23083,48,27,False,0.585402250289917,,,,,,
23084,35,27,False,0.8799647688865662,,,,,,
23091,39,27,False,0.847537100315094,,,,,,
23093,44,31,False,0.6824695467948914,,,,,,
23097,47,33,False,0.5176358819007874,,,,,,
23098,17,9,False,0.9734189510345459,,,,,,
23104,52,30,False,0.8299330472946167,,,,,,
23106,48,21,False,0.5719580054283142,,,,,,
23109,24,21,False,0.9411395192146301,,,,,,
23110,40,19,False,0.503763735294342,,,,,,
23111,21,16,False,0.9688868522644043,,,,,,
23113,43,24,False,0.7941820025444031,,,,,,
23114,69,28,False,0.8977066278457642,,,,,,
23119,48,30,False,0.8403403162956238,,,,,,
23120,50,14,False,0.7086140513420105,,,,,,
23121,42,29,False,0.8147245049476624,,,,,,
23130,52,26,False,0.9437803030014038,,,,,,
23135,39,30,False,0.9523956179618835,,,,,,
23136,47,34,False,0.6367946267127991,,,,,,
23137,40,28,False,0.7683833241462708,,,,,,
23139,65,25,False,0.8896164298057556,,,,,,
23140,20,22,True,0.9708290696144104,58.0,66.0,False,False,41.5,39.5
23144,80,29,False,0.6762377023696899,,,,,,
23146,65,22,False,0.7488096356391907,,,,,,
23147,49,27,False,0.7307590246200562,,,,,,
23148,42,8,False,0.8001983165740967,,,,,,
23151,33,28,False,0.8859604001045227,,,,,,
23152,76,30,False,0.7736636996269226,,,,,,
23156,40,34,False,0.5749760866165161,,,,,,
23162,20,17,False,0.5667409300804138,,,,,,
23164,76,25,False,0.7315655946731567,,,,,,
23169,85,18,False,0.8893435597419739,,,,,,
23174,20,21,False,0.9053771495819092,,,,,,
23175,73,27,False,0.6619085073471069,,,,,,
23177,26,23,False,0.8931238055229187,,,,,,
23179,49,16,False,0.875552773475647,,,,,,
23180,61,27,False,0.9436945915222168,,,,,,
23186,39,31,False,0.7783026099205017,,,,,,
23190,13,30,True,0.9512386322021484,11.0,19.0,True,False,1.5,15.5
23194,70,31,False,0.7084183096885681,,,,,,
23197,45,33,False,0.8569869995117188,,,,,,
23199,45,38,True,0.7897301316261292,44.0,52.0,True,False,2.5,9.5
23203,41,25,False,0.5845834016799927,,,,,,
23205,57,23,False,0.5572645664215088,,,,,,
23206,42,30,False,0.8355581164360046,,,,,,
23210,85,29,False,0.8884305953979492,,,,,,
23211,40,30,False,0.8070962429046631,,,,,,
23212,37,16,False,0.8069408535957336,,,,,,
23215,51,20,False,0.6902266144752502,,,,,,
23217,39,22,False,0.9825695753097534,,,,,,
23221,36,23,False,0.9811885952949524,,,,,,
23224,19,16,False,0.8039503693580627,,,,,,
23229,36,33,False,0.8090718388557434,,,,,,
23230,51,29,False,0.6965943574905396,,,,,,
23231,61,25,False,0.9410558938980103,,,,,,
23234,46,24,False,0.7868870496749878,,,,,,
23236,37,26,False,0.919161319732666,,,,,,
23238,23,21,False,0.9565544128417969,,,,,,
23245,47,28,False,0.7795092463493347,,,,,,
23246,22,29,False,0.9407923817634583,,,,,,
23249,49,46,True,0.8106704354286194,48.0,56.0,True,True,2.5,5.5
23250,51,29,False,0.663257360458374,,,,,,
23255,21,27,False,0.8718974590301514,,,,,,
23256,71,29,False,0.7066143751144409,,,,,,
23258,61,3,False,0.6232616305351257,,,,,,
23259,40,20,False,0.7947497367858887,,,,,,
23264,82,27,True,0.9189732074737549,58.0,66.0,False,False,20.5,34.5
23265,55,97,False,0.8460667729377747,,,,,,
23271,46,20,False,0.8735690712928772,,,,,,
23274,38,25,False,0.8618302345275879,,,,,,
23277,43,39,True,0.9138792157173157,42.0,50.0,True,False,2.5,6.5
23278,41,29,False,0.5893523693084717,,,,,,
23280,51,23,False,0.8125646114349365,,,,,,
23281,42,27,False,0.6259537935256958,,,,,,
23283,56,26,False,0.8465980291366577,,,,,,
23285,43,21,False,0.6465967893600464,,,,,,
23286,36,24,True,0.7341868877410889,5.0,13.0,False,False,27.5,15.5
23287,48,27,False,0.6172617077827454,,,,,,
23289,69,18,False,0.6427372694015503,,,,,,
23290,31,29,False,0.7859840989112854,,,,,,
23292,64,13,False,0.8466889262199402,,,,,,
23293,17,34,False,0.8141729831695557,,,,,,
23296,79,31,False,0.7490600347518921,,,,,,
23299,45,27,False,0.6435783505439758,,,,,,
23302,43,32,False,0.7735530138015747,,,,,,
23303,38,29,True,0.9693387150764465,33.0,41.0,True,False,1.5,7.5
23304,40,20,False,0.6894433498382568,,,,,,
23305,40,41,False,0.5572487115859985,,,,,,
23311,47,22,False,0.6396798491477966,,,,,,
23313,45,25,False,0.8935303092002869,,,,,,
23317,17,28,True,0.8991324305534363,56.0,64.0,False,False,42.5,31.5
23318,37,24,False,0.8416606783866882,,,,,,
23324,75,22,False,0.5298337936401367,,,,,,
23327,45,26,False,0.5384390354156494,,,,,,
23335,39,33,False,0.6366310119628906,,,,,,
23338,43,2,False,0.844497561454773,,,,,,
23340,50,10,False,0.6342273354530334,,,,,,
23341,38,36,False,0.6867640018463135,,,,,,
23342,70,97,True,0.9257092475891113,58.0,66.0,False,False,8.5,35.5
23345,44,23,False,0.9566063284873962,,,,,,
23347,43,28,False,0.8536312580108643,,,,,,
23348,44,22,False,0.7533936500549316,,,,,,
23352,18,17,False,0.8539131283760071,,,,,,
23355,44,30,False,0.9694809913635254,,,,,,
23356,25,24,False,0.9808568954467773,,,,,,
23359,21,29,False,0.7149053812026978,,,,,,
23361,58,31,False,0.9513406753540039,,,,,,
23363,41,29,False,0.692085325717926,,,,,,
23364,20,19,False,0.9060840010643005,,,,,,
23369,62,36,False,0.7368884682655334,,,,,,
23371,48,22,False,0.9903202652931213,,,,,,
23373,38,24,False,0.9691039323806763,,,,,,
23376,39,25,False,0.9750353097915649,,,,,,
23377,42,32,False,0.6764112114906311,,,,,,
23378,82,21,False,0.7715057730674744,,,,,,
23379,25,26,False,0.7582312226295471,,,,,,
23380,55,28,False,0.5211048722267151,,,,,,
23383,45,15,False,0.604810893535614,,,,,,
23385,43,24,False,0.6263669729232788,,,,,,
23388,31,8,False,0.8097997307777405,,,,,,
23390,42,18,False,0.6868880391120911,,,,,,
23394,63,95,False,0.9145902395248413,,,,,,
23397,50,26,False,0.9380983710289001,,,,,,
23400,32,29,False,0.9319663047790527,,,,,,
23404,43,31,False,0.9756762981414795,,,,,,
23405,43,16,False,0.8023219108581543,,,,,,
23407,49,43,True,0.874090850353241,48.0,56.0,True,False,2.5,8.5
23408,23,31,False,0.6921128034591675,,,,,,
23412,45,12,False,0.6859347820281982,,,,,,
23414,49,21,False,0.8876240253448486,,,,,,
23417,39,21,False,0.9080559611320496,,,,,,
23418,61,28,True,0.8691253066062927,60.0,68.0,True,False,2.5,35.5
23419,63,26,True,0.834309995174408,9.0,17.0,False,False,50.5,13.5
23420,54,26,False,0.6007515788078308,,,,,,
23421,44,28,False,0.5289745330810547,,,,,,
23424,19,33,False,0.69141685962677,,,,,,
23425,41,22,False,0.7092598676681519,,,,,,
23438,36,29,False,0.5504277348518372,,,,,,
23440,38,28,False,0.7127525210380554,,,,,,
23442,51,31,True,0.9441431760787964,50.0,58.0,True,False,2.5,22.5
23444,37,25,False,0.5781062841415405,,,,,,
23445,96,22,False,0.7903033494949341,,,,,,
23449,52,16,False,0.9002546668052673,,,,,,
23451,54,31,False,0.9088146090507507,,,,,,
23452,51,41,False,0.5523039698600769,,,,,,
23454,51,31,False,0.8192868828773499,,,,,,
23457,53,22,False,0.6987537145614624,,,,,,
23461,45,34,False,0.6913890242576599,,,,,,
23462,91,21,False,0.6905646324157715,,,,,,
23463,48,28,False,0.7609137296676636,,,,,,
23465,46,44,False,0.5029963254928589,,,,,,
23466,96,100,False,0.784793496131897,,,,,,
23474,43,29,False,0.9102683663368225,,,,,,
23478,47,32,False,0.6479713916778564,,,,,,
23479,42,27,False,0.8860943913459778,,,,,,
23483,45,23,False,0.7908545136451721,,,,,,
23485,41,30,False,0.9545637369155884,,,,,,
23486,54,24,False,0.9690903425216675,,,,,,
23488,35,26,False,0.9260008335113525,,,,,,
23489,45,27,False,0.7746314406394958,,,,,,
23490,39,14,False,0.7462610006332397,,,,,,
23491,40,27,False,0.8808180093765259,,,,,,
23492,54,30,False,0.7487771511077881,,,,,,
23496,37,28,False,0.8983367085456848,,,,,,
23503,53,31,False,0.941152811050415,,,,,,
23504,30,26,False,0.7041904330253601,,,,,,
23509,89,99,False,0.9504983425140381,,,,,,
23510,22,19,False,0.991234540939331,,,,,,
23512,27,29,False,0.74903404712677,,,,,,
23514,43,5,False,0.8376662135124207,,,,,,
23515,37,30,False,0.6361242532730103,,,,,,
23517,87,23,False,0.8083852529525757,,,,,,
23519,30,27,False,0.9291741251945496,,,,,,
23522,61,23,False,0.6774776577949524,,,,,,
23525,31,27,False,0.7697874903678894,,,,,,
23526,44,12,False,0.5992133021354675,,,,,,
23531,16,15,False,0.9081677198410034,,,,,,
23537,42,27,False,0.8811205625534058,,,,,,
23540,84,96,False,0.604810357093811,,,,,,
23548,66,26,False,0.7157872915267944,,,,,,
23557,42,17,False,0.991266667842865,,,,,,
23558,42,15,False,0.6223568320274353,,,,,,
23561,41,20,False,0.9181999564170837,,,,,,
23562,42,33,False,0.5333840847015381,,,,,,
23564,31,33,False,0.6060659885406494,,,,,,
23565,36,33,False,0.6964342594146729,,,,,,
23569,96,29,False,0.8127097487449646,,,,,,
23570,49,30,True,0.9495401382446289,48.0,56.0,True,False,2.5,21.5
23571,40,27,False,0.7703099846839905,,,,,,
23572,38,27,False,0.6410592794418335,,,,,,
23578,51,27,False,0.6704732179641724,,,,,,
23585,42,28,False,0.691325306892395,,,,,,
23587,39,16,False,0.5601682662963867,,,,,,
23588,41,24,False,0.9320660829544067,,,,,,
23589,43,30,False,0.817471444606781,,,,,,
23591,12,8,False,0.8049172759056091,,,,,,
23592,15,30,False,0.6482084393501282,,,,,,
23593,10,30,False,0.6687753796577454,,,,,,
23594,52,20,False,0.8660148978233337,,,,,,
23595,54,25,False,0.8786618709564209,,,,,,
23598,26,21,False,0.8969743251800537,,,,,,
23599,33,25,False,0.7260362505912781,,,,,,
23602,33,25,False,0.9668880105018616,,,,,,
23604,57,34,False,0.5710139274597168,,,,,,
23606,58,26,True,0.946699857711792,57.0,65.0,True,False,2.5,34.5
23612,38,33,False,0.7119263410568237,,,,,,
23613,67,13,False,0.8740895986557007,,,,,,
23614,47,22,True,0.8862766027450562,68.0,76.0,False,False,24.5,49.5
23616,37,22,False,0.7137524485588074,,,,,,
23619,53,9,False,0.8104411363601685,,,,,,
23622,54,28,False,0.779044508934021,,,,,,
23627,73,28,False,0.9464634656906128,,,,,,
23630,48,43,False,0.5534436702728271,,,,,,
23631,27,33,False,0.5815582871437073,,,,,,
23635,21,17,False,0.9692506790161133,,,,,,
23638,45,30,False,0.635567307472229,,,,,,
23643,43,30,False,0.9472702741622925,,,,,,
23644,80,29,False,0.7881312370300293,,,,,,
23647,58,30,True,0.7591153979301453,57.0,65.0,True,False,2.5,30.5
23648,38,26,False,0.9754963517189026,,,,,,
23649,90,29,False,0.5689494609832764,,,,,,
23650,16,39,False,0.5760732293128967,,,,,,
23651,47,31,False,0.7462336421012878,,,,,,
23653,87,32,False,0.7063612341880798,,,,,,
23656,48,28,False,0.9111475944519043,,,,,,
23657,35,22,False,0.8709352612495422,,,,,,
23658,21,22,False,0.8800159692764282,,,,,,
23659,42,32,False,0.9035202264785767,,,,,,
23660,32,31,False,0.6836394667625427,,,,,,
23664,49,28,False,0.5705901980400085,,,,,,
23665,56,16,False,0.7100965976715088,,,,,,
23666,67,24,False,0.798757016658783,,,,,,
23668,45,19,False,0.8885971903800964,,,,,,
23669,63,13,False,0.6799367070198059,,,,,,
23672,67,26,False,0.8527427911758423,,,,,,
23674,84,94,False,0.8639082908630371,,,,,,
23679,12,24,False,0.7357445359230042,,,,,,
23681,36,23,False,0.568517804145813,,,,,,
23685,96,24,False,0.5768910646438599,,,,,,
23686,21,16,False,0.7846490144729614,,,,,,
23688,55,29,False,0.8048248291015625,,,,,,
23689,66,36,False,0.6287453174591064,,,,,,
23692,57,29,False,0.5024024248123169,,,,,,
23693,49,21,False,0.8537812232971191,,,,,,
23696,48,34,False,0.5738846063613892,,,,,,
23700,51,22,False,0.8668357729911804,,,,,,
23702,64,23,False,0.7956648468971252,,,,,,
23704,45,29,False,0.8792475461959839,,,,,,
23705,55,20,False,0.6819548010826111,,,,,,
23708,40,31,False,0.7624837756156921,,,,,,
23709,45,32,False,0.7029829621315002,,,,,,
23710,72,25,True,0.9115371108055115,70.0,78.0,True,False,1.5,48.5
23712,44,22,False,0.9339448809623718,,,,,,
23713,69,23,False,0.7061716318130493,,,,,,
23714,40,31,False,0.5282630920410156,,,,,,
23715,52,16,False,0.5076897144317627,,,,,,
23716,45,26,False,0.9927364587783813,,,,,,
23718,54,28,False,0.8776044249534607,,,,,,
23720,33,14,False,0.8940889239311218,,,,,,
23722,47,31,False,0.8872897028923035,,,,,,
23723,48,16,False,0.7890529632568359,,,,,,
23728,75,21,True,0.963409960269928,70.0,78.0,True,False,1.5,52.5
23729,94,28,False,0.5910661220550537,,,,,,
23732,44,23,False,0.7546827793121338,,,,,,
23735,42,34,False,0.6179885268211365,,,,,,
23739,57,23,True,0.9780770540237427,13.0,21.0,False,False,40.5,6.5
23740,95,18,False,0.8385776281356812,,,,,,
23745,39,27,False,0.5345035195350647,,,,,,
23750,47,25,False,0.6379097104072571,,,,,,
23751,42,19,False,0.9281537532806396,,,,,,
23755,30,30,False,0.5594375133514404,,,,,,
23757,47,21,False,0.5403125286102295,,,,,,
23758,19,23,False,0.8793967962265015,,,,,,
23759,55,36,True,0.5098971128463745,5.0,13.0,False,False,46.5,27.5
23761,56,26,False,0.7594094276428223,,,,,,
23763,12,45,True,0.8707731366157532,78.0,86.0,False,False,69.5,36.5
23765,30,26,False,0.6510186195373535,,,,,,
23768,49,24,False,0.8500545024871826,,,,,,
23770,46,33,False,0.8057714104652405,,,,,,
23771,27,28,True,0.937410295009613,25.0,33.0,True,True,1.5,0.5
23773,38,26,False,0.9533039927482605,,,,,,
23776,67,27,False,0.8784324526786804,,,,,,
23777,42,19,False,0.7211714386940002,,,,,,
23779,70,16,False,0.7109174728393555,,,,,,
23780,40,28,False,0.7741061449050903,,,,,,
23783,39,25,False,0.9857510328292847,,,,,,
23789,44,21,False,0.8136561512947083,,,,,,
23795,41,30,False,0.6702686548233032,,,,,,
23801,25,22,False,0.9933498501777649,,,,,,
23802,43,18,False,0.8910204172134399,,,,,,
23806,50,32,False,0.7735482454299927,,,,,,
23811,31,28,False,0.7802802324295044,,,,,,
23812,47,16,False,0.8352864980697632,,,,,,
23814,23,21,False,0.7056797742843628,,,,,,
23816,44,26,False,0.8407558798789978,,,,,,
23817,43,18,False,0.8621659278869629,,,,,,
23818,44,30,False,0.5727860927581787,,,,,,
23820,50,30,True,0.8099458813667297,29.0,37.0,False,True,17.5,2.5
23822,41,22,False,0.7999078631401062,,,,,,
23824,45,26,False,0.9916340112686157,,,,,,
23826,35,28,False,0.7810303568840027,,,,,,
23827,26,30,False,0.9907288551330566,,,,,,
23829,69,43,False,0.6096416115760803,,,,,,
23831,27,27,False,0.6335041522979736,,,,,,
23834,36,29,False,0.8438156843185425,,,,,,
23838,50,20,False,0.9259681105613708,,,,,,
23839,72,40,False,0.5742837190628052,,,,,,
23841,32,30,False,0.9456562995910645,,,,,,
23843,50,26,False,0.6745290160179138,,,,,,
23846,51,28,False,0.957344114780426,,,,,,
23850,39,26,False,0.5936597585678101,,,,,,
23852,22,24,False,0.5601275563240051,,,,,,
23857,43,7,False,0.7287765145301819,,,,,,
23861,47,21,False,0.8525274991989136,,,,,,
23863,48,29,False,0.8430356979370117,,,,,,
23864,30,23,False,0.838685154914856,,,,,,
23867,41,20,False,0.8779850602149963,,,,,,
23868,74,22,False,0.5947805643081665,,,,,,
23870,49,25,False,0.9756606221199036,,,,,,
23875,34,33,False,0.8664793372154236,,,,,,
23876,33,28,False,0.9388872385025024,,,,,,
23877,48,31,False,0.7485326528549194,,,,,,
23878,33,31,False,0.6815837621688843,,,,,,
23879,36,34,False,0.8863946199417114,,,,,,
23880,29,18,False,0.9252630472183228,,,,,,
23881,47,15,False,0.8980011940002441,,,,,,
23883,72,17,False,0.7468588352203369,,,,,,
23887,50,15,False,0.5018362402915955,,,,,,
23893,39,40,False,0.5705345869064331,,,,,,
23895,30,54,False,0.735681414604187,,,,,,
23896,53,21,False,0.7820234298706055,,,,,,
23897,34,31,False,0.9692191481590271,,,,,,
23898,17,37,False,0.606184184551239,,,,,,
23902,47,30,False,0.8517537713050842,,,,,,
23904,74,28,False,0.5797080397605896,,,,,,
23905,58,12,False,0.5747731924057007,,,,,,
23908,27,27,False,0.848251461982727,,,,,,
23915,57,20,False,0.8178877830505371,,,,,,
23918,52,25,False,0.5933681130409241,,,,,,
23919,28,26,False,0.7776551842689514,,,,,,
23922,38,24,False,0.9265969395637512,,,,,,
23924,42,31,False,0.7739298939704895,,,,,,
23925,41,21,False,0.8567290902137756,,,,,,
23926,45,30,False,0.7100541591644287,,,,,,
23933,41,31,False,0.8983911871910095,,,,,,
23936,60,26,False,0.8963926434516907,,,,,,
23939,60,20,False,0.7699535489082336,,,,,,
23942,83,23,False,0.8210967779159546,,,,,,
23944,36,26,False,0.8598299622535706,,,,,,
23947,26,24,False,0.5424772500991821,,,,,,
23948,62,29,False,0.9160344004631042,,,,,,
23949,66,14,False,0.773662269115448,,,,,,
23953,47,28,False,0.6604180932044983,,,,,,
23954,27,27,False,0.6070059537887573,,,,,,
23956,44,31,False,0.6648076176643372,,,,,,
23958,35,21,False,0.6306042671203613,,,,,,
23961,21,16,False,0.965377688407898,,,,,,
23965,43,20,False,0.6131507158279419,,,,,,
23967,52,30,False,0.6452241539955139,,,,,,
23975,76,24,False,0.9167747497558594,,,,,,
23978,54,22,False,0.8092683553695679,,,,,,
23979,42,30,False,0.9099161624908447,,,,,,
23983,14,32,True,0.9524365663528442,12.0,20.0,True,False,1.5,16.5
23986,43,31,False,0.5459349751472473,,,,,,
23987,44,28,False,0.8266175389289856,,,,,,
23989,16,36,False,0.6712138652801514,,,,,,
23992,31,22,False,0.9838504195213318,,,,,,
23993,36,27,False,0.7474463582038879,,,,,,
23994,46,22,False,0.5865600109100342,,,,,,
23995,45,2,False,0.8783358335494995,,,,,,
24004,37,17,False,0.5460039377212524,,,,,,
24005,39,31,False,0.8464763760566711,,,,,,
24007,42,23,False,0.9603419303894043,,,,,,
24009,34,33,False,0.9086320400238037,,,,,,
24022,48,19,False,0.9195556640625,,,,,,
24023,34,25,False,0.878895103931427,,,,,,
24029,59,28,True,0.9652548432350159,58.0,66.0,True,False,2.5,33.5
24031,77,28,False,0.5448420643806458,,,,,,
24035,46,23,False,0.7122628688812256,,,,,,
24041,37,32,True,0.9081169962882996,36.0,44.0,True,False,2.5,7.5
24042,47,30,False,0.7460742592811584,,,,,,
24044,54,31,False,0.5109278559684753,,,,,,
24046,51,23,False,0.51811683177948,,,,,,
24048,44,30,False,0.8433759212493896,,,,,,
24050,55,22,False,0.7036520838737488,,,,,,
24054,63,26,False,0.7303767800331116,,,,,,
24056,55,29,False,0.7622818946838379,,,,,,
24057,45,24,False,0.8017004132270813,,,,,,
24060,47,12,False,0.7034295797348022,,,,,,
24061,37,25,False,0.8578922152519226,,,,,,
24064,79,19,False,0.9592830538749695,,,,,,
24067,17,39,True,0.8501495122909546,17.0,25.0,True,False,3.5,18.5
24068,37,14,False,0.9122753143310547,,,,,,
24074,40,23,False,0.5933912992477417,,,,,,
24075,36,22,False,0.9842681288719177,,,,,,
24076,81,25,False,0.5589030385017395,,,,,,
24077,49,22,False,0.6992387771606445,,,,,,
24078,21,26,False,0.845231831073761,,,,,,
24079,30,28,False,0.856778085231781,,,,,,
24082,98,15,False,0.6207693219184875,,,,,,
24087,50,26,False,0.9665593504905701,,,,,,
24089,51,0,False,0.5418633222579956,,,,,,
24097,41,30,False,0.5771467685699463,,,,,,
24099,43,34,False,0.7752374410629272,,,,,,
24101,60,24,False,0.5467121005058289,,,,,,
24102,42,33,False,0.5497758984565735,,,,,,
24106,70,2,False,0.7417612671852112,,,,,,
24109,40,35,False,0.5955955982208252,,,,,,
24111,39,31,False,0.9129146337509155,,,,,,
24112,44,18,False,0.8495292663574219,,,,,,
24116,25,23,False,0.9876839518547058,,,,,,
24121,58,20,False,0.5137871503829956,,,,,,
24122,58,91,False,0.6733280420303345,,,,,,
24123,37,32,False,0.6122497916221619,,,,,,
24124,60,97,False,0.9214188456535339,,,,,,
24130,39,26,False,0.8163620829582214,,,,,,
24131,62,22,False,0.5325064659118652,,,,,,
24135,59,19,False,0.7524705529212952,,,,,,
24136,49,30,False,0.585911750793457,,,,,,
24139,34,27,False,0.7606033682823181,,,,,,
24148,68,92,False,0.5901476740837097,,,,,,
24150,86,16,False,0.6997966766357422,,,,,,
24151,58,17,False,0.5938467383384705,,,,,,
24155,96,28,False,0.5882655382156372,,,,,,
24163,98,19,False,0.8694762587547302,,,,,,
24167,60,27,False,0.9098820090293884,,,,,,
24171,39,28,False,0.9322846531867981,,,,,,
24172,22,16,False,0.9704113006591797,,,,,,
24174,53,20,False,0.8795655369758606,,,,,,
24175,28,23,False,0.9326369762420654,,,,,,
24177,23,23,False,0.9856446981430054,,,,,,
24179,62,26,False,0.6745394468307495,,,,,,
24182,36,26,False,0.5388920903205872,,,,,,
24184,54,29,False,0.8941664099693298,,,,,,
24185,22,20,False,0.9927048087120056,,,,,,
24186,78,24,False,0.8086163401603699,,,,,,
24188,25,29,False,0.9454428553581238,,,,,,
24191,59,27,False,0.7460945844650269,,,,,,
24192,43,23,False,0.6589503884315491,,,,,,
24196,72,30,False,0.5640228390693665,,,,,,
24200,47,34,False,0.8778514266014099,,,,,,
24211,35,32,True,0.9103869795799255,74.0,82.0,False,False,42.5,45.5
24213,20,22,False,0.7948790788650513,,,,,,
24214,28,24,False,0.9308934807777405,,,,,,
24215,46,30,False,0.577817440032959,,,,,,
24217,25,13,False,0.7393128871917725,,,,,,
24219,38,39,False,0.7070936560630798,,,,,,
24223,42,25,False,0.9809011816978455,,,,,,
24224,50,27,False,0.768652617931366,,,,,,
24227,49,22,False,0.6438926458358765,,,,,,
24233,64,16,False,0.8479127883911133,,,,,,
24234,32,31,False,0.8285754323005676,,,,,,
24235,47,16,False,0.7780779600143433,,,,,,
24238,47,2,False,0.7872414588928223,,,,,,
24239,54,33,False,0.6304336190223694,,,,,,
24241,65,21,False,0.8803689479827881,,,,,,
24242,20,29,False,0.8547026515007019,,,,,,
24243,45,26,False,0.9791435599327087,,,,,,
24245,78,26,False,0.5621328949928284,,,,,,
24247,56,27,False,0.6244056820869446,,,,,,
24248,53,39,False,0.7926480174064636,,,,,,
24251,53,26,False,0.6325488090515137,,,,,,
24253,80,30,False,0.5196844339370728,,,,,,
24254,72,32,False,0.5443626642227173,,,,,,
24255,47,23,False,0.9122329950332642,,,,,,
24262,45,22,False,0.9409283995628357,,,,,,
24263,34,24,False,0.9208742380142212,,,,,,
24265,43,29,False,0.9235526919364929,,,,,,
24266,35,22,False,0.981255292892456,,,,,,
24270,51,28,False,0.839771032333374,,,,,,
24274,28,37,False,0.7384935021400452,,,,,,
24278,44,25,False,0.941386878490448,,,,,,
24280,23,22,False,0.9889525175094604,,,,,,
24282,40,29,False,0.8894084692001343,,,,,,
24283,37,25,False,0.9686745405197144,,,,,,
24286,60,55,False,0.5165613889694214,,,,,,
24290,28,29,False,0.8542600274085999,,,,,,
24292,39,20,False,0.8385699987411499,,,,,,
24293,82,29,False,0.756127119064331,,,,,,
24294,40,23,False,0.9371387362480164,,,,,,
24295,45,27,False,0.9507839679718018,,,,,,
24296,98,29,False,0.5576441287994385,,,,,,
24301,60,28,True,0.9288152456283569,59.0,67.0,True,False,2.5,34.5
24302,43,29,True,0.930966317653656,26.0,34.0,False,True,13.5,0.5
24305,45,26,False,0.8121088147163391,,,,,,
24309,12,36,False,0.6150856614112854,,,,,,
24313,46,31,False,0.5806324481964111,,,,,,
24316,27,19,False,0.806430995464325,,,,,,
24318,40,19,False,0.828718364238739,,,,,,
24319,16,30,False,0.9591264128684998,,,,,,
24324,46,31,False,0.8363179564476013,,,,,,
24326,50,31,False,0.6749368906021118,,,,,,
24328,38,22,False,0.7211216688156128,,,,,,
24329,44,37,False,0.7498036623001099,,,,,,
24331,29,27,False,0.8008654117584229,,,,,,
24333,71,97,False,0.9462202787399292,,,,,,
24336,40,22,True,0.8836584687232971,39.0,47.0,True,False,2.5,20.5
24337,20,21,False,0.9805327653884888,,,,,,
24339,25,26,True,0.9711474776268005,25.0,33.0,True,True,3.5,2.5
24340,33,30,False,0.6371830701828003,,,,,,
24343,32,24,False,0.9490799307823181,,,,,,
24347,51,13,False,0.694167971611023,,,,,,
24349,59,20,False,0.5953854322433472,,,,,,
24351,48,27,False,0.7158465385437012,,,,,,
24355,52,7,False,0.8119913339614868,,,,,,
24370,45,30,False,0.9239646196365356,,,,,,
24372,44,25,False,0.8641960024833679,,,,,,
24376,27,25,False,0.8968842029571533,,,,,,
24380,35,22,False,0.9530277848243713,,,,,,
24381,35,26,False,0.8721712827682495,,,,,,
24388,46,22,False,0.9564263820648193,,,,,,
24391,63,37,False,0.7970046401023865,,,,,,
24395,49,17,False,0.939708948135376,,,,,,
24396,36,0,False,0.9431360960006714,,,,,,
24397,28,27,False,0.5384740233421326,,,,,,
24398,44,34,False,0.7483260631561279,,,,,,
24400,81,38,True,0.8329660892486572,80.0,88.0,True,False,2.5,45.5
24403,42,24,False,0.931747555732727,,,,,,
24407,38,29,False,0.9316902160644531,,,,,,
24412,63,13,False,0.857751727104187,,,,,,
24414,64,19,False,0.8450824618339539,,,,,,
24416,92,27,False,0.9200677275657654,,,,,,
24418,36,23,False,0.9949184060096741,,,,,,
24420,48,53,False,0.5669237971305847,,,,,,
24423,60,28,False,0.5456987023353577,,,,,,
24424,39,24,False,0.994519054889679,,,,,,
24426,37,23,False,0.9798285365104675,,,,,,
24427,44,27,False,0.5152003169059753,,,,,,
24428,65,29,False,0.8625333905220032,,,,,,
24431,31,55,False,0.5273269414901733,,,,,,
24433,38,31,False,0.6175019145011902,,,,,,
24434,33,30,True,0.8961375951766968,32.0,40.0,True,True,2.5,5.5
24438,21,33,False,0.5128390192985535,,,,,,
24439,71,17,False,0.5368111729621887,,,,,,
24440,39,19,False,0.5851156711578369,,,,,,
24441,25,24,False,0.9020125269889832,,,,,,
24442,38,23,False,0.8786971569061279,,,,,,
24443,50,24,True,0.7362340092658997,46.0,54.0,True,False,0.5,25.5
24444,27,24,False,0.9121441841125488,,,,,,
24445,48,26,False,0.7323192954063416,,,,,,
24447,75,34,True,0.871756374835968,68.0,76.0,True,False,3.5,37.5
24449,40,39,False,0.5339207053184509,,,,,,
24450,52,4,False,0.5867892503738403,,,,,,
24451,73,22,False,0.9523561000823975,,,,,,
24457,64,23,False,0.6231224536895752,,,,,,
24460,50,32,False,0.5501195788383484,,,,,,
24463,44,35,False,0.56132972240448,,,,,,
24465,41,21,False,0.637963056564331,,,,,,
24466,45,30,False,0.6321811079978943,,,,,,
24474,40,16,False,0.7264729738235474,,,,,,
24475,44,23,False,0.9765913486480713,,,,,,
24476,54,36,False,0.8680317997932434,,,,,,
24479,19,30,False,0.7418548464775085,,,,,,
24480,62,26,False,0.8678372502326965,,,,,,
24486,43,26,False,0.9777412414550781,,,,,,
24488,50,28,False,0.9108601212501526,,,,,,
24489,27,25,False,0.803807258605957,,,,,,
24490,44,25,False,0.9069130420684814,,,,,,
24493,46,36,False,0.5434924960136414,,,,,,
24495,49,23,False,0.7339915037155151,,,,,,
24496,46,29,False,0.7066258192062378,,,,,,
24497,16,31,False,0.5677420496940613,,,,,,
24498,42,43,False,0.5953234434127808,,,,,,
24501,71,25,False,0.8600759506225586,,,,,,
24502,59,32,False,0.5249161720275879,,,,,,
24508,39,35,False,0.6714252829551697,,,,,,
24516,57,28,False,0.7963913083076477,,,,,,
24517,44,28,False,0.6908750534057617,,,,,,
24520,17,13,False,0.9315823912620544,,,,,,
24522,26,27,False,0.9077116250991821,,,,,,
24524,58,22,False,0.6754226088523865,,,,,,
24526,53,27,False,0.8241469860076904,,,,,,
24527,45,26,False,0.8494516015052795,,,,,,
24528,34,30,False,0.8671777248382568,,,,,,
24529,44,31,False,0.6353151202201843,,,,,,
24533,41,20,False,0.8707379102706909,,,,,,
24535,54,22,False,0.9010472297668457,,,,,,
24538,21,24,False,0.8356906175613403,,,,,,
24539,51,41,False,0.6192921996116638,,,,,,
24545,42,36,False,0.8319346904754639,,,,,,
24546,32,27,False,0.9650362133979797,,,,,,
24554,40,31,False,0.7814985513687134,,,,,,
24555,20,16,False,0.9571385383605957,,,,,,
24556,58,22,False,0.9257102012634277,,,,,,
24558,39,24,False,0.7062880396842957,,,,,,
24561,63,22,False,0.9403645992279053,,,,,,
24565,50,15,False,0.6740737557411194,,,,,,
24566,41,34,False,0.5592764616012573,,,,,,
24567,50,40,False,0.7476882934570312,,,,,,
24574,25,25,False,0.986924409866333,,,,,,
24576,48,24,False,0.5557577013969421,,,,,,
24579,39,48,False,0.8058694005012512,,,,,,
24580,22,19,False,0.6569614410400391,,,,,,
24582,14,16,False,0.8686494827270508,,,,,,
24583,44,28,False,0.5756122469902039,,,,,,
24586,22,18,False,0.705417275428772,,,,,,
24599,39,24,False,0.969572126865387,,,,,,
24602,41,24,False,0.8068544268608093,,,,,,
24607,12,31,False,0.829927384853363,,,,,,
24609,42,26,True,0.9304865598678589,41.0,49.0,True,False,2.5,18.5
24613,41,29,False,0.7182626724243164,,,,,,
24614,79,25,False,0.8464055061340332,,,,,,
24616,39,27,False,0.7583292126655579,,,,,,
24618,36,30,True,0.9023758769035339,60.0,68.0,False,False,27.5,33.5
24620,41,37,True,0.898633599281311,39.0,47.0,True,True,1.5,5.5
24622,28,27,False,0.6388998627662659,,,,,,
24624,63,27,True,0.9327954649925232,55.0,63.0,True,False,4.5,31.5
24627,61,5,False,0.7553233504295349,,,,,,
24629,48,27,False,0.5682862997055054,,,,,,
24630,41,26,False,0.6447780132293701,,,,,,
24631,49,28,False,0.5499945282936096,,,,,,
24634,25,25,False,0.9168486595153809,,,,,,
24639,35,28,False,0.6815634965896606,,,,,,
24643,76,47,False,0.505789577960968,,,,,,
24645,52,15,False,0.865077018737793,,,,,,
24647,77,27,False,0.5957292318344116,,,,,,
24650,94,26,False,0.5238118767738342,,,,,,
24655,54,21,False,0.8819910287857056,,,,,,
24658,42,28,False,0.9306854009628296,,,,,,
24660,27,24,False,0.8290791511535645,,,,,,
24662,47,23,False,0.8841297626495361,,,,,,
24663,43,32,False,0.8524376749992371,,,,,,
24664,45,88,False,0.7190107107162476,,,,,,
24665,78,27,False,0.674759030342102,,,,,,
24666,51,15,False,0.6437698006629944,,,,,,
24668,56,26,False,0.9060446619987488,,,,,,
24669,38,28,False,0.9139994382858276,,,,,,
24670,39,31,False,0.5956326723098755,,,,,,
24672,47,24,False,0.6937382221221924,,,,,,
24673,50,24,False,0.8565322756767273,,,,,,
24676,65,27,False,0.6524990200996399,,,,,,
24678,68,32,False,0.6066892743110657,,,,,,
24679,39,29,False,0.8725187182426453,,,,,,
24680,48,31,False,0.9388105869293213,,,,,,
24682,23,21,False,0.8494372963905334,,,,,,
24683,39,30,False,0.806471586227417,,,,,,
24685,37,25,False,0.9695485830307007,,,,,,
24690,39,32,False,0.8865607976913452,,,,,,
24694,36,21,False,0.9949455857276917,,,,,,
24698,58,93,True,0.9721361994743347,57.0,65.0,True,False,2.5,32.5
24699,44,34,False,0.8082190155982971,,,,,,
24700,68,25,False,0.665652334690094,,,,,,
24704,43,24,False,0.8136895298957825,,,,,,
24705,42,23,False,0.8911230564117432,,,,,,
24706,51,27,False,0.7696241736412048,,,,,,
24707,23,24,True,0.947596549987793,21.0,29.0,True,True,1.5,0.5
24708,52,29,False,0.7547209858894348,,,,,,
24714,45,34,True,0.9263429641723633,44.0,52.0,True,False,2.5,13.5
24717,50,20,False,0.5244511961936951,,,,,,
24720,49,33,False,0.5949218273162842,,,,,,
24724,20,14,False,0.8306009769439697,,,,,,
24728,48,27,False,0.8115754127502441,,,,,,
24729,26,22,False,0.9518702626228333,,,,,,
24733,74,32,False,0.6732746958732605,,,,,,
24734,25,22,False,0.9545190334320068,,,,,,
24738,51,34,False,0.8118143081665039,,,,,,
24740,47,27,False,0.7680935859680176,,,,,,
24741,38,25,False,0.9798571467399597,,,,,,
24744,45,17,False,0.7710762619972229,,,,,,
24756,43,27,False,0.5304464101791382,,,,,,
24758,57,37,False,0.6344349384307861,,,,,,
24760,40,36,True,0.7069584131240845,39.0,47.0,True,False,2.5,6.5
24762,47,29,False,0.538754940032959,,,,,,
24763,27,23,False,0.9868378043174744,,,,,,
24764,35,21,False,0.5926716327667236,,,,,,
24765,31,25,False,0.9063853025436401,,,,,,
24767,32,33,False,0.8100342750549316,,,,,,
24771,42,20,False,0.843754768371582,,,,,,
24772,41,28,False,0.6898617744445801,,,,,,
24774,23,20,True,0.8093479871749878,17.0,25.0,True,True,2.5,0.5
24775,63,28,False,0.8127526640892029,,,,,,
24776,28,32,False,0.8543570637702942,,,,,,
24777,37,28,False,0.7434640526771545,,,,,,
24780,27,25,False,0.5647296905517578,,,,,,
24781,48,25,True,0.9228261709213257,47.0,55.0,True,False,2.5,25.5
24783,57,15,False,0.6661746501922607,,,,,,
24785,40,29,False,0.6902821660041809,,,,,,
24786,51,23,False,0.7528641223907471,,,,,,
24787,41,36,False,0.8051259517669678,,,,,,
24792,80,31,False,0.6672400832176208,,,,,,
24795,34,22,False,0.9693533182144165,,,,,,
24796,50,24,False,0.807215690612793,,,,,,
24802,48,23,False,0.8253535628318787,,,,,,
24803,51,28,False,0.5500813722610474,,,,,,
24804,45,21,False,0.6230334043502808,,,,,,
24805,41,27,False,0.7296010255813599,,,,,,
24809,53,17,False,0.6788492202758789,,,,,,
24811,23,25,False,0.9836503863334656,,,,,,
24813,53,17,False,0.8741486072540283,,,,,,
24818,45,11,False,0.8231747150421143,,,,,,
24819,66,27,False,0.6904547810554504,,,,,,
24825,59,23,False,0.8038653135299683,,,,,,
24828,41,29,False,0.936647891998291,,,,,,
24831,15,13,False,0.8703075647354126,,,,,,
24832,43,31,True,0.8742075562477112,87.0,95.0,False,False,47.5,59.5
24837,46,25,False,0.7339841723442078,,,,,,
24839,26,22,False,0.9889171123504639,,,,,,
24843,48,29,False,0.8863266110420227,,,,,,
24844,39,24,False,0.9926912188529968,,,,,,
24846,49,1,False,0.8073096871376038,,,,,,
24851,68,31,False,0.7273727655410767,,,,,,
24856,38,30,False,0.8450164794921875,,,,,,
24857,51,42,False,0.6282634139060974,,,,,,
24859,26,14,False,0.8399174213409424,,,,,,
24861,26,26,False,0.7605978846549988,,,,,,
24862,45,29,False,0.6537569761276245,,,,,,
24867,57,25,False,0.7041373252868652,,,,,,
24869,74,99,False,0.9225202798843384,,,,,,
24870,66,26,False,0.797614336013794,,,,,,
24871,43,29,False,0.8634853363037109,,,,,,
24872,23,28,False,0.8256946206092834,,,,,,
24875,20,28,True,0.9390107989311218,54.0,62.0,False,False,37.5,29.5
24876,33,32,False,0.7691210508346558,,,,,,
24879,53,25,False,0.8788756728172302,,,,,,
24880,20,22,False,0.9468232989311218,,,,,,
24881,52,31,False,0.7212226390838623,,,,,,
24882,46,29,False,0.6886096000671387,,,,,,
24884,51,16,False,0.9399067759513855,,,,,,
24888,58,0,False,0.5295602083206177,,,,,,
24889,16,16,False,0.9349907636642456,,,,,,
24890,66,1,False,0.6377389430999756,,,,,,
24892,20,17,False,0.9757990837097168,,,,,,
24894,41,30,False,0.6432662606239319,,,,,,
24897,25,26,True,0.962225615978241,23.0,31.0,True,True,1.5,0.5
24899,43,16,False,0.9104880690574646,,,,,,
24900,42,28,False,0.5562242269515991,,,,,,
24903,39,27,False,0.7221618890762329,,,,,,
24906,31,48,False,0.5884592533111572,,,,,,
24912,33,37,False,0.5299896001815796,,,,,,
24913,81,26,False,0.7573130130767822,,,,,,
24915,31,29,False,0.6026543974876404,,,,,,
24917,43,28,False,0.7072996497154236,,,,,,
24922,39,27,False,0.931103527545929,,,,,,
24923,50,30,False,0.8960860371589661,,,,,,
24927,44,27,False,0.6036859154701233,,,,,,
24929,62,28,False,0.5025160312652588,,,,,,
24930,21,17,False,0.8101661801338196,,,,,,
24932,54,21,False,0.9171532392501831,,,,,,
24933,31,29,False,0.8472805023193359,,,,,,
24940,59,4,False,0.7232162356376648,,,,,,
24944,23,30,False,0.9410026669502258,,,,,,
24947,37,26,False,0.630946159362793,,,,,,
24948,64,26,True,0.9379039406776428,62.0,70.0,True,False,1.5,39.5
24949,45,37,False,0.6240115761756897,,,,,,
24950,44,29,False,0.9406070113182068,,,,,,
24951,36,24,False,0.9741746187210083,,,,,,
24954,52,30,False,0.9687003493309021,,,,,,
24956,56,22,False,0.6045794486999512,,,,,,
24957,58,29,True,0.9117048382759094,57.0,65.0,True,False,2.5,31.5
24958,51,28,False,0.8754581212997437,,,,,,
24960,26,27,False,0.9805518388748169,,,,,,
24961,48,16,False,0.5921706557273865,,,,,,
24964,45,28,False,0.8197568655014038,,,,,,
24971,35,29,False,0.9454470872879028,,,,,,
24984,44,28,False,0.6029390692710876,,,,,,
24987,73,30,False,0.5452566742897034,,,,,,
24988,46,34,False,0.7878207564353943,,,,,,
24989,36,27,False,0.8108819723129272,,,,,,
24994,97,22,False,0.8988219499588013,,,,,,
24996,43,30,True,0.8270217180252075,42.0,50.0,True,False,2.5,15.5
24997,45,13,False,0.9186627268791199,,,,,,
24998,48,27,False,0.9550994634628296,,,,,,
24999,68,44,False,0.500066339969635,,,,,,
25002,44,40,False,0.8023439645767212,,,,,,
25004,46,24,False,0.7069903016090393,,,,,,
25005,27,31,False,0.8665938973426819,,,,,,
25006,18,26,False,0.9345340132713318,,,,,,
25011,40,28,False,0.9243596196174622,,,,,,
25012,47,26,False,0.6706340312957764,,,,,,
25014,39,24,False,0.9891698956489563,,,,,,
25020,46,21,False,0.9080343246459961,,,,,,
25021,42,30,False,0.8405368328094482,,,,,,
25023,48,1,False,0.7312549352645874,,,,,,
25024,43,24,False,0.846383273601532,,,,,,
25027,43,34,False,0.8925939798355103,,,,,,
25032,43,15,False,0.8805271983146667,,,,,,
25049,38,27,False,0.7679264545440674,,,,,,
25051,64,17,False,0.9061586856842041,,,,,,
25062,49,32,False,0.8947372436523438,,,,,,
25064,46,17,False,0.858638346195221,,,,,,
25068,63,100,False,0.8480693697929382,,,,,,
25070,40,26,False,0.7317864894866943,,,,,,
25071,42,31,False,0.6861239671707153,,,,,,
25074,48,27,False,0.8128664493560791,,,,,,
25077,41,36,True,0.9365184903144836,40.0,48.0,True,False,2.5,7.5
25078,40,29,False,0.904990553855896,,,,,,
25087,33,26,False,0.9137765765190125,,,,,,
25091,66,18,False,0.7727804183959961,,,,,,
25092,67,33,False,0.5055912137031555,,,,,,
25097,44,31,False,0.6156017184257507,,,,,,
25103,39,26,False,0.929521918296814,,,,,,
25105,38,27,False,0.9028961658477783,,,,,,
25107,29,27,False,0.9577347636222839,,,,,,
25108,15,13,False,0.7867238521575928,,,,,,
25112,58,32,False,0.8159815669059753,,,,,,
25115,77,95,False,0.7097371220588684,,,,,,
25116,39,19,False,0.7724952101707458,,,,,,
25118,61,36,False,0.5239617228507996,,,,,,
25122,35,24,False,0.9946494698524475,,,,,,
25123,43,32,False,0.5988481044769287,,,,,,
25124,49,24,False,0.9095682501792908,,,,,,
25127,27,31,False,0.6737173199653625,,,,,,
25128,49,22,False,0.7402873635292053,,,,,,
25130,27,24,False,0.9624454379081726,,,,,,
25131,44,28,False,0.646687924861908,,,,,,
25135,38,27,False,0.7033530473709106,,,,,,
25136,49,16,False,0.8675253391265869,,,,,,
25142,39,27,True,0.957567572593689,37.0,45.0,True,False,1.5,13.5
25143,36,31,False,0.7935324907302856,,,,,,
25146,97,30,False,0.5399441123008728,,,,,,
25148,28,29,False,0.6221411824226379,,,,,,
25151,23,21,False,0.7716150879859924,,,,,,
25152,35,51,False,0.7257013320922852,,,,,,
25153,71,34,False,0.614023745059967,,,,,,
25158,47,27,False,0.7347269058227539,,,,,,
25159,60,25,False,0.880852997303009,,,,,,
25161,47,37,False,0.5791867971420288,,,,,,
25162,95,36,False,0.6552528142929077,,,,,,
25164,42,19,False,0.95540851354599,,,,,,
25165,24,23,False,0.6785194873809814,,,,,,
25166,47,29,False,0.9356611967086792,,,,,,
25169,43,28,False,0.6494567394256592,,,,,,
25171,44,46,False,0.5517609119415283,,,,,,
25172,29,29,False,0.808110237121582,,,,,,
25175,42,21,False,0.5125161409378052,,,,,,
25176,52,12,False,0.9582026600837708,,,,,,
25183,29,28,False,0.6240189671516418,,,,,,
25187,42,24,False,0.6162686347961426,,,,,,
25192,41,24,False,0.5895942449569702,,,,,,
25193,42,28,False,0.734762966632843,,,,,,
25194,42,30,False,0.5459972023963928,,,,,,
25196,64,29,True,0.9438300132751465,60.0,68.0,True,False,0.5,34.5
25197,23,30,True,0.9561446309089661,66.0,74.0,False,False,46.5,39.5
25203,17,17,False,0.9641379117965698,,,,,,
25212,41,25,False,0.7698544859886169,,,,,,
25230,55,20,False,0.6788299083709717,,,,,,
25232,51,44,False,0.6582469940185547,,,,,,
25233,37,28,False,0.580675482749939,,,,,,
25235,46,33,True,0.8987972736358643,45.0,53.0,True,False,2.5,15.5
25236,54,27,False,0.9060466885566711,,,,,,
25237,60,27,False,0.8316226601600647,,,,,,
25238,62,23,False,0.7808257937431335,,,,,,
25239,25,23,False,0.9636357426643372,,,,,,
25240,30,26,False,0.9374603629112244,,,,,,
25241,47,29,False,0.7065653204917908,,,,,,
25248,35,27,False,0.9182475209236145,,,,,,
25249,33,22,False,0.9913569688796997,,,,,,
25250,50,35,False,0.5383124947547913,,,,,,
25251,36,18,True,0.9759087562561035,78.0,86.0,False,False,45.5,63.5
25255,46,22,False,0.6033928990364075,,,,,,
25258,62,39,False,0.6291471123695374,,,,,,
25259,24,22,False,0.9021169543266296,,,,,,
25263,45,27,False,0.8873292207717896,,,,,,
25266,61,25,True,0.9150141477584839,60.0,68.0,True,False,2.5,38.5
25267,60,19,False,0.9549221396446228,,,,,,
25268,38,27,False,0.9132359027862549,,,,,,
25271,48,24,False,0.9889911413192749,,,,,,
25272,40,36,False,0.5959487557411194,,,,,,
25273,17,18,False,0.9367331862449646,,,,,,
25274,63,25,False,0.8047870993614197,,,,,,
25276,46,20,False,0.5164273381233215,,,,,,
25277,42,30,False,0.7612279057502747,,,,,,
25278,96,22,False,0.9522905945777893,,,,,,
25279,75,24,False,0.8427482843399048,,,,,,
25281,56,16,False,0.7939121723175049,,,,,,
25284,48,26,False,0.8830807209014893,,,,,,
25286,45,28,False,0.5153542757034302,,,,,,
25287,67,18,False,0.7031592130661011,,,,,,
25291,60,19,False,0.8198941349983215,,,,,,
25296,45,32,False,0.7439795136451721,,,,,,
25298,59,22,False,0.9006190299987793,,,,,,
25303,45,18,False,0.9681023955345154,,,,,,
25304,43,30,False,0.709063708782196,,,,,,
25305,15,26,False,0.6888536810874939,,,,,,
25307,39,32,False,0.7103945016860962,,,,,,
25308,46,31,False,0.8725549578666687,,,,,,
25309,34,36,False,0.6854386925697327,,,,,,
25311,39,30,False,0.8782046437263489,,,,,,
25315,26,29,False,0.7859972715377808,,,,,,
25318,44,34,False,0.7304975986480713,,,,,,
25319,47,28,False,0.8628963232040405,,,,,,
25322,85,28,False,0.6584869623184204,,,,,,
25328,42,36,False,0.6907629370689392,,,,,,
25330,52,19,False,0.8945302963256836,,,,,,
25331,53,21,False,0.9136275053024292,,,,,,
25332,25,25,False,0.7660834789276123,,,,,,
25334,59,16,False,0.7402613759040833,,,,,,
25338,51,23,False,0.895264208316803,,,,,,
25340,63,18,False,0.7272383570671082,,,,,,
25341,41,27,False,0.8499364852905273,,,,,,
25344,24,20,True,0.9742789268493652,22.0,30.0,True,True,1.5,5.5
25346,40,32,False,0.5415487289428711,,,,,,
25350,38,26,False,0.86510169506073,,,,,,
25353,59,24,False,0.8840270638465881,,,,,,
25354,48,7,False,0.6433178186416626,,,,,,
25356,52,26,False,0.5473086833953857,,,,,,
25357,35,31,False,0.8141294717788696,,,,,,
25358,18,29,False,0.6267434358596802,,,,,,
25360,45,20,False,0.6195226311683655,,,,,,
25363,59,11,False,0.6213002800941467,,,,,,
25364,33,28,False,0.6329649090766907,,,,,,
25365,51,26,False,0.550869882106781,,,,,,
25367,19,15,False,0.8905826210975647,,,,,,
25371,29,25,False,0.9342425465583801,,,,,,
25372,43,27,False,0.9261881113052368,,,,,,
25373,52,20,False,0.9371275305747986,,,,,,
25374,43,25,False,0.9088625907897949,,,,,,
25377,26,23,False,0.9221838116645813,,,,,,
25379,29,32,False,0.8192338347434998,,,,,,
25382,21,5,False,0.9170820116996765,,,,,,
25383,48,16,False,0.7981333136558533,,,,,,
25390,45,33,False,0.7131171822547913,,,,,,
25391,62,30,False,0.6785945296287537,,,,,,
25400,55,28,False,0.5101079344749451,,,,,,
25401,45,27,False,0.778361439704895,,,,,,
25404,42,26,False,0.824813723564148,,,,,,
25405,59,32,False,0.5591274499893188,,,,,,
25406,39,27,False,0.6445742845535278,,,,,,
25409,41,25,False,0.6089343428611755,,,,,,
25410,48,27,False,0.5973814129829407,,,,,,
25413,33,30,True,0.9908678531646729,31.0,39.0,True,True,1.5,4.5
25417,51,29,False,0.529749870300293,,,,,,
25421,43,20,False,0.8753018975257874,,,,,,
25422,41,34,False,0.548190176486969,,,,,,
25424,43,34,False,0.5333045721054077,,,,,,
25436,48,24,False,0.790306031703949,,,,,,
25437,45,20,False,0.8848958015441895,,,,,,
25439,61,32,False,0.8749088048934937,,,,,,
25441,67,98,False,0.7699605822563171,,,,,,
25442,63,15,False,0.9229684472084045,,,,,,
25447,39,14,False,0.7367936968803406,,,,,,
25448,46,28,False,0.964800238609314,,,,,,
25453,41,33,False,0.8791319131851196,,,,,,
25454,34,22,False,0.9951366782188416,,,,,,
25455,33,25,True,0.9342113733291626,33.0,41.0,True,False,3.5,11.5
25457,47,28,False,0.9387227892875671,,,,,,
25458,44,24,False,0.5392154455184937,,,,,,
25461,47,39,False,0.816710889339447,,,,,,
25463,39,32,False,0.900877833366394,,,,,,
25465,45,27,False,0.8646506667137146,,,,,,
25467,51,26,False,0.7489597201347351,,,,,,
25468,70,25,False,0.7706658244132996,,,,,,
25476,27,24,False,0.976159930229187,,,,,,
25477,81,24,False,0.7488790154457092,,,,,,
25480,48,25,False,0.9114503264427185,,,,,,
25484,45,28,False,0.5675361752510071,,,,,,
25485,27,21,False,0.5781987905502319,,,,,,
25486,40,27,False,0.8080755472183228,,,,,,
25488,37,27,False,0.7828160524368286,,,,,,
25491,39,37,False,0.7760113477706909,,,,,,
25492,48,23,False,0.7561401128768921,,,,,,
25493,50,17,False,0.629477322101593,,,,,,
25494,47,31,False,0.8029089570045471,,,,,,
25496,46,26,False,0.6338568925857544,,,,,,
25497,41,25,False,0.99498450756073,,,,,,
25500,47,48,False,0.5836346745491028,,,,,,
25501,20,20,False,0.8902031779289246,,,,,,
25503,100,100,False,0.910313606262207,,,,,,
25504,49,29,False,0.5234052538871765,,,,,,
25508,57,22,False,0.9813918471336365,,,,,,
25510,52,15,False,0.7445679306983948,,,,,,
25512,75,31,False,0.9069465398788452,,,,,,
25513,50,41,False,0.6697124242782593,,,,,,
25514,58,30,False,0.6761369705200195,,,,,,
25517,41,11,False,0.8152057528495789,,,,,,
25518,26,22,False,0.982470691204071,,,,,,
25519,48,27,False,0.8746227025985718,,,,,,
25520,27,23,False,0.7606369256973267,,,,,,
25523,53,25,False,0.7129056453704834,,,,,,
25528,46,27,False,0.9229404926300049,,,,,,
25529,75,37,False,0.5266451239585876,,,,,,
25531,35,27,False,0.876794695854187,,,,,,
25532,43,28,False,0.8126234412193298,,,,,,
25533,50,25,False,0.6229390501976013,,,,,,
25535,40,14,False,0.6244310736656189,,,,,,
25536,38,40,False,0.7056581974029541,,,,,,
25537,28,27,False,0.7003852725028992,,,,,,
25539,49,30,False,0.6879587173461914,,,,,,
25541,43,18,True,0.9463596940040588,43.0,51.0,True,False,3.5,28.5
25542,36,30,False,0.5068997144699097,,,,,,
25543,47,21,False,0.6001737713813782,,,,,,
25550,73,25,True,0.9828412532806396,71.0,79.0,True,False,1.5,49.5
25551,38,31,False,0.5235626697540283,,,,,,
25557,35,27,False,0.5907428860664368,,,,,,
25559,66,26,False,0.8537710309028625,,,,,,
25561,37,27,False,0.8953269124031067,,,,,,
25562,40,45,False,0.8354210257530212,,,,,,
25564,45,26,False,0.9106144905090332,,,,,,
25566,84,32,False,0.7707967758178711,,,,,,
25570,43,28,False,0.8725236058235168,,,,,,
25579,26,25,False,0.8756074905395508,,,,,,
25580,20,20,False,0.7715701460838318,,,,,,
25581,63,23,False,0.7273871898651123,,,,,,
25582,34,23,False,0.7525160312652588,,,,,,
25584,38,21,False,0.8492985367774963,,,,,,
25586,50,25,True,0.8679120540618896,81.0,89.0,False,False,34.5,59.5
25587,50,34,True,0.958782434463501,49.0,57.0,True,False,2.5,18.5
25590,57,28,False,0.6918079257011414,,,,,,
25591,52,25,False,0.6557738780975342,,,,,,
25593,52,28,False,0.7511803507804871,,,,,,
25595,44,26,False,0.926809549331665,,,,,,
25600,20,32,False,0.8061662316322327,,,,,,
25603,62,32,False,0.8527505993843079,,,,,,
25605,36,41,False,0.8525055646896362,,,,,,
25607,72,24,False,0.5050943493843079,,,,,,
25611,35,22,False,0.9132939577102661,,,,,,
25613,44,16,False,0.8509180545806885,,,,,,
25614,38,30,False,0.6130820512771606,,,,,,
25615,39,45,False,0.5586273074150085,,,,,,
25616,44,30,False,0.875964343547821,,,,,,
25619,44,27,False,0.9092747569084167,,,,,,
25620,42,26,False,0.7914652228355408,,,,,,
25622,67,20,False,0.8748406171798706,,,,,,
25623,38,25,False,0.5892354249954224,,,,,,
25626,41,27,True,0.9257436990737915,13.0,21.0,False,False,24.5,10.5
25627,45,24,False,0.6580212712287903,,,,,,
25634,25,26,True,0.9262660145759583,23.0,31.0,True,True,1.5,0.5
25635,34,20,False,0.9171833992004395,,,,,,
25644,22,21,False,0.8410851359367371,,,,,,
25645,19,16,False,0.663576066493988,,,,,,
25647,44,1,False,0.6957635879516602,,,,,,
25650,38,26,False,0.6538876295089722,,,,,,
25652,41,24,False,0.9904217720031738,,,,,,
25654,36,26,False,0.9693314433097839,,,,,,
25656,61,8,False,0.7389853000640869,,,,,,
25659,39,43,False,0.5845305919647217,,,,,,
25662,21,15,False,0.8855013251304626,,,,,,
25664,33,20,False,0.8784934878349304,,,,,,
25666,88,27,False,0.8542150855064392,,,,,,
25677,38,29,False,0.9671104550361633,,,,,,
25678,47,32,False,0.8975609540939331,,,,,,
25683,38,24,False,0.9760631918907166,,,,,,
25684,66,26,False,0.8078821301460266,,,,,,
25686,100,14,False,0.9069494605064392,,,,,,
25691,49,50,True,0.7549063563346863,48.0,56.0,True,True,2.5,1.5
25693,44,8,False,0.5020626187324524,,,,,,
25694,45,10,False,0.9360041618347168,,,,,,
25696,27,27,False,0.9269635677337646,,,,,,
25698,48,26,False,0.8137630224227905,,,,,,
25700,62,26,False,0.8231235146522522,,,,,,
25701,79,22,False,0.6320620179176331,,,,,,
25704,45,15,False,0.7973380088806152,,,,,,
25706,46,34,False,0.6055165529251099,,,,,,
25710,39,29,False,0.8753394484519958,,,,,,
25715,44,37,False,0.6077580451965332,,,,,,
25716,39,18,False,0.9635655283927917,,,,,,
25717,36,18,False,0.5596804022789001,,,,,,
25720,49,28,False,0.5373204946517944,,,,,,
25723,44,25,False,0.9280524849891663,,,,,,
25724,75,31,False,0.7515637874603271,,,,,,
25726,15,13,False,0.9465705752372742,,,,,,
25729,42,22,False,0.8659501671791077,,,,,,
25730,42,34,False,0.8685533404350281,,,,,,
25731,24,28,False,0.5374345779418945,,,,,,
25732,42,16,False,0.9564294219017029,,,,,,
25733,19,28,False,0.9195346832275391,,,,,,
25737,63,26,False,0.7421737909317017,,,,,,
25738,50,3,False,0.8213677406311035,,,,,,
25740,19,29,False,0.9274437427520752,,,,,,
25742,36,24,False,0.8995212912559509,,,,,,
25743,74,21,False,0.9346932172775269,,,,,,
25745,88,36,False,0.809623122215271,,,,,,
25746,61,33,False,0.6667235493659973,,,,,,
25747,43,38,True,0.9351343512535095,42.0,50.0,True,False,2.5,7.5
25749,38,29,False,0.7010415196418762,,,,,,
25751,32,23,False,0.9736006259918213,,,,,,
25752,42,26,False,0.7211745977401733,,,,,,
25753,87,26,False,0.7924845814704895,,,,,,
25755,43,25,False,0.6901970505714417,,,,,,
25756,32,29,False,0.7124244570732117,,,,,,
25759,35,27,False,0.955977201461792,,,,,,
25760,35,26,True,0.9430130124092102,34.0,42.0,True,False,2.5,11.5
25763,20,28,False,0.9617547988891602,,,,,,
25766,44,18,False,0.9382338523864746,,,,,,
25767,59,13,False,0.566766619682312,,,,,,
25769,33,27,False,0.8720663785934448,,,,,,
25778,41,30,False,0.5016495585441589,,,,,,
25780,48,39,False,0.8055948615074158,,,,,,
25781,57,29,False,0.8011240363121033,,,,,,
25782,46,30,False,0.5493663549423218,,,,,,
25785,66,13,False,0.9781314730644226,,,,,,
25787,46,21,False,0.9053894281387329,,,,,,
25790,54,27,False,0.7084671854972839,,,,,,
25793,59,29,False,0.7027115225791931,,,,,,
25794,49,19,False,0.7530552744865417,,,,,,
25798,49,27,False,0.5850342512130737,,,,,,
